Date,SPY,EEM,AGG,VNQ
2004-09-29,75.28730773925781,12.359328269958496,51.8828010559082,19.877973556518555
2004-09-30,75.23347473144531,12.424148559570312,51.95872497558594,20.037471771240234
2004-10-01,76.50574493408203,12.661825180053711,51.86580276489258,20.40831756591797
2004-10-04,76.6336441040039,12.877899169921875,51.881046295166016,20.496042251586914
2004-10-05,76.67401885986328,12.782824516296387,51.87593078613281,20.492055892944336
2004-10-06,77.1990966796875,12.9304780960083,51.77953338623047,20.587749481201172
2004-10-07,76.37108612060547,12.820280075073242,51.77953338623047,20.376407623291016
2004-10-08,75.73834228515625,12.726644515991211,52.03339385986328,20.476102828979492
2004-10-11,76.04798889160156,12.792906761169434,52.0840950012207,20.39634895324707
2004-10-12,75.75178527832031,12.591241836547852,52.03339385986328,20.464153289794922
2004-10-13,75.0853500366211,12.420544624328613,52.10947036743164,20.515975952148438
2004-10-14,74.47946166992188,12.251285552978516,52.35823440551758,20.67548179626465
2004-10-15,74.89688110351562,12.41478157043457,52.261722564697266,20.886823654174805
2004-10-18,75.1795883178711,12.546585083007812,52.2160758972168,20.99846839904785
2004-10-19,74.54682159423828,12.486087799072266,52.241451263427734,20.886823654174805
2004-10-20,74.39868927001953,12.407578468322754,52.424224853515625,20.787132263183594
2004-10-21,74.8833999633789,12.586206436157227,52.292236328125,20.99846839904785
2004-10-22,74.04191589355469,12.49616813659668,52.41912841796875,20.831003189086914
2004-10-25,73.95442962646484,12.530022621154785,52.48005294799805,20.73131561279297
2004-10-26,75.0853500366211,12.575392723083496,52.327762603759766,20.92670249938965
2004-10-27,75.98738098144531,12.791467666625977,52.211002349853516,21.173931121826172
2004-10-28,76.21630096435547,12.728087425231934,52.271968841552734,21.185894012451172
2004-10-29,76.20282745361328,12.777783393859863,52.40900421142578,21.173931121826172
2004-11-01,76.4114761352539,12.872857093811035,52.2965087890625,21.38128089904785
2004-11-02,76.43839263916016,12.902381896972656,52.25068664550781,21.173931121826172
2004-11-03,77.40105438232422,13.090367317199707,52.362674713134766,21.389266967773438
2004-11-04,78.45796203613281,13.288435935974121,52.31684875488281,21.71225357055664
2004-11-05,78.94935607910156,13.338850021362305,52.18454360961914,21.12607192993164
2004-11-08,78.83491516113281,13.188323020935059,51.99617385864258,21.181896209716797
2004-11-09,78.68010711669922,13.273310661315918,52.118316650390625,21.26165199279785
2004-11-10,78.74063110351562,13.288435935974121,52.0572509765625,21.41318130493164
2004-11-11,79.33980560302734,13.43968677520752,52.10814666748047,21.58863639831543
2004-11-12,79.9658203125,13.666557312011719,52.16925048828125,22.011316299438477
2004-11-15,80.16226196289062,13.679519653320312,52.194671630859375,22.29044532775879
2004-11-16,79.58843231201172,13.523232460021973,52.14379119873047,22.154865264892578
2004-11-17,80.06102752685547,13.82861042022705,52.27610397338867,21.640480041503906
2004-11-18,80.16905212402344,13.853818893432617,52.2965087890625,21.60457992553711
2004-11-19,79.27784729003906,13.655755043029785,52.189605712890625,21.38128089904785
2004-11-22,79.65593719482422,13.709053993225098,52.27102279663086,21.52881622314453
2004-11-23,79.7774887084961,13.73282527923584,52.240482330322266,21.620534896850586
2004-11-24,79.96649932861328,13.879034996032715,52.291385650634766,21.995363235473633
2004-11-26,79.90571594238281,14.10951042175293,52.1386604309082,21.971435546875
2004-11-29,79.5411605834961,14.023078918457031,51.99617385864258,21.891695022583008
2004-11-30,79.5951919555664,14.049009323120117,52.021610260009766,22.011316299438477
2004-12-01,80.49989318847656,14.156320571899414,51.82661819458008,22.437978744506836
2004-12-02,80.56742858886719,14.13543701171875,51.923622131347656,22.24658203125
2004-12-03,80.5134048461914,14.199542045593262,52.224822998046875,22.5456485748291
2004-12-06,80.48638153076172,14.179369926452637,52.28097915649414,22.653301239013672
2004-12-07,79.7369155883789,13.961856842041016,52.35246658325195,22.366201400756836
2004-12-08,80.20281219482422,13.888391494750977,52.53118896484375,22.426013946533203
2004-12-09,80.48638153076172,13.662237167358398,52.45966339111328,22.589508056640625
2004-12-10,80.56742858886719,13.648554801940918,52.393367767333984,22.780912399291992
2004-12-13,81.26959991455078,13.85598373413086,52.469886779785156,22.71711540222168
2004-12-14,81.55313110351562,13.9834623336792,52.520938873291016,22.69717025756836
2004-12-15,81.61390686035156,14.177210807800293,52.63838577270508,22.74103355407715
2004-12-16,81.5666275024414,14.105904579162598,52.43412399291992,22.533681869506836
2004-12-17,81.0225830078125,14.073498725891113,52.30649948120117,22.78888702392578
2004-12-20,81.04293823242188,14.257159233093262,52.357601165771484,22.709144592285156
2004-12-21,81.66702270507812,14.394003868103027,52.357601165771484,22.968324661254883
2004-12-22,81.86376190185547,14.390402793884277,52.469886779785156,23.139583587646484
2004-12-23,81.9248275756836,14.488313674926758,52.495426177978516,22.964250564575195
2004-12-27,81.75520324707031,14.477378845214844,52.296302795410156,22.79299545288086
2004-12-28,82.20292663574219,14.552474021911621,52.2707633972168,22.87862205505371
2004-12-29,82.32504272460938,14.632660865783691,52.260562896728516,23.009098052978516
2004-12-30,82.16900634765625,14.59548568725586,52.36780548095703,23.11918830871582
2004-12-31,81.9926528930664,14.715778350830078,52.43638229370117,23.058027267456055
2005-01-03,81.6059799194336,14.562679290771484,52.43638229370117,22.78891944885254
2005-01-04,80.60882568359375,14.114313125610352,52.38520812988281,22.4464111328125
2005-01-05,80.05256652832031,13.941532135009766,52.36469650268555,21.700233459472656
2005-01-06,80.45955657958984,13.932052612304688,52.40058898925781,21.867420196533203
2005-01-07,80.34423065185547,13.959027290344238,52.38520812988281,21.818492889404297
2005-01-10,80.72413635253906,13.976523399353027,52.359580993652344,21.74916648864746
2005-01-11,80.16786193847656,13.950274467468262,52.431278228759766,21.52898597717285
2005-01-12,80.43244171142578,14.121603012084961,52.50809097290039,21.427043914794922
2005-01-13,79.78799438476562,14.063282012939453,52.636085510253906,21.427043914794922
2005-01-14,80.20858001708984,14.314797401428223,52.44664001464844,21.692079544067383
2005-01-18,81.04293823242188,14.289281845092773,52.584903717041016,21.90411376953125
2005-01-19,80.19502258300781,14.092437744140625,52.66170120239258,21.924495697021484
2005-01-20,79.70658874511719,13.91746711730957,52.73337936401367,21.855180740356445
2005-01-21,79.21817779541016,14.107020378112793,52.758995056152344,21.87556266784668
2005-01-24,79.0621566772461,14.085152626037598,52.769256591796875,21.700233459472656
2005-01-25,79.28600311279297,14.21273422241211,52.67707061767578,21.29248809814453
2005-01-26,79.52345275878906,14.420512199401855,52.651493072509766,21.22726058959961
2005-01-27,79.65911865234375,14.434361457824707,52.57971954345703,21.07638931274414
2005-01-28,79.65911865234375,14.447481155395508,52.758995056152344,21.1090030670166
2005-01-31,80.154296875,14.637765884399414,52.692413330078125,21.08453941345215
2005-02-01,80.6630859375,14.763163566589355,52.748409271240234,21.23948860168457
2005-02-02,80.90729522705078,14.809819221496582,52.78950119018555,21.475975036621094
2005-02-03,80.6969985961914,14.794510841369629,52.722721099853516,21.541217803955078
2005-02-04,81.5584716796875,15.025618553161621,52.943580627441406,21.83479118347168
2005-02-07,81.44998931884766,15.073007583618164,52.953857421875,21.761398315429688
2005-02-08,81.5449447631836,15.102169036865234,52.98470687866211,21.814414978027344
2005-02-09,80.93441009521484,15.053319931030273,53.128440856933594,21.953041076660156
2005-02-10,81.22608947753906,15.126227378845215,52.856327056884766,22.12021255493164
2005-02-11,81.9248275756836,15.273488998413086,52.928218841552734,22.185453414916992
2005-02-14,81.86376190185547,15.382848739624023,52.93846130371094,22.189525604248047
2005-02-15,82.16900634765625,15.419304847717285,52.83572006225586,22.287391662597656
2005-02-16,82.22329711914062,15.371916770935059,52.77406311035156,22.417871475219727
2005-02-17,81.5584716796875,15.346399307250977,52.748409271240234,22.401569366455078
2005-02-18,81.66702270507812,15.535223960876465,52.76383972167969,22.205839157104492
2005-02-22,80.45278930664062,15.478353500366211,52.61491012573242,21.569761276245117
2005-02-23,81.0293960571289,15.549802780151367,52.640533447265625,21.488210678100586
2005-02-24,81.56525421142578,15.791122436523438,52.589195251464844,21.5045108795166
2005-02-25,82.37251281738281,16.082012176513672,52.63544464111328,21.814414978027344
2005-02-28,81.829833984375,16.055028915405273,52.496707916259766,21.753246307373047
2005-03-01,82.23689270019531,16.10023307800293,52.45915222167969,21.981590270996094
2005-03-02,82.19613647460938,15.834860801696777,52.392181396484375,21.83479118347168
2005-03-03,82.23009490966797,15.878604888916016,52.43339157104492,21.953041076660156
2005-03-04,83.25440216064453,16.068159103393555,52.582801818847656,22.36486053466797
2005-03-07,83.29508209228516,16.173860549926758,52.59817886352539,22.470874786376953
2005-03-08,82.98302459716797,16.0506591796875,52.48492431640625,22.3444766998291
2005-03-09,82.06049346923828,15.958796501159668,52.16554260253906,21.71246910095215
2005-03-10,82.24366760253906,15.805700302124023,52.10374069213867,21.8592586517334
2005-03-11,81.66702270507812,15.716754913330078,52.144920349121094,21.6146183013916
2005-03-14,82.1758041381836,15.596463203430176,52.124366760253906,21.91634750366211
2005-03-15,81.49746704101562,15.207879066467285,52.13465118408203,21.88779640197754
2005-03-16,80.80551147460938,15.07884407043457,52.17073440551758,21.626840591430664
2005-03-17,80.96830749511719,15.353687286376953,52.16042709350586,21.855180740356445
2005-03-18,80.72792053222656,15.284432411193848,52.124366760253906,21.777711868286133
2005-03-21,80.42827606201172,15.063531875610352,52.124366760253906,21.630916595458984
2005-03-22,79.6111068725586,14.78503704071045,51.84104919433594,21.243560791015625
2005-03-23,79.67915344238281,14.59766960144043,51.908016204833984,21.206863403320312
2005-03-24,79.77450561523438,14.581631660461426,51.93891143798828,21.249784469604492
2005-03-28,79.89025115966797,14.682241439819336,51.8359260559082,21.14249610900879
2005-03-29,79.35910034179688,14.30240535736084,51.805015563964844,21.15074348449707
2005-03-30,80.4827651977539,14.628287315368652,51.959510803222656,21.43132972717285
2005-03-31,80.3329086303711,14.78503704071045,51.98527145385742,21.381820678710938
2005-04-01,79.9720230102539,14.872523307800293,52.29182815551758,21.39418601989746
2005-04-04,80.10823822021484,14.905326843261719,52.22976303100586,21.299299240112305
2005-04-05,80.48956298828125,14.90168285369873,52.126399993896484,21.249784469604492
2005-04-06,80.76880645751953,15.105815887451172,52.2607307434082,21.361190795898438
2005-04-07,81.20464324951172,15.258186340332031,52.198707580566406,21.555112838745117
2005-04-08,80.36017608642578,15.186007499694824,52.198707580566406,21.456092834472656
2005-04-11,80.42144775390625,15.040200233459473,52.29690170288086,21.476716995239258
2005-04-12,80.83689880371094,15.229754447937012,52.44160842895508,21.76555061340332
2005-04-13,79.88346862792969,14.926465034484863,52.513938903808594,21.790321350097656
2005-04-14,78.84146881103516,14.544449806213379,52.56049346923828,21.5839900970459
2005-04-15,77.7382583618164,14.23825454711914,52.74654769897461,21.744918823242188
2005-04-18,77.97660827636719,14.406660079956055,52.68453598022461,21.711912155151367
2005-04-19,78.59635162353516,14.647974967956543,52.75175094604492,21.819189071655273
2005-04-20,77.49991607666016,14.30240535736084,52.78794860839844,21.76555061340332
2005-04-21,79.00495910644531,14.714320182800293,52.65868377685547,21.761411666870117
2005-04-22,78.70530700683594,14.551734924316406,52.76721954345703,21.930601119995117
2005-04-25,79.22286987304688,14.827316284179688,52.74654769897461,22.16990852355957
2005-04-26,78.45332336425781,14.675678253173828,52.61736297607422,22.19879913330078
2005-04-27,78.75975036621094,14.542993545532227,52.834434509277344,22.37209701538086
2005-04-28,77.77230072021484,14.3111572265625,52.96879196166992,22.318462371826172
2005-04-29,78.82792663574219,14.6005859375,52.88093566894531,22.615543365478516
2005-05-02,79.27054595947266,14.697545051574707,52.882972717285156,22.599040985107422
2005-05-03,79.40676879882812,14.683699607849121,52.84670639038086,22.632047653198242
2005-05-04,80.0196762084961,15.083942413330078,52.903751373291016,22.65266990661621
2005-05-05,79.99242401123047,15.163412094116211,52.940040588378906,22.941509246826172
2005-05-06,79.74047088623047,15.20423412322998,52.74300765991211,22.65266990661621
2005-05-09,80.23760986328125,15.218086242675781,52.70151901245117,23.044660568237305
2005-05-10,79.40676879882812,14.876163482666016,52.75856399536133,23.044660568237305
2005-05-11,79.84260559082031,14.945422172546387,52.84670639038086,23.05703353881836
2005-05-12,78.9640884399414,14.690258979797363,52.97114944458008,22.825977325439453
2005-05-13,78.80746459960938,14.539350509643555,53.02302551269531,22.81771469116211
2005-05-16,79.54298400878906,14.71213150024414,52.945228576660156,22.925006866455078
2005-05-17,80.07416534423828,14.715778350830078,53.00742721557617,23.127172470092773
2005-05-18,80.8981704711914,15.0088529586792,53.14744186401367,23.354129791259766
2005-05-19,81.23870086669922,15.063531875610352,53.01785659790039,23.66359519958496
2005-05-20,81.1229248046875,15.025618553161621,52.95561981201172,23.713104248046875
2005-05-23,81.57239532470703,15.075197219848633,53.13189697265625,23.766738891601562
2005-05-24,81.3816909790039,15.03145694732666,53.225257873535156,23.4366512298584
2005-05-25,81.32041931152344,14.923553466796875,53.21486282348633,23.147804260253906
2005-05-26,81.75627899169922,15.09123420715332,53.20969772338867,23.048789978027344
2005-05-27,81.89247131347656,15.193299293518066,53.17340087890625,23.1684513092041
2005-05-31,81.36808776855469,15.062074661254883,53.31850814819336,23.41189193725586
2005-06-01,82.06273651123047,15.239954948425293,53.71292495727539,23.680084228515625
2005-06-02,82.23979949951172,15.355879783630371,53.676483154296875,23.597566604614258
2005-06-03,81.82440185546875,15.276407241821289,53.54123306274414,23.601688385009766
2005-06-06,81.74947357177734,15.430238723754883,53.55162811279297,23.779125213623047
2005-06-07,81.81073760986328,15.353687286376953,53.69215774536133,23.981306076049805
2005-06-08,81.66092681884766,15.295365333557129,53.59325408935547,24.080331802368164
2005-06-09,82.04910278320312,15.375560760498047,53.58803939819336,24.105087280273438
2005-06-10,81.85845947265625,15.419304847717285,53.37995910644531,24.055564880371094
2005-06-13,82.1172103881836,15.480542182922363,53.3331184387207,24.166975021362305
2005-06-14,82.30789184570312,15.54397201538086,53.2655029296875,24.36503028869629
2005-06-15,82.4645004272461,15.659889221191406,53.234283447265625,24.41868019104004
2005-06-16,82.67565155029297,15.799864768981934,53.39557647705078,24.443431854248047
2005-06-17,82.98196411132812,15.990143775939941,53.39557647705078,24.719890594482422
2005-06-20,83.00933837890625,15.845793724060059,53.275909423828125,24.699256896972656
2005-06-21,83.05720520019531,15.769244194030762,53.49441909790039,24.48881721496582
2005-06-22,83.12560272216797,15.917974472045898,53.723331451416016,24.451684951782227
2005-06-23,81.95633697509766,15.638018608093262,53.67129135131836,24.36503028869629
2005-06-24,81.35462188720703,15.583338737487793,53.7545280456543,24.315521240234375
2005-06-27,81.47085571289062,15.68175983428955,53.796173095703125,24.283815383911133
2005-06-28,82.15464782714844,15.799864768981934,53.64013671875,24.404796600341797
2005-06-29,81.93580627441406,15.708003997802734,53.61410140991211,24.48405647277832
2005-06-30,81.49137878417969,15.659889221191406,53.78573989868164,24.488235473632812
2005-07-01,81.73068237304688,15.716754913330078,53.59418487548828,24.696823120117188
2005-07-05,82.3870849609375,15.78674030303955,53.39584732055664,25.00969886779785
2005-07-06,81.69648742675781,15.71019458770752,53.479366302490234,24.947128295898438
2005-07-07,82.01786804199219,15.756126403808594,53.54717254638672,24.972156524658203
2005-07-08,82.95460510253906,15.920157432556152,53.45851135253906,25.397674560546875
2005-07-11,83.3785629272461,16.16292953491211,53.46375274658203,25.706390380859375
2005-07-12,83.59737396240234,16.355398178100586,53.437618255615234,25.70221710205078
2005-07-13,83.713623046875,16.344463348388672,53.36454772949219,25.552030563354492
2005-07-14,84.04185485839844,16.43851089477539,53.36454772949219,25.126516342163086
2005-07-15,83.99393463134766,16.348838806152344,53.39064407348633,25.230802536010742
2005-07-18,83.65892028808594,16.29852867126465,53.296688079833984,25.297550201416016
2005-07-19,84.1170425415039,16.48443603515625,53.322792053222656,25.489450454711914
2005-07-20,84.40422058105469,16.486623764038086,53.41152572631836,25.714731216430664
2005-07-21,83.91190338134766,16.66596794128418,53.13487243652344,25.35177993774414
2005-07-22,84.47259521484375,16.6265926361084,53.21316146850586,25.552030563354492
2005-07-25,84.2332534790039,16.48225212097168,53.21316146850586,25.552030563354492
2005-07-26,84.33586120605469,16.576295852661133,53.27056884765625,25.835712432861328
2005-07-27,84.6435317993164,16.66596794128418,53.239295959472656,25.90662384033203
2005-07-28,85.17687225341797,16.87375259399414,53.39584732055664,26.269573211669922
2005-07-29,84.60932922363281,16.86281394958496,53.22883605957031,26.23619270324707
2005-08-01,84.5478286743164,17.138391494750977,53.197967529296875,26.219514846801758
2005-08-02,85.05378723144531,17.442398071289062,53.08269500732422,26.407236099243164
2005-08-03,85.27941131591797,17.398664474487305,53.25552749633789,26.34467315673828
2005-08-04,84.5956802368164,17.245563507080078,53.20317840576172,25.898284912109375
2005-08-05,84.02128601074219,16.928428649902344,52.94135284423828,25.001359939575195
2005-08-08,83.86402130126953,17.044343948364258,52.93084716796875,24.100261688232422
2005-08-09,84.37005615234375,17.387720108032227,53.025123596191406,24.212894439697266
2005-08-10,84.32903289794922,17.573637008666992,53.030399322509766,24.446508407592773
2005-08-11,84.66409301757812,17.47521209716797,53.171791076660156,24.771907806396484
2005-08-12,84.14437103271484,17.289308547973633,53.323638916015625,24.751047134399414
2005-08-15,84.66409301757812,17.40959930419922,53.2764778137207,24.984676361083984
2005-08-16,83.56316375732422,17.107770919799805,53.40216827392578,25.13068389892578
2005-08-17,83.55635833740234,17.118709564208984,53.29216766357422,24.930450439453125
2005-08-18,83.54948425292969,16.803752899169922,53.43876647949219,24.763553619384766
2005-08-19,83.74093627929688,16.73814582824707,53.38645553588867,24.67595100402832
2005-08-22,83.74093627929688,16.945924758911133,53.433563232421875,24.751047134399414
2005-08-23,83.58367156982422,16.7862606048584,53.470252990722656,24.855344772338867
2005-08-24,82.83837890625,16.56755828857422,53.53831100463867,24.942956924438477
2005-08-25,83.13921356201172,16.753454208374023,53.53831100463867,24.972156524658203
2005-08-26,82.57172393798828,16.731582641601562,53.496429443359375,24.6634464263916
2005-08-29,83.2076187133789,16.915300369262695,53.51734161376953,24.667621612548828
2005-08-30,82.7699966430664,16.73814582824707,53.648292541503906,24.742713928222656
2005-08-31,83.81617736816406,17.085899353027344,53.85776901245117,25.172405242919922
2005-09-01,83.754638671875,17.322111129760742,53.93131637573242,25.397674560546875
2005-09-02,83.6042251586914,17.47521209716797,53.905025482177734,25.330921173095703
2005-09-06,84.5820083618164,17.69392204284668,53.799983978271484,25.873258590698242
2005-09-07,84.72563934326172,17.715795516967773,53.71064376831055,25.819026947021484
2005-09-08,84.44522094726562,17.687360763549805,53.70541000366211,25.65214729309082
2005-09-09,85.19740295410156,17.947629928588867,53.68962097167969,25.781476974487305
2005-09-12,85.02643585205078,17.92138671875,53.616004943847656,25.70221710205078
2005-09-13,84.55465698242188,17.720170974731445,53.74738693237305,25.506141662597656
2005-09-14,84.2469482421875,17.656742095947266,53.68962097167969,25.48528480529785
2005-09-15,84.2059097290039,17.759538650512695,53.55827713012695,25.49778938293457
2005-09-16,84.80467224121094,18.032930374145508,53.43742370605469,25.552030563354492
2005-09-19,84.52314758300781,18.006690979003906,53.4847297668457,25.35177993774414
2005-09-20,83.80901336669922,18.0548038482666,53.447940826416016,25.155717849731445
2005-09-21,83.02619934082031,18.22539520263672,53.568790435791016,24.600866317749023
2005-09-22,83.32146453857422,18.043867111206055,53.616004943847656,24.734359741210938
2005-09-23,83.39012145996094,18.02855682373047,53.5214958190918,24.755226135253906
2005-09-26,83.48626708984375,18.18821907043457,53.39017868041992,24.951868057250977
2005-09-27,83.46565246582031,18.06792449951172,53.353370666503906,24.888566970825195
2005-09-28,83.54808807373047,18.273513793945312,53.5004997253418,24.64804458618164
2005-09-29,84.22792053222656,18.595016479492188,53.379642486572266,25.108007431030273
2005-09-30,84.48884582519531,18.56439971923828,53.353370666503906,25.508886337280273
2005-10-03,84.18669128417969,18.682510375976562,53.172576904296875,25.432931900024414
2005-10-04,83.23910522460938,18.507537841796875,53.246337890625,25.002517700195312
2005-10-05,82.14723205566406,17.945444107055664,53.330684661865234,24.614286422729492
2005-10-06,81.85199737548828,17.317737579345703,53.293785095214844,24.580528259277344
2005-10-07,82.13353729248047,17.74641990661621,53.2410888671875,24.32733154296875
2005-10-10,81.43998718261719,17.687360763549805,53.30961990356445,24.015066146850586
2005-10-11,81.32325744628906,17.7639102935791,53.151485443115234,23.909574508666992
2005-10-12,80.68461608886719,17.219318389892578,53.13036346435547,23.47914695739746
2005-10-13,80.63654327392578,17.11214256286621,52.99335861206055,23.48337173461914
2005-10-14,81.48806762695312,17.046531677246094,52.97754669189453,24.027721405029297
2005-10-17,81.79019927978516,17.2346248626709,53.061893463134766,24.1669864654541
2005-10-18,80.9044189453125,16.797197341918945,53.040794372558594,23.93488883972168
2005-10-19,82.25023651123047,17.125268936157227,53.13569259643555,24.204957962036133
2005-10-20,80.80137634277344,16.43631935119629,53.14620590209961,23.820959091186523
2005-10-21,81.11721801757812,16.87375259399414,53.2726936340332,24.0488224029541
2005-10-24,82.37388610839844,17.32867431640625,53.16204071044922,24.5383243560791
2005-10-25,82.20905303955078,16.98748207092285,53.00389099121094,24.437055587768555
2005-10-26,81.96875,17.04871940612793,52.79301452636719,24.188077926635742
2005-10-27,81.09664916992188,16.64409828186035,52.914276123046875,23.926448822021484
2005-10-28,82.26402282714844,17.081523895263672,52.82992935180664,24.64804458618164
2005-10-31,82.49061584472656,17.387720108032227,52.82462692260742,24.774639129638672
2005-11-01,82.73778533935547,17.69392204284668,52.842647552490234,24.226057052612305
2005-11-02,83.60301208496094,17.967315673828125,52.795005798339844,24.449705123901367
2005-11-03,83.96011352539062,17.987001419067383,52.61515426635742,24.377975463867188
2005-11-04,83.85025024414062,17.949817657470703,52.66802215576172,24.23871421813965
2005-11-07,83.9326171875,17.962942123413086,52.6733283996582,24.35265350341797
2005-11-08,83.9326171875,17.794532775878906,52.85316848754883,24.285139083862305
2005-11-09,84.04247283935547,18.06136131286621,52.715667724609375,24.559417724609375
2005-11-10,84.69480895996094,18.08979606628418,52.90084457397461,25.141752243041992
2005-11-11,84.98321533203125,18.129159927368164,52.95372009277344,25.243038177490234
2005-11-14,84.93515014648438,18.08104705810547,52.773860931396484,25.22193145751953
2005-11-15,84.62618255615234,17.97825050354004,52.84796142578125,25.209278106689453
2005-11-16,84.79784393310547,18.131351470947266,52.96961975097656,25.06580924987793
2005-11-17,85.58751678466797,18.39818000793457,52.985450744628906,25.479345321655273
2005-11-18,85.9239730834961,18.4484806060791,52.96430206298828,25.572179794311523
2005-11-21,86.3565673828125,18.459421157836914,53.13364028930664,25.698772430419922
2005-11-22,86.72740173339844,18.4506778717041,53.27116775512695,26.027931213378906
2005-11-23,87.22868347167969,18.645326614379883,53.23417282104492,26.14185333251953
2005-11-25,87.2973403930664,18.632211685180664,53.28179931640625,26.23046112060547
2005-11-28,86.67935943603516,18.51409912109375,53.20769500732422,25.943527221679688
2005-11-29,86.58319091796875,18.35006332397461,53.13364028930664,25.960412979125977
2005-11-30,86.11626434326172,18.393808364868164,53.02253723144531,25.804275512695312
2005-12-01,86.99518585205078,18.874971389770508,52.947654724121094,26.17984390258789
2005-12-02,87.10506439208984,18.853107452392578,52.947654724121094,26.049028396606445
2005-12-05,86.91964721679688,19.00620460510254,52.97418212890625,25.95197105407715
2005-12-06,87.08447265625,19.18117332458496,53.06448745727539,25.867576599121094
2005-12-07,86.57632446289062,18.999645233154297,52.99540328979492,25.732534408569336
2005-12-08,86.52141571044922,18.857479095458984,53.26626968383789,25.926645278930664
2005-12-09,86.74800109863281,19.049951553344727,53.085723876953125,25.994159698486328
2005-12-12,86.8304214477539,19.15930938720703,52.97418212890625,26.011051177978516
2005-12-13,87.42095184326172,19.410823822021484,53.17601013183594,26.137643814086914
2005-12-14,87.76427459716797,19.28178596496582,53.31937026977539,26.18826675415039
2005-12-15,87.51020812988281,19.203048706054688,53.26626968383789,25.98995018005371
2005-12-16,87.22856140136719,19.137434005737305,53.2609977722168,26.082782745361328
2005-12-19,86.77986145019531,19.093690872192383,53.30344009399414,25.74098014831543
2005-12-20,86.86270904541016,19.257722854614258,53.31937026977539,25.774742126464844
2005-12-21,87.00074768066406,19.57048797607422,53.31937026977539,25.930870056152344
2005-12-22,87.45635223388672,19.57485580444336,53.43621826171875,26.07855796813965
2005-12-23,87.50469207763672,19.69162940979004,53.574283599853516,26.167179107666016
2005-12-27,86.61417388916016,19.472686767578125,53.71238708496094,26.04888343811035
2005-12-28,86.80748748779297,19.525768280029297,53.522605895996094,26.018537521362305
2005-12-29,86.4208755493164,19.527976989746094,53.559913635253906,25.884197235107422
2005-12-30,85.95144653320312,19.51692008972168,53.62389373779297,25.810537338256836
2006-01-03,87.46326446533203,20.246732711791992,53.6505241394043,26.33055877685547
2006-01-04,87.87747955322266,20.430286407470703,53.77845764160156,26.525558471679688
2006-01-05,87.9327163696289,20.534229278564453,53.77845764160156,26.729246139526367
2006-01-06,88.6644287109375,20.96327018737793,53.65579605102539,26.980587005615234
2006-01-09,88.8922348022461,21.1689395904541,53.71452331542969,27.210268020629883
2006-01-10,88.98196411132812,20.91461181640625,53.607872009277344,27.374940872192383
2006-01-11,89.2650146484375,21.160093307495117,53.57057189941406,27.41828155517578
2006-01-12,88.91291046142578,20.865962982177734,53.709171295166016,27.34026336669922
2006-01-13,88.83008575439453,20.888084411621094,53.85845184326172,27.002254486083984
2006-01-17,88.58850860595703,20.523170471191406,53.88506317138672,26.893909454345703
2006-01-18,88.23641204833984,20.512117385864258,53.94905471801758,26.889568328857422
2006-01-19,88.57469177246094,21.17557716369629,53.869083404541016,27.227598190307617
2006-01-20,86.95933532714844,20.5452938079834,53.895751953125,26.963254928588867
2006-01-23,87.26996612548828,21.14240837097168,53.895751953125,27.084596633911133
2006-01-24,87.3597183227539,21.474138259887695,53.805179595947266,27.28826141357422
2006-01-25,87.43566131591797,21.48519515991211,53.671875,27.305612564086914
2006-01-26,87.91886138916016,21.993850708007812,53.50659942626953,27.3966007232666
2006-01-27,88.73345184326172,22.2459659576416,53.5759162902832,27.704294204711914
2006-01-30,88.6644287109375,22.142019271850586,53.58123779296875,27.6826171875
2006-01-31,88.0155029296875,22.287986755371094,53.59188461303711,27.756282806396484
2006-02-01,88.62992858886719,22.276931762695312,53.44264221191406,27.886295318603516
2006-02-02,87.6013412475586,21.704139709472656,53.48006820678711,27.6912784576416
2006-02-03,87.16642761230469,21.407791137695312,53.62989044189453,27.448604583740234
2006-02-06,87.39421081542969,21.91644859313965,53.61918258666992,27.552616119384766
2006-02-07,86.62108612060547,21.341447830200195,53.581790924072266,27.33592987060547
2006-02-08,87.40802764892578,21.407791137695312,53.554954528808594,27.214590072631836
2006-02-09,87.26309204101562,21.463085174560547,53.587066650390625,27.344615936279297
2006-02-10,87.42185974121094,21.429908752441406,53.4747428894043,27.370601654052734
2006-02-13,87.26309204101562,20.90134620666504,53.51218795776367,27.40959930419922
2006-02-14,88.1880874633789,21.429908752441406,53.42656707763672,27.56128692626953
2006-02-15,88.4987564086914,21.319334030151367,53.48542785644531,27.803956985473633
2006-02-16,89.16148376464844,21.87221908569336,53.43189239501953,27.990304946899414
2006-02-17,88.91984558105469,21.84346580505371,53.65129852294922,28.2893123626709
2006-02-21,88.69894409179688,21.65106201171875,53.45333480834961,28.254650115966797
2006-02-22,89.23741149902344,21.768274307250977,53.66736602783203,28.57099151611328
2006-02-23,89.1062240600586,21.76163673400879,53.635231018066406,28.523317337036133
2006-02-24,89.33403778076172,21.80365562438965,53.678009033203125,28.371644973754883
2006-02-27,89.36854553222656,22.00269889831543,53.56566619873047,28.375980377197266
2006-02-28,88.5194091796875,21.429908752441406,53.678009033203125,28.271976470947266
2006-03-01,89.30643463134766,22.022600173950195,53.679630279541016,28.43665313720703
2006-03-02,89.29955291748047,22.040294647216797,53.54541015625,28.401987075805664
2006-03-03,88.88531494140625,21.673173904418945,53.43792724609375,28.245973587036133
2006-03-06,88.47802734375,21.341447830200195,53.14257049560547,28.757333755493164
2006-03-07,88.33995819091797,20.58951759338379,53.27685546875,28.410646438598633
2006-03-08,88.5263671875,20.711153030395508,53.3037109375,28.558002471923828
2006-03-09,87.9327163696289,20.501052856445312,53.23390579223633,28.792003631591797
2006-03-10,88.76798248291016,20.932308197021484,53.25539779663086,29.05201530456543
2006-03-13,88.93364715576172,20.91019630432129,53.35205841064453,28.861339569091797
2006-03-14,89.86557006835938,21.562599182128906,53.52928161621094,29.06935691833496
2006-03-15,90.26595306396484,21.8125,53.38430404663086,29.619693756103516
2006-03-16,90.45235443115234,21.61788558959961,53.60982131958008,29.927383422851562
2006-03-17,90.52788543701172,21.770483016967773,53.49164581298828,30.19607925415039
2006-03-20,90.38235473632812,21.894332885742188,53.47020721435547,29.68783187866211
2006-03-21,89.81402587890625,21.4520206451416,53.330562591552734,29.343475341796875
2006-03-22,90.3615493774414,21.68865394592285,53.42727279663086,29.40886878967285
2006-03-23,90.17438507080078,21.487407684326172,53.38430404663086,29.48731231689453
2006-03-24,90.24369812011719,21.673173904418945,53.475582122802734,29.443742752075195
2006-03-27,90.1120376586914,21.80587387084961,53.518531799316406,29.10375213623047
2006-03-28,89.55757904052734,21.407791137695312,53.38430404663086,29.426315307617188
2006-03-29,90.11896514892578,21.816926956176758,53.27685546875,29.975509643554688
2006-03-30,89.9595718383789,21.92750358581543,53.0351676940918,29.543994903564453
2006-03-31,89.98033142089844,21.894332885742188,53.212406158447266,29.605012893676758
2006-04-03,89.91107177734375,22.51357078552246,53.16011047363281,29.095048904418945
2006-04-04,90.48628234863281,22.646255493164062,53.23017501831055,28.894535064697266
2006-04-05,90.79817962646484,22.87847328186035,53.267921447753906,29.051450729370117
2006-04-06,90.7011489868164,22.76126480102539,53.22479248046875,28.93375587463379
2006-04-07,89.77938079833984,22.41404914855957,53.046871185302734,28.497873306274414
2006-04-10,89.91799926757812,22.336647033691406,52.99834442138672,28.227642059326172
2006-04-11,89.15559387207031,22.146453857421875,53.10615158081055,28.15789222717285
2006-04-12,89.32196807861328,22.274715423583984,53.05766296386719,28.15789222717285
2006-04-13,89.2041244506836,22.38087272644043,52.9498405456543,27.787385940551758
2006-04-17,89.16949462890625,22.646255493164062,53.03611755371094,27.708948135375977
2006-04-18,90.58332824707031,23.398191452026367,52.99834442138672,28.384553909301758
2006-04-19,90.75658416748047,23.541929244995117,53.046871185302734,28.73325538635254
2006-04-20,90.88133239746094,23.45789909362793,52.96600341796875,28.763755798339844
2006-04-21,90.89521026611328,23.64145851135254,52.96061325073242,28.768125534057617
2006-04-24,90.72888946533203,23.33184051513672,53.16011047363281,28.619918823242188
2006-04-25,90.35462188720703,23.01116943359375,52.982200622558594,28.401981353759766
2006-04-26,90.37540435791016,23.464534759521484,52.89057922363281,28.314809799194336
2006-04-27,90.81204223632812,23.09520149230957,53.014522552490234,28.493520736694336
2006-04-28,91.11700439453125,23.32078742980957,53.1331787109375,28.598127365112305
2006-05-01,90.37540435791016,23.314146041870117,52.924781799316406,28.2537841796875
2006-05-02,91.05463409423828,23.725492477416992,52.97892761230469,27.966100692749023
2006-05-03,90.71502685546875,23.752037048339844,52.94104766845703,28.01841163635254
2006-05-04,91.040771484375,23.98424530029297,52.913978576660156,28.415056228637695
2006-05-05,91.84471893310547,24.37127113342285,53.011375427246094,28.781200408935547
2006-05-08,91.73379516601562,24.548198699951172,53.04926300048828,28.907602310180664
2006-05-09,91.91400909423828,24.570310592651367,53.022212982177734,28.894535064697266
2006-05-10,91.86552429199219,24.3049259185791,52.962650299072266,28.78992462158203
2006-05-11,90.75658416748047,23.685688018798828,52.930206298828125,28.258146286010742
2006-05-12,89.57147216796875,23.066455841064453,52.81653594970703,27.90073585510254
2006-05-15,89.75165557861328,22.51357078552246,52.849037170410156,28.28428840637207
2006-05-16,89.6199722290039,22.62635040283203,53.108821868896484,28.17531967163086
2006-05-17,87.91502380371094,21.850101470947266,52.957218170166016,27.647907257080078
2006-05-18,87.47147369384766,21.429908752441406,53.17915725708008,27.434326171875
2006-05-19,88.08827209472656,21.892114639282227,53.16831970214844,27.499706268310547
2006-05-22,87.4160385131836,20.861543655395508,53.17915725708008,27.425615310668945
2006-05-23,86.75070190429688,20.633758544921875,53.033016204833984,27.124853134155273
2006-05-24,87.44376373291016,20.489999771118164,53.04385757446289,27.168447494506836
2006-05-25,88.52489471435547,21.361352920532227,53.038455963134766,27.678428649902344
2006-05-26,88.97542572021484,21.297212600708008,53.26578140258789,28.009687423706055
2006-05-30,87.39522552490234,20.379423141479492,53.14667510986328,27.778667449951172
2006-05-31,88.37246704101562,20.72220802307129,53.027584075927734,27.82662010192871
2006-06-01,89.21800994873047,21.14682388305664,52.98578643798828,28.33660125732422
2006-06-02,89.4051284790039,21.363557815551758,53.39325714111328,28.663511276245117
2006-06-05,88.1021728515625,20.456829071044922,53.21940612792969,28.8029842376709
2006-06-06,87.8873291015625,20.306440353393555,53.36069869995117,28.45864486694336
2006-06-07,87.22895050048828,19.85970687866211,53.1922492980957,28.659154891967773
2006-06-08,87.15267944335938,19.50586700439453,53.37154006958008,28.598127365112305
2006-06-09,86.87545013427734,19.251535415649414,53.447608947753906,28.78555679321289
2006-06-12,85.93289184570312,18.534992218017578,53.28459930419922,28.44121742248535
2006-06-13,84.93488311767578,18.123645782470703,53.436729431152344,28.149185180664062
2006-06-14,85.5932846069336,18.64335823059082,53.23570251464844,27.9094295501709
2006-06-15,87.40908813476562,19.729225158691406,53.1487922668457,28.493520736694336
2006-06-16,86.77215576171875,19.616437911987305,53.116214752197266,28.436853408813477
2006-06-19,86.08992767333984,18.88662338256836,52.974891662597656,28.24070930480957
2006-06-20,86.38230895996094,19.118839263916016,53.00749969482422,28.092504501342773
2006-06-21,87.02273559570312,19.738073348999023,53.02376174926758,28.419424057006836
2006-06-22,86.63990783691406,19.384225845336914,52.79558181762695,28.21891212463379
2006-06-23,86.6259536743164,19.35104751586914,52.82281494140625,28.00533103942871
2006-06-26,87.00884246826172,19.35104751586914,52.67067337036133,28.304006576538086
2006-06-27,86.25702667236328,18.986143112182617,52.817359924316406,28.27317237854004
2006-06-28,86.84174346923828,19.581052780151367,52.76300811767578,28.35687828063965
2006-06-29,88.5959701538086,20.744319915771484,52.947750091552734,28.986831665039062
2006-06-30,88.60295104980469,20.766443252563477,52.942291259765625,29.20709991455078
2006-07-03,88.96493530273438,21.2264461517334,53.0230598449707,29.748947143554688
2006-07-05,88.45677185058594,20.567399978637695,52.86484909057617,29.700496673583984
2006-07-06,88.7143325805664,20.98760223388672,52.9139518737793,29.77097511291504
2006-07-07,88.13654327392578,20.58951759338379,53.110328674316406,29.647619247436523
2006-07-10,88.30360412597656,20.755382537841797,53.159427642822266,29.881105422973633
2006-07-11,88.69344329833984,20.85490608215332,53.246726989746094,29.9295654296875
2006-07-12,87.74674224853516,20.390480041503906,53.27941131591797,30.008859634399414
2006-07-13,86.31964874267578,19.583269119262695,53.32310485839844,29.60357093811035
2006-07-14,85.98552703857422,19.68277931213379,53.394012451171875,29.198280334472656
2006-07-17,85.8602066040039,19.3731689453125,53.27941131591797,29.198280334472656
2006-07-18,86.29877471923828,19.642980575561523,53.24125289916992,29.638811111450195
2006-07-19,87.49610137939453,20.85490608215332,53.44852828979492,30.09697151184082
2006-07-20,86.89747619628906,20.255577087402344,53.503116607666016,29.850263595581055
2006-07-21,86.28487396240234,19.861915588378906,53.47037124633789,29.361284255981445
2006-07-24,87.85810089111328,20.755382537841797,53.552188873291016,29.84585952758789
2006-07-25,88.1713638305664,20.81068229675293,53.50856018066406,30.00005531311035
2006-07-26,88.28970336914062,20.72220802307129,53.541255950927734,30.105762481689453
2006-07-27,88.20613861083984,21.007505416870117,53.62856674194336,30.008859634399414
2006-07-28,89.09024810791016,21.458662033081055,53.74310302734375,30.44498634338379
2006-07-31,88.99974822998047,21.25298309326172,53.67765426635742,30.34365463256836
2006-08-01,88.56118774414062,20.91019630432129,53.80857849121094,30.18507957458496
2006-08-02,89.15987396240234,21.186635971069336,53.83046340942383,30.127782821655273
2006-08-03,89.39654541015625,21.164522171020508,53.841426849365234,30.41415786743164
2006-08-04,89.24339294433594,21.20874786376953,54.01123809814453,30.89433479309082
2006-08-07,89.03457641601562,21.0760555267334,54.01673889160156,30.59036636352539
2006-08-08,88.69344329833984,21.0760555267334,54.01673889160156,30.13661003112793
2006-08-09,88.39413452148438,21.155672073364258,54.06056594848633,29.951589584350586
2006-08-10,88.66560363769531,21.372404098510742,54.03313446044922,29.97361946105957
2006-08-11,88.41497039794922,21.113649368286133,53.940032958984375,29.788589477539062
2006-08-14,88.4846420288086,21.19770050048828,53.879764556884766,30.07493782043457
2006-08-15,89.542724609375,21.717409133911133,54.01123809814453,30.41856575012207
2006-08-16,90.28758239746094,21.929719924926758,54.192020416259766,30.475828170776367
2006-08-17,90.51728057861328,21.96068000793457,54.19749450683594,30.431764602661133
2006-08-18,90.97674560546875,21.752796173095703,54.235836029052734,30.568340301513672
2006-08-21,90.58692169189453,21.640003204345703,54.36732864379883,30.74454689025879
2006-08-22,90.57996368408203,21.633365631103516,54.37830352783203,30.96039581298828
2006-08-23,90.32931518554688,21.24192237854004,54.356327056884766,30.722515106201172
2006-08-24,90.25273132324219,21.184431076049805,54.35089874267578,30.84145164489746
2006-08-25,90.36414337158203,21.244140625,54.40562438964844,30.819433212280273
2006-08-28,90.79576873779297,21.48519515991211,54.356327056884766,31.185056686401367
2006-08-29,90.90016174316406,21.55817413330078,54.37830352783203,31.18947982788086
2006-08-30,90.95588684082031,21.65106201171875,54.46042251586914,31.374509811401367
2006-08-31,90.94196319580078,21.589141845703125,54.53164291381836,31.400924682617188
2006-09-01,91.48490905761719,21.830202102661133,54.53878402709961,31.220312118530273
2006-09-05,91.6589584350586,21.94961929321289,54.472782135009766,31.537490844726562
2006-09-06,90.8514175415039,21.319334030151367,54.48380661010742,31.38772201538086
2006-09-07,90.4337387084961,21.0760555267334,54.46727752685547,31.132219314575195
2006-09-08,90.69134521484375,21.248563766479492,54.53878402709961,31.42736053466797
2006-09-11,90.7818374633789,20.790773391723633,54.50028610229492,31.528684616088867
2006-09-12,91.67286682128906,21.14682388305664,54.63227462768555,31.933977127075195
2006-09-13,92.04183197021484,21.463085174560547,54.67628479003906,32.114585876464844
2006-09-14,92.0488052368164,21.286157608032227,54.59929656982422,31.94278335571289
2006-09-15,92.26483917236328,21.41221809387207,54.58281707763672,32.19828796386719
2006-09-18,92.39068603515625,21.653270721435547,54.571773529052734,31.969209671020508
2006-09-19,92.15994262695312,21.319334030151367,54.698280334472656,32.20709228515625
2006-09-20,92.64939880371094,21.757217407226562,54.75879669189453,32.13661193847656
2006-09-21,92.20191192626953,21.2264461517334,54.99528884887695,31.779788970947266
2006-09-22,91.92223358154297,20.956634521484375,55.028228759765625,31.863494873046875
2006-09-25,92.62842559814453,21.19990348815918,55.138240814208984,31.911521911621094
2006-09-26,93.39754486083984,21.449810028076172,55.13273239135742,31.83591651916504
2006-09-27,93.5093765258789,21.401155471801758,55.11072540283203,32.116085052490234
2006-09-28,93.47443389892578,21.57366371154785,55.12726974487305,32.049381256103516
2006-09-29,93.39754486083984,21.401155471801758,55.083274841308594,32.01823425292969
2006-10-02,93.04792022705078,21.365772247314453,55.13511657714844,31.955984115600586
2006-10-03,93.24371337890625,21.0760555267334,55.12412643432617,32.26728820800781
2006-10-04,94.33441925048828,21.640003204345703,55.339473724365234,32.64082717895508
2006-10-05,94.5162124633789,21.92750358581543,55.168270111083984,32.85427474975586
2006-10-06,94.3973388671875,21.87221908569336,54.963985443115234,32.64970779418945
2006-10-09,94.45327758789062,21.790390014648438,55.0799446105957,32.836490631103516
2006-10-10,94.57916259765625,21.987218856811523,54.864559173583984,32.840919494628906
2006-10-11,94.46731567382812,21.87000274658203,54.8038330078125,32.716426849365234
2006-10-12,95.28532409667969,22.40298843383789,54.85903549194336,33.01436996459961
2006-10-13,95.53005981445312,22.535682678222656,54.72100067138672,33.392364501953125
2006-10-16,95.67683410644531,22.597610473632812,54.809356689453125,33.463523864746094
2006-10-17,95.3761978149414,22.301259994506836,54.892154693603516,33.35232162475586
2006-10-18,95.50205993652344,22.52019691467285,54.95840072631836,33.52130889892578
2006-10-19,95.65586853027344,22.619726181030273,54.93083572387695,33.4412841796875
2006-10-20,95.67683410644531,22.51357078552246,54.914249420166016,33.39680480957031
2006-10-23,96.11739349365234,22.493661880493164,54.75410842895508,33.596920013427734
2006-10-24,96.40399169921875,22.62193489074707,54.81486511230469,33.42348098754883
2006-10-25,96.73265075683594,22.885103225708008,54.94743347167969,33.59248352050781
2006-10-26,97.03328704833984,22.940393447875977,55.13511657714844,33.925987243652344
2006-10-27,96.42500305175781,22.557796478271484,55.245628356933594,33.699195861816406
2006-10-30,96.35506439208984,22.480388641357422,55.256614685058594,33.89043426513672
2006-10-31,96.3410873413086,22.91164779663086,55.46100997924805,33.94823455810547
2006-11-01,95.6908187866211,22.6816463470459,55.55638885498047,33.68586349487305
2006-11-02,95.63493347167969,22.75241470336914,55.49533462524414,33.04550552368164
2006-11-03,95.46710205078125,22.82318687438965,55.20698165893555,32.68083572387695
2006-11-06,96.54387664794922,23.36501693725586,55.20698165893555,32.983238220214844
2006-11-07,96.91444396972656,23.26549530029297,55.34563064575195,32.62302780151367
2006-11-08,97.12416076660156,23.325204849243164,55.49533462524414,32.734222412109375
2006-11-09,96.61378479003906,23.404827117919922,55.51200866699219,32.78312683105469
2006-11-10,96.65572357177734,23.4379940032959,55.63398742675781,32.91653060913086
2006-11-13,96.89350128173828,23.517610549926758,55.56742858886719,32.99658966064453
2006-11-14,97.62065124511719,23.88473129272461,55.645103454589844,33.41459274291992
2006-11-15,97.90027618408203,23.92896270751953,55.539737701416016,33.454620361328125
2006-11-16,98.15198516845703,23.68790054321289,55.48978042602539,33.6814079284668
2006-11-17,98.17993927001953,23.661359786987305,55.63398742675781,33.552452087402344
2006-11-20,98.23591613769531,23.56847381591797,55.67287826538086,34.71312713623047
2006-11-21,98.33377075195312,23.94443702697754,55.744964599609375,35.2734260559082
2006-11-22,98.529541015625,24.112518310546875,55.82258224487305,35.429073333740234
2006-11-24,98.13103485107422,24.108083724975586,55.83917999267578,35.58026123046875
2006-11-27,96.78157043457031,23.65252113342285,55.81146240234375,34.619728088378906
2006-11-28,97.20105743408203,23.78963279724121,55.961181640625,34.71312713623047
2006-11-29,98.21491241455078,24.174440383911133,55.87804412841797,35.2022705078125
2006-11-30,98.25688934326172,24.28280258178711,56.04996109008789,35.57137680053711
2006-12-01,98.04012298583984,24.183292388916016,56.15463638305664,35.504661560058594
2006-12-04,98.78822326660156,24.687519073486328,56.21030807495117,35.918235778808594
2006-12-05,99.21473693847656,25.1187686920166,56.176856994628906,35.64252853393555
2006-12-06,99.13084411621094,24.94626808166504,56.1323127746582,35.44243621826172
2006-12-07,98.6973876953125,24.857803344726562,56.08222579956055,35.224525451660156
2006-12-08,98.87918090820312,24.74723243713379,55.965354919433594,35.34014892578125
2006-12-11,99.1657943725586,24.758289337158203,55.954166412353516,35.42018508911133
2006-12-12,99.08888244628906,24.459726333618164,56.110103607177734,35.260093688964844
2006-12-13,99.19377136230469,24.592422485351562,55.937469482421875,35.0777587890625
2006-12-14,100.06771087646484,25.01262092590332,55.859493255615234,35.10444259643555
2006-12-15,100.07688903808594,25.123201370239258,55.84834671020508,34.84207534790039
2006-12-18,99.8027114868164,24.948474884033203,55.88180160522461,34.624168395996094
2006-12-19,99.99254608154297,24.791465759277344,55.92072296142578,34.330665588378906
2006-12-20,99.9363021850586,25.06578254699707,55.89846420288086,34.69086837768555
2006-12-21,99.57069396972656,25.020931243896484,56.00985336303711,34.406272888183594
2006-12-22,98.95902252197266,25.110645294189453,55.95975112915039,34.10427474975586
2006-12-26,99.54257202148438,25.34391975402832,55.943016052246094,34.34914016723633
2006-12-27,100.19642639160156,25.705045700073242,55.791603088378906,34.657493591308594
2006-12-28,99.98551177978516,25.655704498291016,55.71895217895508,34.752708435058594
2006-12-29,99.57069396972656,25.60859489440918,55.71335220336914,34.915950775146484
2007-01-03,99.3948974609375,25.826171875,55.83070755004883,34.97037124633789
2007-01-04,99.60588073730469,25.469528198242188,55.94808578491211,35.01571273803711
2007-01-05,98.81134796142578,24.72484588623047,55.90892791748047,34.36726379394531
2007-01-08,99.26835632324219,24.904287338256836,55.94242477416992,34.417152404785156
2007-01-09,99.18402099609375,24.348018646240234,55.94242477416992,34.852447509765625
2007-01-10,99.51443481445312,24.291946411132812,55.88100814819336,35.3013916015625
2007-01-11,99.95037841796875,24.599233627319336,55.774818420410156,35.75938034057617
2007-01-12,100.70970153808594,25.099430084228516,55.696617126464844,35.872745513916016
2007-01-16,100.5128402709961,25.18915557861328,55.76923751831055,36.380619049072266
2007-01-17,100.55504608154297,25.083724975585938,55.73569869995117,36.36699676513672
2007-01-18,100.21749877929688,24.819047927856445,55.813941955566406,36.32164764404297
2007-01-19,100.41439819335938,25.265419006347656,55.791603088378906,36.68441390991211
2007-01-22,100.10504913330078,25.23624610900879,55.81951141357422,36.37608337402344
2007-01-23,100.40029907226562,25.810462951660156,55.71335220336914,36.54838943481445
2007-01-24,101.20885467529297,26.034770965576172,55.696617126464844,37.024513244628906
2007-01-25,100.02066040039062,25.234010696411133,55.62392044067383,37.25122833251953
2007-01-26,99.92926025390625,25.388774871826172,55.61836624145508,37.37367630004883
2007-01-29,99.87301635742188,25.052324295043945,55.54574966430664,37.49608612060547
2007-01-30,100.39325714111328,25.440370559692383,55.629512786865234,37.682029724121094
2007-01-31,101.06820678710938,25.63776206970215,55.67424774169922,37.9813117980957
2007-02-01,101.67293548583984,25.951784133911133,55.7039680480957,38.13093566894531
2007-02-02,101.81352233886719,25.873268127441406,55.78253936767578,38.1989631652832
2007-02-05,101.84165954589844,25.897937774658203,55.87226486206055,38.1989631652832
2007-02-06,101.86978149414062,26.153656005859375,55.9788703918457,38.76123046875
2007-02-07,102.09475708007812,26.052715301513672,56.046226501464844,39.57290267944336
2007-02-08,101.9611587524414,25.91364288330078,56.07984161376953,39.269126892089844
2007-02-09,101.20186614990234,25.604110717773438,55.950801849365234,38.81565856933594
2007-02-12,100.8573226928711,25.429149627685547,55.89469909667969,38.112815856933594
2007-02-13,101.70806884765625,25.832897186279297,55.88914108276367,38.851951599121094
2007-02-14,102.3759765625,26.38917350769043,56.102317810058594,38.57533264160156
2007-02-15,102.50960540771484,26.404869079589844,56.18081283569336,38.86099624633789
2007-02-16,102.46038055419922,26.465431213378906,56.220096588134766,38.76123046875
2007-02-20,102.6783218383789,26.53497314453125,56.2481689453125,39.060508728027344
2007-02-21,102.63613891601562,26.613475799560547,56.24256896972656,38.93354415893555
2007-02-22,102.55879974365234,26.546184539794922,56.13035202026367,38.7249755859375
2007-02-23,102.15803527832031,26.355531692504883,56.26497268676758,38.04932403564453
2007-02-26,102.06659698486328,26.34430694580078,56.38843536376953,37.85887145996094
2007-02-27,98.08016967773438,24.202224731445312,56.618412017822266,36.68441390991211
2007-02-28,99.08558654785156,24.807828903198242,56.579158782958984,36.95649337768555
2007-03-01,98.79023742675781,24.451183319091797,56.57013702392578,36.58466720581055
2007-03-02,97.49658966064453,24.224655151367188,56.68843460083008,36.004249572753906
2007-03-05,96.56852722167969,23.603334426879883,56.654640197753906,34.60306930541992
2007-03-06,98.22075653076172,24.639606475830078,56.61521911621094,35.872745513916016
2007-03-07,98.12232971191406,24.489322662353516,56.6602783203125,35.36941909790039
2007-03-08,98.95198822021484,25.121862411499023,56.60956954956055,35.936222076416016
2007-03-09,98.98014068603516,25.166723251342773,56.451866149902344,36.4123649597168
2007-03-12,99.12771606445312,25.290088653564453,56.6264762878418,36.593727111816406
2007-03-13,97.20125579833984,24.55437660217285,56.77291488647461,35.73216247558594
2007-03-14,97.9254379272461,24.756248474121094,56.705360412597656,35.904483795166016
2007-03-15,98.05905151367188,24.95811653137207,56.64337921142578,36.22643280029297
2007-03-16,97.78447723388672,24.745031356811523,56.64896011352539,35.82286071777344
2007-03-19,98.96327209472656,25.287843704223633,56.60956954956055,36.18107986450195
2007-03-20,99.50679016113281,25.453821182250977,56.66587448120117,36.326194763183594
2007-03-21,101.14448547363281,26.216449737548828,56.7391357421875,36.76603317260742
2007-03-22,101.0667495727539,26.10429573059082,56.632102966308594,36.802330017089844
2007-03-23,101.21502685546875,26.225421905517578,56.55320358276367,36.825008392333984
2007-03-26,101.08087158203125,26.20972442626953,56.519466400146484,36.23529052734375
2007-03-27,100.84092712402344,26.09309196472168,56.53075408935547,35.856746673583984
2007-03-28,100.10680389404297,25.626544952392578,56.55890655517578,35.619590759277344
2007-03-29,100.21269226074219,26.135711669921875,56.46878433227539,35.67888259887695
2007-03-30,100.2338638305664,26.1312198638916,56.46878433227539,36.189674377441406
2007-04-02,100.34677124023438,26.310659408569336,56.541709899902344,36.41770935058594
2007-04-03,101.42678833007812,26.74131965637207,56.48521041870117,36.73696517944336
2007-04-04,101.53970336914062,26.909557342529297,56.547359466552734,36.55454635620117
2007-04-05,101.81497192382812,26.934226989746094,56.496456146240234,36.5180549621582
2007-04-09,101.9561767578125,27.08899688720703,56.281620025634766,36.58646774291992
2007-04-10,102.0761947631836,27.21685028076172,56.366416931152344,36.73696517944336
2007-04-11,101.65969848632812,26.965625762939453,56.33250427246094,36.189674377441406
2007-04-12,102.1114730834961,27.416475296020508,56.400352478027344,35.94341278076172
2007-04-13,102.57734680175781,27.551044464111328,56.30987548828125,36.34931945800781
2007-04-16,103.55145263671875,27.878530502319336,56.42296600341797,36.39493179321289
2007-04-17,103.82669830322266,27.72825050354004,56.58695602416992,36.869224548339844
2007-04-18,103.953857421875,27.521888732910156,56.67177963256836,36.64118576049805
2007-04-19,103.92555236816406,27.299829483032227,56.64912414550781,36.39493179321289
2007-04-20,104.90670776367188,27.625062942504883,56.62089538574219,36.66856002807617
2007-04-23,104.51140594482422,27.515167236328125,56.67741394042969,37.079036712646484
2007-04-24,104.55380249023438,27.510677337646484,56.7056770324707,36.828182220458984
2007-04-25,105.5137939453125,27.851627349853516,56.72829818725586,36.80537414550781
2007-04-26,105.63377380371094,27.777606964111328,56.62089538574219,36.828182220458984
2007-04-27,105.54904174804688,27.638526916503906,56.609561920166016,36.73696517944336
2007-04-30,104.67378997802734,27.104686737060547,56.80181121826172,36.14406967163086
2007-05-01,104.9420394897461,27.212356567382812,56.76890563964844,35.82938003540039
2007-05-02,105.55609893798828,27.752918243408203,56.78588104248047,36.112144470214844
2007-05-03,106.12786865234375,27.986194610595703,56.72347640991211,36.207916259765625
2007-05-04,106.53021240234375,27.97723388671875,56.79725646972656,35.89323425292969
2007-05-07,106.5513916015625,28.158916473388672,56.85398483276367,35.993560791015625
2007-05-08,106.4101791381836,27.793292999267578,56.7916259765625,35.75640106201172
2007-05-09,106.69960021972656,28.241905212402344,56.72347640991211,36.14406967163086
2007-05-10,105.58436584472656,27.551044464111328,56.81996154785156,35.6606330871582
2007-05-11,106.48785400390625,28.250873565673828,56.70648956298828,36.14406967163086
2007-05-14,106.25492095947266,27.97049903869629,56.7177848815918,35.9388313293457
2007-05-15,106.28316497802734,28.00414276123047,56.6950569152832,35.39155578613281
2007-05-16,107.01020812988281,28.410131454467773,56.70648956298828,34.95368576049805
2007-05-17,106.79845428466797,28.30695915222168,56.609947204589844,34.34714126586914
2007-05-18,107.73019409179688,28.45274543762207,56.44536590576172,34.00050354003906
2007-05-21,107.67376708984375,28.50433349609375,56.55888366699219,34.1373291015625
2007-05-22,107.58905792236328,28.508825302124023,56.44536590576172,34.643592834472656
2007-05-23,107.6031265258789,28.46396255493164,56.39999008178711,34.37904739379883
2007-05-24,106.62901306152344,27.779842376708984,56.42265701293945,33.80440902709961
2007-05-25,107.07373809814453,28.206018447875977,56.3942756652832,33.99595642089844
2007-05-29,107.46194458007812,28.109561920166016,56.3375244140625,35.2091178894043
2007-05-30,108.3372573852539,28.396671295166016,56.405677795410156,36.15317916870117
2007-05-31,108.22433471679688,28.477426528930664,56.280799865722656,36.00724792480469
2007-06-01,108.76080322265625,29.18846321105957,56.22263717651367,36.05742645263672
2007-06-04,108.77491760253906,29.058372497558594,56.291038513183594,36.2033576965332
2007-06-05,108.3443374633789,28.957429885864258,56.13142395019531,35.62870407104492
2007-06-06,107.17967224121094,28.228435516357422,56.154232025146484,35.38697814941406
2007-06-07,105.24557495117188,27.793292999267578,55.76662063598633,34.274166107177734
2007-06-08,106.61493682861328,28.284530639648438,55.69819259643555,34.684627532958984
2007-06-11,106.79845428466797,28.52676773071289,55.73808670043945,34.164703369140625
2007-06-12,105.63377380371094,28.031057357788086,55.407474517822266,33.571800231933594
2007-06-13,107.21490478515625,28.591814041137695,55.49300003051758,34.31519317626953
2007-06-14,107.89959716796875,29.040414810180664,55.601348876953125,33.945770263671875
2007-06-15,108.51358795166016,29.702110290527344,55.8007926940918,34.31977844238281
2007-06-18,108.38594055175781,29.729036331176758,55.840721130371094,33.79072189331055
2007-06-19,108.65536499023438,29.762666702270508,56.017417907714844,33.85456848144531
2007-06-20,107.14532470703125,29.509218215942383,55.846412658691406,32.8375129699707
2007-06-21,107.7408676147461,29.877071380615234,55.77800369262695,33.01994323730469
2007-06-22,106.72710418701172,29.482288360595703,55.90910720825195,32.89680099487305
2007-06-25,106.21666717529297,29.257993698120117,55.960445404052734,32.357452392578125
2007-06-26,105.12495422363281,29.002288818359375,55.89198303222656,32.23274612426758
2007-06-27,106.62076568603516,29.41499900817871,56.00033950805664,33.05935287475586
2007-06-28,106.6065673828125,29.42173957824707,55.960445404052734,32.888511657714844
2007-06-29,106.64204406738281,29.5249080657959,56.068702697753906,32.76382064819336
2007-07-02,107.60614776611328,30.123796463012695,56.21817398071289,33.52115249633789
2007-07-03,107.99600219726562,30.363800048828125,56.15516662597656,33.42878723144531
2007-07-05,107.88262176513672,30.49838638305664,55.92043685913086,33.9321403503418
2007-07-06,108.4497299194336,31.021011352539062,55.8231201171875,33.890567779541016
2007-07-09,108.53480529785156,31.321571350097656,55.92043685913086,33.86747360229492
2007-07-10,106.98934936523438,30.704742431640625,56.16091537475586,33.0085563659668
2007-07-11,107.7479019165039,30.958200454711914,56.03492736816406,32.94392013549805
2007-07-12,109.44930267333984,31.637836456298828,55.977691650390625,33.36874771118164
2007-07-13,109.77540588378906,32.03036880493164,56.04637908935547,33.68738555908203
2007-07-16,109.76123809814453,31.71634292602539,56.16091537475586,33.40568923950195
2007-07-17,109.70452117919922,31.691665649414062,56.05781173706055,33.28562545776367
2007-07-18,109.50599670410156,31.303621292114258,56.200965881347656,33.21174621582031
2007-07-19,109.9313735961914,31.61541748046875,56.200965881347656,33.33644104003906
2007-07-20,108.81837463378906,31.39784049987793,56.332664489746094,32.75457763671875
2007-07-23,109.15155029296875,32.30625534057617,56.29831314086914,32.18656539916992
2007-07-24,107.25877380371094,31.20046043395996,56.41275405883789,31.53545379638672
2007-07-25,107.4785385131836,31.37989616394043,56.37846374511719,31.193742752075195
2007-07-26,104.93354797363281,29.780616760253906,56.57879638671875,30.621126174926758
2007-07-27,102.87061309814453,29.394813537597656,56.52156448364258,29.605186462402344
2007-07-30,104.4798355102539,30.35707664489746,56.49291229248047,30.17780113220215
2007-07-31,103.30303192138672,29.73576545715332,56.67039489746094,30.05775260925293
2007-08-01,103.80636596679688,29.619115829467773,56.53872299194336,30.454870223999023
2007-08-02,104.63580322265625,29.94659996032715,56.510009765625,30.95822525024414
2007-08-03,101.94192504882812,28.654619216918945,56.757240295410156,29.762203216552734
2007-08-06,103.65037536621094,29.16602897644043,56.66521453857422,30.801210403442383
2007-08-07,104.75633239746094,29.38360595703125,56.625022888183594,30.972078323364258
2007-08-08,106.21666717529297,30.37054443359375,56.55595779418945,32.1958122253418
2007-08-09,103.06908416748047,29.114431381225586,56.625022888183594,31.840232849121094
2007-08-10,102.58702850341797,28.609769821166992,56.43525314331055,30.879722595214844
2007-08-13,102.95561981201172,28.892379760742188,56.53872299194336,30.73194122314453
2007-08-14,101.38188934326172,28.145450592041016,56.69398498535156,29.849937438964844
2007-08-15,99.98526763916016,27.039648056030273,56.76874923706055,29.346586227416992
2007-08-16,100.7367935180664,26.579824447631836,56.7342643737793,30.52412986755371
2007-08-17,102.58702850341797,27.420970916748047,56.86073303222656,31.21681785583496
2007-08-20,102.53740692138672,27.47702980041504,56.808990478515625,31.789432525634766
2007-08-21,102.74296569824219,27.37610626220703,57.073509216308594,31.937211990356445
2007-08-22,103.96231079101562,28.55367660522461,57.0274772644043,32.32510757446289
2007-08-23,103.87017059326172,28.699478149414062,57.09646987915039,31.770984649658203
2007-08-24,105.15325164794922,29.38360595703125,56.95272445678711,31.941823959350586
2007-08-27,104.17498779296875,29.5181827545166,57.125221252441406,31.24915313720703
2007-08-28,101.8851547241211,28.318174362182617,57.3552360534668,30.293254852294922
2007-08-29,103.88429260253906,29.439680099487305,57.24022674560547,31.401535034179688
2007-08-30,103.60786437988281,29.289392471313477,57.360939025878906,31.56316375732422
2007-08-31,104.6286392211914,30.04529571533203,57.39546203613281,32.084991455078125
2007-09-04,105.6849594116211,30.55221939086914,57.33137130737305,32.50981903076172
2007-09-05,104.77043914794922,30.090150833129883,57.51615905761719,31.72940444946289
2007-09-06,105.01152038574219,30.325674057006836,57.5046501159668,32.01108932495117
2007-09-07,103.55110168457031,29.64155387878418,57.86260986328125,31.239912033081055
2007-09-10,103.3526382446289,29.66398048400879,58.0012092590332,30.91665267944336
2007-09-11,104.55782318115234,30.26287078857422,57.89728927612305,31.558530807495117
2007-09-12,104.8271484375,30.37054443359375,57.8164176940918,31.373844146728516
2007-09-13,105.5644760131836,30.706989288330078,57.648948669433594,32.080352783203125
2007-09-14,105.55736541748047,30.76755142211914,57.68938064575195,32.28816604614258
2007-09-17,104.99028015136719,30.57240867614746,57.71250534057617,32.05265426635742
2007-09-18,108.08112335205078,32.052799224853516,57.83380889892578,33.19327163696289
2007-09-19,108.71910095214844,32.19859313964844,57.82221221923828,33.81669616699219
2007-09-20,107.95349884033203,32.0976676940918,57.41223907470703,32.93929672241211
2007-09-21,108.24479675292969,32.523834228515625,57.57966995239258,33.17478561401367
2007-09-24,108.0453872680664,32.92758560180664,57.58546447753906,33.80375671386719
2007-09-25,107.83167266845703,32.8042106628418,57.63163757324219,32.96390151977539
2007-09-26,108.40152740478516,33.241600036621094,57.573917388916016,33.44449234008789
2007-09-27,109.0426025390625,33.73505401611328,57.672119140625,33.70110321044922
2007-09-28,108.67926788330078,33.5219841003418,57.75869369506836,33.34183120727539
2007-10-01,109.90440368652344,34.57619857788086,57.56390380859375,34.1536865234375
2007-10-02,109.7548599243164,34.81171798706055,57.78422164916992,34.77421951293945
2007-10-03,109.53402709960938,33.75749206542969,57.813167572021484,34.606266021728516
2007-10-04,109.70494842529297,34.09395217895508,57.78996658325195,34.96086883544922
2007-10-05,111.00846862792969,35.23116683959961,57.3319091796875,35.78205108642578
2007-10-08,110.417236328125,34.856571197509766,57.78422164916992,35.10551452636719
2007-10-09,111.45716094970703,35.39938735961914,57.66244125366211,35.49744415283203
2007-10-10,111.27203369140625,35.44649124145508,57.737815856933594,35.25015640258789
2007-10-11,110.73780059814453,35.13471221923828,57.77840805053711,35.11017608642578
2007-10-12,111.3503646850586,35.776222229003906,57.66822814941406,34.778907775878906
2007-10-15,110.41011810302734,35.338829040527344,57.68565368652344,34.12569808959961
2007-10-16,109.53402709960938,34.68386459350586,57.77840805053711,33.710445404052734
2007-10-17,109.86882781982422,35.484619140625,57.975589752197266,33.65910720825195
2007-10-18,109.46988677978516,35.664058685302734,58.14370346069336,33.668434143066406
2007-10-19,106.60660552978516,34.138797760009766,58.41047286987305,32.23604965209961
2007-10-22,107.22625732421875,34.38554382324219,58.39309310913086,33.0805549621582
2007-10-23,108.09529876708984,35.338829040527344,58.375667572021484,33.43048858642578
2007-10-24,107.89580535888672,35.10780334472656,58.63077163696289,32.8705940246582
2007-10-25,108.15220642089844,35.55415725708008,58.48007583618164,32.94057846069336
2007-10-26,109.4200439453125,36.561279296875,58.42792510986328,33.43983840942383
2007-10-29,109.7833480834961,37.40240478515625,58.42792510986328,32.893917083740234
2007-10-30,109.02117919921875,36.695858001708984,58.50324249267578,33.34650802612305
2007-10-31,110.15370178222656,37.50111389160156,58.34088134765625,34.04171371459961
2007-11-01,107.5752944946289,35.987056732177734,58.484710693359375,32.450679779052734
2007-11-02,107.69634246826172,36.19116973876953,58.54881286621094,31.988750457763672
2007-11-05,106.87724304199219,34.93284225463867,58.496376037597656,31.52684211730957
2007-11-06,108.31610870361328,36.25847625732422,58.42069625854492,31.923439025878906
2007-11-07,105.35298919677734,35.103302001953125,58.43225860595703,30.92962074279785
2007-11-08,104.81876373291016,35.28275680541992,58.490478515625,31.022930145263672
2007-11-09,103.37995910644531,34.45283889770508,58.6943244934082,30.77097511291504
2007-11-12,102.35424041748047,32.5462760925293,58.61283874511719,31.125579833984375
2007-11-13,105.47408294677734,34.84537887573242,58.618621826171875,32.15672302246094
2007-11-14,105.1820297241211,34.87901306152344,58.595340728759766,31.50349235534668
2007-11-15,103.66486358642578,34.07600402832031,58.84575653076172,31.44752311706543
2007-11-16,103.84290313720703,34.49769592285156,58.80494689941406,30.8596248626709
2007-11-19,102.39704132080078,32.90739440917969,58.93309783935547,30.18775749206543
2007-11-20,103.02384185791016,33.81133270263672,58.810813903808594,29.60453224182129
2007-11-21,100.91548156738281,32.10887908935547,59.25918197631836,29.399240493774414
2007-11-23,102.66059112548828,33.05767822265625,58.95639419555664,29.977785110473633
2007-11-26,100.39552307128906,31.74551010131836,59.492061614990234,28.54072380065918
2007-11-27,101.54938507080078,32.961219787597656,59.24751663208008,29.20793342590332
2007-11-28,104.79742431640625,34.766849517822266,59.101951599121094,30.49102783203125
2007-11-29,104.83299255371094,34.34067916870117,59.27080154418945,30.001127243041992
2007-11-30,105.88716888427734,34.63227844238281,59.393104553222656,30.81764793395996
2007-12-03,105.18912506103516,34.33170700073242,59.70699691772461,30.486373901367188
2007-12-04,104.24897003173828,34.24199295043945,59.479034423828125,29.665189743041992
2007-12-05,105.99405670166016,35.762760162353516,59.367923736572266,30.66366958618164
2007-12-06,107.51117706298828,36.32575988769531,59.30359649658203,31.63881492614746
2007-12-07,107.48980712890625,35.89509582519531,58.96455001831055,31.52684211730957
2007-12-10,108.32319641113281,35.906314849853516,58.84761047363281,32.20337677001953
2007-12-11,105.35298919677734,34.38554382324219,59.134098052978516,30.50503921508789
2007-12-12,106.39290618896484,35.41733169555664,59.07560729980469,30.402387619018555
2007-12-13,106.17205810546875,34.443851470947266,58.84761047363281,30.057113647460938
2007-12-14,104.82591247558594,33.6229248046875,58.68394470214844,29.301250457763672
2007-12-17,103.33012390136719,32.189632415771484,58.771644592285156,28.396095275878906
2007-12-18,103.90703582763672,33.0733757019043,59.08149337768555,28.834674835205078
2007-12-19,103.90703582763672,33.28870391845703,59.2042350769043,29.12860870361328
2007-12-20,104.56237030029297,33.47039031982422,59.151634216308594,29.007213592529297
2007-12-21,106.06965637207031,34.47975158691406,58.8944206237793,29.57634162902832
2007-12-24,106.85729217529297,35.062923431396484,58.911949157714844,30.534391403198242
2007-12-26,107.08646392822266,35.244659423828125,58.73073196411133,30.02690315246582
2007-12-27,105.74027252197266,34.43136215209961,59.05299758911133,29.429296493530273
2007-12-28,105.47528076171875,34.56084442138672,59.36992645263672,28.912336349487305
2007-12-31,104.69480895996094,34.14511489868164,59.38755798339844,29.149490356445312
2008-01-02,103.77828216552734,33.58170700073242,59.66938018798828,29.059368133544922
2008-01-03,103.72811889648438,33.88386154174805,59.82780075073242,28.153486251831055
2008-01-04,101.1861572265625,32.8660888671875,59.951107025146484,27.010461807250977
2008-01-07,101.10018920898438,33.10690689086914,60.02743148803711,27.261829376220703
2008-01-08,99.46760559082031,32.85019302368164,60.18004608154297,26.318010330200195
2008-01-09,100.5130615234375,33.92702102661133,60.039154052734375,26.782808303833008
2008-01-10,101.1718521118164,34.32686233520508,59.91586685180664,27.195436477661133
2008-01-11,100.35552215576172,33.36134719848633,60.1742057800293,27.200176239013672
2008-01-14,101.16463470458984,33.852046966552734,60.221134185791016,27.086341857910156
2008-01-15,98.93768310546875,32.320865631103516,60.43830871582031,26.536184310913086
2008-01-16,98.0855941772461,30.975954055786133,60.25630187988281,26.839719772338867
2008-01-17,95.5436019897461,30.07405662536621,60.620296478271484,26.47452735900879
2008-01-18,94.5626220703125,30.76013946533203,60.60852813720703,26.12354850769043
2008-01-22,93.60308074951172,29.987720489501953,60.70248794555664,26.74962043762207
2008-01-23,95.85152435302734,30.178564071655273,60.52047348022461,29.287029266357422
2008-01-24,96.66063690185547,30.764680862426758,60.36787414550781,28.599321365356445
2008-01-25,95.26432800292969,30.29669189453125,60.4734992980957,28.433319091796875
2008-01-28,96.83966827392578,31.046390533447266,60.590911865234375,29.396108627319336
2008-01-29,97.31941986083984,30.894174575805664,60.40312576293945,29.13051986694336
2008-01-30,96.60336303710938,30.48752212524414,60.496978759765625,28.352685928344727
2008-01-31,98.3648452758789,31.098634719848633,60.76118469238281,28.921823501586914
2008-02-01,99.94731903076172,31.718828201293945,60.699256896972656,30.13125991821289
2008-02-04,98.68710327148438,31.8165283203125,60.66392517089844,29.818218231201172
2008-02-05,96.04484558105469,30.103591918945312,60.85252380371094,28.76531410217285
2008-02-06,95.27149963378906,29.61060333251953,60.805389404296875,28.295778274536133
2008-02-07,95.90160369873047,30.112674713134766,60.269012451171875,28.964513778686523
2008-02-08,95.28583526611328,30.055870056152344,60.557830810546875,28.03965187072754
2008-02-11,95.77275085449219,30.428455352783203,60.687477111816406,27.470516204833984
2008-02-12,96.66063690185547,30.919158935546875,60.66392517089844,28.25309944152832
2008-02-13,97.6488037109375,31.614316940307617,60.304412841796875,28.476001739501953
2008-02-14,96.7895278930664,31.207687377929688,60.11579513549805,27.94481658935547
2008-02-15,96.76806640625,31.43032455444336,60.08629608154297,28.172454833984375
2008-02-19,97.0401382446289,31.841514587402344,59.79752731323242,28.101318359375
2008-02-20,97.32658386230469,32.1073112487793,59.70323181152344,28.276798248291016
2008-02-21,96.51742553710938,31.657489776611328,60.19245147705078,27.508459091186523
2008-02-22,97.11176300048828,32.08232879638672,59.87417221069336,28.286279678344727
2008-02-25,98.33618927001953,32.6797981262207,59.66196823120117,29.149490356445312
2008-02-26,99.07378387451172,33.111454010009766,59.9507942199707,29.14474868774414
2008-02-27,98.97354125976562,33.3908805847168,60.07450866699219,29.007213592529297
2008-02-28,98.00685119628906,33.03193283081055,60.434051513671875,28.409605026245117
2008-02-29,95.82288360595703,31.718828201293945,60.66392517089844,28.00171661376953
2008-03-03,95.59374237060547,31.891489028930664,60.653865814208984,28.19617462158203
2008-03-04,95.22853088378906,31.15088653564453,60.39363479614258,27.930566787719727
2008-03-05,95.83003234863281,31.805158615112305,60.00905990600586,28.314741134643555
2008-03-06,93.84651947021484,30.71470832824707,59.92032241821289,27.024696350097656
2008-03-07,92.8798828125,30.28987693786621,60.10368728637695,27.465774536132812
2008-03-10,91.65538787841797,29.758272171020508,60.423118591308594,27.07685661315918
2008-03-11,94.94927978515625,31.759719848632812,60.056365966796875,28.83646011352539
2008-03-12,94.06137084960938,31.171323776245117,60.6716423034668,28.229379653930664
2008-03-13,94.26900482177734,30.887359619140625,60.411319732666016,28.561368942260742
2008-03-14,92.80826568603516,29.7923526763916,60.66569519042969,27.982744216918945
2008-03-17,91.87020874023438,29.05628776550293,60.92594528198242,28.153486251831055
2008-03-18,95.68682098388672,30.567028045654297,60.784000396728516,29.39136505126953
2008-03-19,93.31665802001953,28.731412887573242,60.967376708984375,29.16844940185547
2008-03-20,95.04515075683594,29.21531867980957,61.180355072021484,30.140731811523438
2008-03-24,96.94488525390625,30.335302352905273,60.73078155517578,30.818958282470703
2008-03-25,97.0384521484375,30.801029205322266,60.84316635131836,30.897830963134766
2008-03-26,95.85111236572266,30.551128387451172,60.66569519042969,30.305194854736328
2008-03-27,95.54886627197266,30.40346336364746,60.68937301635742,30.056673049926758
2008-03-28,94.63495635986328,30.348949432373047,60.83726119995117,29.7030029296875
2008-03-31,94.96598815917969,30.528411865234375,60.742610931396484,29.817710876464844
2008-04-01,98.30493927001953,31.70067024230957,60.329750061035156,31.514339447021484
2008-04-02,98.36974334716797,31.723377227783203,60.35952377319336,31.361413955688477
2008-04-03,98.61438751220703,32.10958480834961,60.549522399902344,32.078285217285156
2008-04-04,98.50645446777344,31.980085372924805,60.858428955078125,31.571704864501953
2008-04-07,98.55680847167969,32.40492630004883,60.85247039794922,31.280153274536133
2008-04-08,98.45606994628906,32.22773361206055,60.84656524658203,31.237144470214844
2008-04-09,97.74364471435547,31.725650787353516,61.113868713378906,30.453359603881836
2008-04-10,97.8803939819336,32.18000793457031,60.92378234863281,30.74966049194336
2008-04-11,95.98065948486328,31.655231475830078,61.054473876953125,30.37209701538086
2008-04-14,95.65681457519531,31.58025360107422,60.983211517333984,30.195268630981445
2008-04-15,95.87989044189453,31.9505672454834,60.65645980834961,30.50115203857422
2008-04-16,98.47763061523438,32.895626068115234,60.43667984008789,31.73896598815918
2008-04-17,98.6215591430664,32.65708923339844,60.42482376098633,31.853668212890625
2008-04-18,99.6506118774414,33.150062561035156,60.58517074584961,31.67205238342285
2008-04-21,99.70100402832031,33.31818389892578,60.591102600097656,31.43787384033203
2008-04-22,99.26203918457031,33.009212493896484,60.680240631103516,31.361413955688477
2008-04-23,99.10368347167969,33.48402786254883,60.620845794677734,31.75330352783203
2008-04-24,99.53551483154297,33.05465316772461,60.3951416015625,32.384151458740234
2008-04-25,100.45658111572266,33.29773712158203,60.3357048034668,32.56577682495117
2008-04-28,100.4781494140625,33.23411560058594,60.48422622680664,32.522762298583984
2008-04-29,100.0823745727539,32.645721435546875,60.5733528137207,32.169097900390625
2008-04-30,99.49227905273438,33.31818389892578,60.94157409667969,31.71985626220703
2008-05-01,101.55034637451172,33.67258071899414,60.8378791809082,32.40329360961914
2008-05-02,101.83098602294922,33.99516296386719,60.736595153808594,32.374610900878906
2008-05-05,101.3416748046875,33.97018051147461,60.76045608520508,32.283817291259766
2008-05-06,102.21959686279297,34.34957504272461,60.563838958740234,32.50843048095703
2008-05-07,100.39904022216797,33.32726287841797,60.736595153808594,31.624271392822266
2008-05-08,100.13993072509766,33.670310974121094,60.89150619506836,31.433080673217773
2008-05-09,99.95282745361328,33.395423889160156,60.915348052978516,31.261037826538086
2008-05-12,101.0754165649414,33.82478332519531,60.8080940246582,32.011383056640625
2008-05-13,101.08980560302734,33.986087799072266,60.46250915527344,32.14042282104492
2008-05-14,101.29850769042969,34.06787109375,60.55190658569336,32.341148376464844
2008-05-15,102.56499481201172,34.792579650878906,60.87367248535156,32.73304748535156
2008-05-16,102.65852355957031,35.23558044433594,60.72468185424805,32.561004638671875
2008-05-19,102.93919372558594,35.242393493652344,60.82596206665039,32.61358642578125
2008-05-20,102.10445404052734,34.631282806396484,60.957027435302734,32.17388916015625
2008-05-21,100.37741088867188,34.27914047241211,60.87367248535156,31.399627685546875
2008-05-22,100.39179992675781,34.37910842895508,60.51016616821289,31.132009506225586
2008-05-23,99.04611206054688,33.77935028076172,60.7425422668457,30.983835220336914
2008-05-27,99.78015899658203,33.72483444213867,60.40291213989258,31.409198760986328
2008-05-28,100.24071502685547,34.17919921875,60.12287521362305,31.4617862701416
2008-05-29,100.74441528320312,34.25416564941406,59.955970764160156,31.801109313964844
2008-05-30,100.9962387084961,34.372291564941406,60.170562744140625,31.65293312072754
2008-06-02,99.95282745361328,33.9633674621582,60.39425277709961,31.122446060180664
2008-06-03,99.36994934082031,33.3499870300293,60.507938385009766,31.32795524597168
2008-06-04,99.31957244873047,33.059200286865234,60.29254913330078,31.490449905395508
2008-06-05,101.30570220947266,34.111045837402344,60.07125473022461,32.21211624145508
2008-06-06,98.07467651367188,32.87518310546875,60.406253814697266,30.864360809326172
2008-06-09,98.3121566772461,32.7911262512207,60.10116195678711,30.252620697021484
2008-06-10,97.82280731201172,32.03461837768555,59.78408432006836,30.26696014404297
2008-06-11,96.38360595703125,31.555267333984375,59.86185073852539,29.80815315246582
2008-06-12,96.75057983398438,31.739280700683594,59.49098205566406,30.114030838012695
2008-06-13,97.97395324707031,32.08232879638672,59.34145736694336,30.615848541259766
2008-06-16,98.031494140625,32.191368103027344,59.40721893310547,31.022085189819336
2008-06-17,97.55656433105469,32.32767868041992,59.6106071472168,30.142698287963867
2008-06-18,96.60665893554688,32.170921325683594,59.86185073852539,29.698226928710938
2008-06-19,96.72905731201172,32.22090530395508,59.556793212890625,30.38644790649414
2008-06-20,95.15892028808594,31.169057846069336,59.736236572265625,29.7030029296875
2008-06-23,95.06491088867188,31.25993537902832,59.65846252441406,28.96700668334961
2008-06-24,94.87689971923828,31.121355056762695,59.77811050415039,28.98540496826172
2008-06-25,95.3252944946289,31.744522094726562,59.80803298950195,29.460033416748047
2008-06-26,92.73619842529297,30.655349731445312,59.88574981689453,28.476896286010742
2008-06-27,92.2300033569336,30.9517822265625,60.029361724853516,28.254112243652344
2008-06-30,92.55540466308594,31.186155319213867,60.059234619140625,28.2928524017334
2008-07-01,92.8447036743164,30.630069732666016,59.851470947265625,28.268644332885742
2008-07-02,91.25367736816406,29.756895065307617,59.77949523925781,27.919950485229492
2008-07-03,91.34765625,29.671876907348633,59.79741287231445,27.634206771850586
2008-07-07,90.41471862792969,29.566184997558594,60.007667541503906,27.014307022094727
2008-07-08,92.0202407836914,29.929235458374023,60.24180221557617,29.02899932861328
2008-07-09,90.2483901977539,29.324914932250977,60.47598648071289,27.04820442199707
2008-07-10,90.61723327636719,29.855712890625,60.53009796142578,27.571245193481445
2008-07-11,89.56135559082031,29.65579605102539,60.1877555847168,27.435651779174805
2008-07-14,88.75137329101562,29.6190242767334,60.27783203125,26.481584548950195
2008-07-15,87.50025177001953,29.124990463256836,60.512054443359375,26.224897384643555
2008-07-16,89.64813232421875,29.966001510620117,60.04966354370117,28.13787841796875
2008-07-17,90.54490661621094,30.10617446899414,59.785438537597656,28.476896286010742
2008-07-18,91.10902404785156,29.84651756286621,59.437198638916016,28.525314331054688
2008-07-21,91.15965270996094,30.216472625732422,59.749412536621094,28.73841667175293
2008-07-22,92.19381713867188,30.234838485717773,59.54528045654297,29.50846290588379
2008-07-23,92.69281005859375,30.278512954711914,59.61731719970703,30.341449737548828
2008-07-24,90.76912689208984,29.159465789794922,60.03163146972656,28.331605911254883
2008-07-25,90.74740600585938,29.359378814697266,59.72540283203125,28.79652976989746
2008-07-28,89.4167251586914,28.863039016723633,59.995635986328125,28.32675552368164
2008-07-29,91.32598114013672,30.462329864501953,59.923561096191406,29.644058227539062
2008-07-30,92.95315551757812,30.145231246948242,59.98961639404297,29.5423526763916
2008-07-31,91.72372436523438,29.469676971435547,60.295841217041016,29.174280166625977
2008-08-01,91.23919677734375,29.26976776123047,60.2247200012207,29.198505401611328
2008-08-04,90.39303588867188,28.37360191345215,60.04988098144531,28.77231216430664
2008-08-05,92.83023834228516,28.73896598815918,59.94740676879883,30.065406799316406
2008-08-06,93.24246215820312,29.311115264892578,59.88105773925781,29.920108795166016
2008-08-07,91.85391235351562,28.304677963256836,60.194557189941406,29.13068962097168
2008-08-08,93.56065368652344,28.37360191345215,60.104129791259766,29.97821807861328
2008-08-11,94.5297622680664,28.077178955078125,59.95338439941406,30.946836471557617
2008-08-12,93.54618072509766,27.84280776977539,60.206607818603516,30.254287719726562
2008-08-13,92.98212432861328,27.835914611816406,60.104129791259766,29.813552856445312
2008-08-14,93.6836166381836,28.201271057128906,60.24888610839844,30.293010711669922
2008-08-15,94.13922119140625,27.76009178161621,60.423675537109375,30.249427795410156
2008-08-18,92.85193634033203,27.291330337524414,60.526187896728516,29.832937240600586
2008-08-19,91.8394546508789,27.0638484954834,60.47797393798828,29.096792221069336
2008-08-20,92.26612091064453,27.75319480895996,60.57445526123047,29.14038848876953
2008-08-21,92.42523956298828,27.711833953857422,60.5864372253418,28.622182846069336
2008-08-22,93.76317596435547,27.691150665283203,60.5201301574707,29.595624923706055
2008-08-25,91.86114501953125,27.11899185180664,60.707035064697266,28.69967269897461
2008-08-26,92.12870788574219,27.16724967956543,60.63469696044922,29.038671493530273
2008-08-27,93.02548217773438,27.74629020690918,60.707035064697266,29.32925796508789
2008-08-28,94.1536865234375,27.93932342529297,60.76128005981445,30.07508659362793
2008-08-29,93.14122009277344,27.608428955078125,60.74324035644531,29.8668270111084
2008-09-02,92.56263732910156,26.774324417114258,60.945377349853516,30.06055450439453
2008-09-03,92.48309326171875,26.333131790161133,60.93326950073242,30.535165786743164
2008-09-04,89.69876861572266,25.119876861572266,61.15727615356445,29.677949905395508
2008-09-05,89.98081970214844,25.478342056274414,60.975650787353516,29.682796478271484
2008-09-08,91.8394546508789,25.795438766479492,61.356998443603516,30.96621322631836
2008-09-09,89.11296844482422,24.347810745239258,61.629329681396484,29.808725357055664
2008-09-10,89.47459411621094,24.740737915039062,61.58697509765625,29.86199378967285
2008-09-11,90.76912689208984,24.375381469726562,61.50830841064453,30.317230224609375
2008-09-12,91.18859100341797,25.188812255859375,61.26011657714844,30.22036361694336
2008-09-15,86.849365234375,23.210384368896484,61.50223922729492,28.476896286010742
2008-09-16,88.3030014038086,23.410293579101562,60.878822326660156,29.88136100769043
2008-09-17,84.33261108398438,21.748958587646484,61.03013610839844,28.16209602355957
2008-09-18,86.83490753173828,23.582626342773438,60.860652923583984,30.554542541503906
2008-09-19,90.2834243774414,26.519258499145508,61.1330680847168,31.46502685546875
2008-09-22,88.23948669433594,24.78899383544922,60.17670822143555,28.820749282836914
2008-09-23,86.23190307617188,24.016923904418945,60.08589553833008,29.01447105407715
2008-09-24,86.5082778930664,24.292661666870117,60.158504486083984,28.814298629760742
2008-09-25,87.8612289428711,25.540374755859375,60.049537658691406,29.172443389892578
2008-09-26,87.90489196777344,24.671798706054688,59.74694061279297,30.075183868408203
2008-09-29,81.01648712158203,21.790328979492188,59.474544525146484,27.82813835144043
2008-09-30,84.36976623535156,23.55506134033203,59.674320220947266,29.829879760742188
2008-10-01,84.42066192626953,23.837690353393555,59.24897384643555,29.108661651611328
2008-10-02,81.35838317871094,21.748958587646484,59.479827880859375,27.229583740234375
2008-10-03,80.26004028320312,21.176807403564453,59.92952346801758,26.052095413208008
2008-10-06,76.17208862304688,19.58440589904785,59.94776916503906,25.27198600769043
2008-10-07,72.7606430053711,18.060951232910156,58.70806121826172,23.103439331054688
2008-10-08,70.9276351928711,18.060951232910156,57.5291862487793,22.78453826904297
2008-10-09,65.97412109375,16.73049545288086,57.662872314453125,20.979045867919922
2008-10-10,64.37384796142578,16.923521041870117,53.719051361083984,22.985689163208008
2008-10-13,73.72079467773438,20.7769775390625,55.79731750488281,24.447755813598633
2008-10-14,72.62972259521484,19.742956161499023,56.97007751464844,22.78453826904297
2008-10-15,65.47947692871094,16.55126953125,57.88164520263672,19.860427856445312
2008-10-16,68.20718383789062,17.364704132080078,56.97007751464844,21.013381958007812
2008-10-17,67.79985809326172,16.82011604309082,57.17674255371094,20.787708282470703
2008-10-20,71.87324523925781,17.9989070892334,58.19763946533203,20.939788818359375
2008-10-21,69.7274398803711,16.565059661865234,58.70806121826172,20.223478317260742
2008-10-22,65.93046569824219,14.821002006530762,59.38868713378906,18.7957706451416
2008-10-23,66.69422149658203,15.234615325927734,58.343482971191406,18.305150985717773
2008-10-24,63.31190490722656,13.662899017333984,57.85126495361328,17.26502227783203
2008-10-27,61.06423568725586,13.304439544677734,57.27391815185547,16.283784866333008
2008-10-28,68.19993591308594,16.089401245117188,57.4744758605957,18.830110549926758
2008-10-29,67.70528411865234,15.579288482666016,58.56831741333008,18.162870407104492
2008-10-30,70.0474624633789,17.681804656982422,58.49545669555664,19.134300231933594
2008-10-31,70.4329833984375,17.530149459838867,58.31311798095703,20.36576271057129
2008-11-03,70.63667297363281,17.371599197387695,57.38557815551758,19.698516845703125
2008-11-04,73.03707122802734,18.957101821899414,58.306976318359375,20.80242156982422
2008-11-05,69.96745300292969,16.544382095336914,59.191829681396484,18.75651741027832
2008-11-06,66.09050750732422,15.710260391235352,58.947731018066406,17.878305435180664
2008-11-07,68.27263641357422,16.98556137084961,59.2467041015625,19.011640548706055
2008-11-10,67.37798309326172,17.144107818603516,58.868412017822266,17.309186935424805
2008-11-11,65.29766845703125,16.075620651245117,59.31388854980469,17.06877326965332
2008-11-12,62.42445373535156,14.88304615020752,58.80128860473633,15.84712028503418
2008-11-13,66.31599426269531,16.944196701049805,59.00265121459961,17.588830947875977
2008-11-14,63.00640106201172,15.317337989807129,59.179622650146484,15.606717109680176
2008-11-17,62.16988754272461,15.06227970123291,59.33830261230469,15.042506217956543
2008-11-18,63.34098815917969,14.84168529510498,59.2528190612793,14.900218963623047
2008-11-19,59.28215789794922,13.55949592590332,59.423702239990234,12.898479461669922
2008-11-20,54.881439208984375,12.58751392364502,59.43589401245117,11.877983093261719
2008-11-21,57.84192657470703,14.400503158569336,58.95991516113281,12.751294136047363
2008-11-24,61.849815368652344,15.27597713470459,58.95381546020508,14.919846534729004
2008-11-25,62.30806350708008,14.98644733428955,60.42449188232422,15.15534782409668
2008-11-26,64.71573638916016,16.130767822265625,60.19256591796875,15.974686622619629
2008-11-28,65.53041076660156,15.820566177368164,60.07663345336914,15.73918342590332
2008-12-01,59.72582244873047,14.297099113464355,60.92403793334961,12.667891502380371
2008-12-02,62.02438735961914,15.200145721435547,60.985321044921875,14.350728034973145
2008-12-03,63.51553726196289,15.32423210144043,60.99147033691406,15.15534782409668
2008-12-04,62.04621505737305,14.669344902038574,61.193668365478516,14.73831558227539
2008-12-05,63.959251403808594,15.537930488586426,60.85660934448242,16.29849624633789
2008-12-08,66.19233703613281,16.530593872070312,60.77701187133789,17.819433212280273
2008-12-09,65.10125732421875,16.303102493286133,61.346858978271484,16.27396011352539
2008-12-10,65.54496002197266,17.275087356567383,61.236572265625,17.672239303588867
2008-12-11,63.966514587402344,16.833906173706055,61.55514907836914,15.150436401367188
2008-12-12,64.73028564453125,17.068283081054688,61.573551177978516,16.735151290893555
2008-12-15,63.82831954956055,16.84079360961914,61.720638275146484,16.151315689086914
2008-12-16,66.83241271972656,18.185028076171875,61.96569061279297,18.128524780273438
2008-12-17,66.18505859375,17.867929458618164,62.29662322998047,18.462146759033203
2008-12-18,64.94847869873047,17.474998474121094,62.68875503540039,16.926496505737305
2008-12-19,64.66912841796875,17.537036895751953,62.48653793334961,18.113807678222656
2008-12-22,63.84052658081055,16.882156372070312,62.82351303100586,17.431838989257812
2008-12-23,63.180511474609375,16.742345809936523,63.4362907409668,17.333711624145508
2008-12-24,63.54717254638672,16.861186981201172,63.73653030395508,17.537818908691406
2008-12-26,63.913818359375,16.80526351928711,63.52207565307617,17.789798736572266
2008-12-29,63.73047637939453,16.777301788330078,64.01155090332031,16.766761779785156
2008-12-30,65.24107360839844,17.224695205688477,64.03617095947266,17.437028884887695
2008-12-31,66.17236328125,17.455381393432617,64.07917785644531,18.369356155395508
2009-01-02,68.16687774658203,18.28725242614746,63.67947769165039,17.784757614135742
2009-01-05,68.08625030517578,18.524940490722656,64.69418334960938,17.457189559936523
2009-01-06,68.54090881347656,18.944366455078125,64.33139038085938,18.32903289794922
2009-01-07,66.48767852783203,17.853839874267578,63.74094009399414,17.71420669555664
2009-01-08,66.75898742675781,17.776945114135742,63.25511932373047,17.583166122436523
2009-01-09,65.32908630371094,17.392467498779297,63.039894104003906,16.681081771850586
2009-01-12,63.75982666015625,16.65846061706543,63.37202453613281,15.70340347290039
2009-01-13,63.87717056274414,16.707393646240234,63.476524353027344,16.177125930786133
2009-01-14,61.86793518066406,15.896492958068848,63.390419006347656,15.330475807189941
2009-01-15,61.88990020751953,16.078245162963867,63.38429641723633,15.834434509277344
2009-01-16,62.37391662597656,16.25301742553711,63.7101936340332,16.434139251708984
2009-01-20,59.08140182495117,15.043644905090332,63.378173828125,14.59468936920166
2009-01-21,61.63328170776367,15.861536979675293,63.046016693115234,16.121685028076172
2009-01-22,60.679962158203125,15.337248802185059,62.77545166015625,15.239763259887695
2009-01-23,60.9439811706543,15.53298568725586,62.67708206176758,15.70340347290039
2009-01-26,61.36195373535156,15.714736938476562,62.615623474121094,15.612689971923828
2009-01-27,61.985260009765625,15.994356155395508,62.93535614013672,15.834434509277344
2009-01-28,64.08246612548828,16.80526351928711,62.972251892089844,17.205204010009766
2009-01-29,61.99993133544922,15.952418327331543,62.4127197265625,15.799158096313477
2009-01-30,60.73865509033203,15.833573341369629,62.806217193603516,15.149040222167969
2009-02-02,60.55534362792969,15.672796249389648,62.69882583618164,15.516935348510742
2009-02-03,61.40592575073242,16.141164779663086,62.42107391357422,15.360712051391602
2009-02-04,61.10532760620117,16.260000228881836,62.334693908691406,14.987777709960938
2009-02-05,62.014610290527344,16.602535247802734,62.13725662231445,14.670282363891602
2009-02-06,63.78182601928711,17.434412002563477,62.30382537841797,15.688278198242188
2009-02-09,63.86982345581055,17.343536376953125,62.310001373291016,15.920104026794434
2009-02-10,60.9439811706543,16.29494857788086,62.692649841308594,14.503974914550781
2009-02-11,61.30332946777344,16.78429412841797,62.68032455444336,14.78115463256836
2009-02-12,61.3473014831543,16.67943572998047,63.01364517211914,14.529176712036133
2009-02-13,60.68733215332031,16.763315200805664,62.822288513183594,13.637165069580078
2009-02-17,58.09150314331055,15.693765640258789,62.87163543701172,12.669559478759766
2009-02-18,57.95214080810547,15.581917762756348,62.74203109741211,12.850987434387207
2009-02-19,57.328857421875,15.435113906860352,62.64332580566406,12.296627044677734
2009-02-20,56.77152633666992,15.043644905090332,62.32236862182617,13.072728157043457
2009-02-23,54.740352630615234,14.67314624786377,62.64332580566406,12.090009689331055
2009-02-24,56.815528869628906,15.477054595947266,62.51983642578125,13.11305046081543
2009-02-25,56.36825180053711,15.211420059204102,62.464351654052734,12.861063957214355
2009-02-26,55.451629638671875,15.078597068786621,62.13725662231445,12.200875282287598
2009-02-27,54.21235275268555,14.840920448303223,62.14340591430664,12.039606094360352
2009-03-02,51.770484924316406,13.939141273498535,62.352088928222656,11.288711547851562
2009-03-03,51.3818359375,14.134878158569336,62.271514892578125,11.334067344665527
2009-03-04,52.59910202026367,15.127530097961426,61.980491638183594,11.515490531921387
2009-03-05,50.4505729675293,14.505374908447266,62.18488311767578,10.80490779876709
2009-03-06,50.538551330566406,14.750040054321289,62.352088928222656,10.658761024475098
2009-03-09,49.94458770751953,14.463433265686035,61.9247932434082,10.895621299743652
2009-03-10,52.92176055908203,15.637840270996094,62.06724548339844,12.412541389465332
2009-03-11,53.26640701293945,15.637840270996094,62.215816497802734,12.210952758789062
2009-03-12,55.36362838745117,16.23902702331543,62.271514892578125,13.208799362182617
2009-03-13,55.79625701904297,16.329906463623047,62.33348846435547,12.926573753356934
2009-03-16,55.62762451171875,16.343889236450195,62.141536712646484,11.90857982635498
2009-03-17,57.328857421875,16.700408935546875,61.955806732177734,12.810663223266602
2009-03-18,58.61212158203125,17.049930572509766,62.940303802490234,13.511171340942383
2009-03-19,57.886138916015625,16.938087463378906,63.09500503540039,12.684678077697754
2009-03-20,56.65353012084961,16.707393646240234,62.74213409423828,11.591085433959961
2009-03-23,60.72288131713867,18.25230598449707,62.74213409423828,13.465815544128418
2009-03-24,59.52644729614258,17.68606948852539,62.31486511230469,12.42765998840332
2009-03-25,60.154232025146484,17.951711654663086,62.0424690246582,12.6322021484375
2009-03-26,61.380210876464844,18.441049575805664,62.16627883911133,12.914867401123047
2009-03-27,60.27235412597656,17.895790100097656,62.215816497802734,12.339263916015625
2009-03-30,58.18967819213867,16.973037719726562,62.5068244934082,11.666029930114746
2009-03-31,58.72880172729492,17.343536376953125,62.82882308959961,12.478021621704102
2009-04-01,59.866188049316406,17.916757583618164,62.79838562011719,12.411215782165527
2009-04-02,61.616539001464844,18.888444900512695,62.599517822265625,13.310572624206543
2009-04-03,62.22952651977539,19.11913299560547,62.3945426940918,14.456624984741211
2009-04-06,61.742103576660156,18.881460189819336,62.382076263427734,14.292170524597168
2009-04-07,60.30192184448242,18.448041915893555,62.282691955566406,13.223206520080566
2009-04-08,60.95184326171875,18.720672607421875,62.4876708984375,13.418499946594238
2009-04-09,63.37424087524414,19.53856658935547,62.3945426940918,15.21722412109375
2009-04-13,63.38901138305664,19.657405853271484,62.848052978515625,15.263479232788086
2009-04-14,62.295982360839844,19.34282875061035,62.83567810058594,13.968393325805664
2009-04-15,62.960662841796875,19.622451782226562,63.00965118408203,15.181251525878906
2009-04-16,63.883853912353516,19.790225982666016,62.89780044555664,15.690041542053223
2009-04-17,64.3122329711914,19.65041160583496,62.549861907958984,15.97269058227539
2009-04-20,61.616539001464844,18.692710876464844,62.91022872924805,14.328145980834961
2009-04-21,62.82036209106445,19.09117317199707,62.71140670776367,15.597529411315918
2009-04-22,62.43630599975586,18.930387496948242,62.87915802001953,15.052773475646973
2009-04-23,63.049320220947266,19.2239933013916,62.95991897583008,15.731146812438965
2009-04-24,64.00200653076172,19.587499618530273,63.0283088684082,16.47633934020996
2009-04-27,63.39640808105469,18.930387496948242,63.127716064453125,15.489607810974121
2009-04-28,63.1970100402832,18.867473602294922,63.10908508300781,15.695175170898438
2009-04-29,64.54115295410156,19.860130310058594,62.848052978515625,16.37868881225586
2009-04-30,64.5633316040039,20.04188346862793,63.152523040771484,16.306745529174805
2009-05-01,64.9104232788086,20.335485458374023,62.908790588378906,15.772261619567871
2009-05-04,67.11865997314453,21.740585327148438,62.95866775512695,17.07248306274414
2009-05-05,66.88969421386719,21.54485511779785,63.08959197998047,16.435224533081055
2009-05-06,68.04920196533203,21.915346145629883,63.23296356201172,17.062210083007812
2009-05-07,67.1039047241211,21.370088577270508,62.952457427978516,16.085756301879883
2009-05-08,68.66959381103516,22.083120346069336,63.07086944580078,17.15985679626465
2009-05-11,67.38453674316406,21.565820693969727,63.11450958251953,16.507169723510742
2009-05-12,67.18514251708984,21.71961784362793,63.463623046875,16.46091651916504
2009-05-13,65.49386596679688,20.922693252563477,63.519630432128906,15.381678581237793
2009-05-14,66.05514526367188,21.223291397094727,63.55712890625,15.746563911437988
2009-05-15,65.5160140991211,21.027551651000977,63.70045852661133,15.21722412109375
2009-05-18,67.37718200683594,22.194963455200195,63.51349639892578,16.44036102294922
2009-05-19,67.2959213256836,22.44662857055664,63.5695686340332,16.126869201660156
2009-05-20,66.84541320800781,22.516530990600586,63.762794494628906,15.998390197753906
2009-05-21,65.88530731201172,22.097103118896484,63.563323974609375,16.044641494750977
2009-05-22,65.74498748779297,22.194963455200195,63.395042419433594,15.64892292022705
2009-05-26,67.42888641357422,22.46061134338379,63.25165939331055,16.579120635986328
2009-05-27,66.22500610351562,22.201963424682617,62.90257263183594,15.977827072143555
2009-05-28,67.14820098876953,22.887039184570312,62.927486419677734,16.198816299438477
2009-05-29,68.33724212646484,23.236560821533203,63.60069274902344,16.733301162719727
2009-06-01,69.9916000366211,24.215240478515625,62.8116569519043,17.591543197631836
2009-06-02,70.0506591796875,23.865707397460938,63.24306869506836,17.22666358947754
2009-06-03,69.16443634033203,23.019859313964844,63.41814041137695,17.195829391479492
2009-06-04,69.8143310546875,23.446279525756836,62.892940521240234,17.745723724365234
2009-06-05,69.82910919189453,23.495214462280273,62.567840576171875,17.699466705322266
2009-06-08,69.54106140136719,23.13170051574707,62.39902114868164,17.37569808959961
2009-06-09,69.89557647705078,23.173648834228516,62.68034362792969,17.37569808959961
2009-06-10,69.71830749511719,23.467248916625977,62.50529861450195,17.07248306274414
2009-06-11,70.02851104736328,23.970569610595703,62.72417449951172,16.723018646240234
2009-06-12,70.22052001953125,23.586091995239258,63.03047180175781,17.329444885253906
2009-06-15,68.61051177978516,22.7402400970459,63.26809310913086,16.507169723510742
2009-06-16,67.67996978759766,22.3976993560791,63.355628967285156,16.203956604003906
2009-06-17,67.6135025024414,22.146034240722656,63.480682373046875,15.895600318908691
2009-06-18,68.10830688476562,22.083120346069336,63.06800842285156,16.003528594970703
2009-06-19,68.35935974121094,22.194963455200195,63.29937744140625,16.16284942626953
2009-06-22,66.30948638916016,21.39105987548828,63.39311981201172,15.3200101852417
2009-06-23,66.3614501953125,21.529891967773438,63.599449157714844,15.433079719543457
2009-06-24,66.93336486816406,22.002071380615234,63.430667877197266,15.76999282836914
2009-06-25,68.38905334472656,22.657485961914062,63.72452926635742,15.978937149047852
2009-06-26,68.21080780029297,22.777292251586914,63.9120979309082,16.114755630493164
2009-06-29,68.84954071044922,22.946422576904297,63.8558349609375,16.104305267333984
2009-06-30,68.2925033569336,22.713863372802734,63.86833190917969,16.198331832885742
2009-07-01,68.57472229003906,23.129661560058594,63.844482421875,16.48041534423828
2009-07-02,66.70308685302734,22.49538803100586,63.99502182006836,15.60806655883789
2009-07-06,66.69567108154297,22.44605827331543,63.94485092163086,15.999835968017578
2009-07-07,65.4033432006836,21.917503356933594,64.15184783935547,15.378226280212402
2009-07-08,65.3587646484375,21.663795471191406,64.5031967163086,15.231966018676758
2009-07-09,65.48504638671875,22.05140495300293,64.32122802734375,14.944670677185059
2009-07-10,65.32906341552734,21.790647506713867,64.54085540771484,14.923774719238281
2009-07-13,66.91848754882812,21.945688247680664,64.50946044921875,15.487922668457031
2009-07-14,67.2972412109375,22.185302734375,64.31497192382812,15.675973892211914
2009-07-15,69.26546478271484,23.376319885253906,63.89467239379883,16.255788803100586
2009-07-16,69.15406036376953,23.418601989746094,64.09542846679688,16.4438419342041
2009-07-17,69.91162872314453,23.65821647644043,64.09542846679688,16.005056381225586
2009-07-20,70.65433502197266,24.5039005279541,64.17073822021484,16.569202423095703
2009-07-21,70.98112487792969,24.43343734741211,64.61614990234375,16.522192001342773
2009-07-22,70.96625518798828,24.377046585083008,64.39653778076172,16.5430908203125
2009-07-23,72.53340911865234,25.067703247070312,64.23344421386719,17.201257705688477
2009-07-24,72.83045959472656,24.94789695739746,64.23344421386719,17.321399688720703
2009-07-27,73.04588317871094,25.166364669799805,64.03893280029297,17.572128295898438
2009-07-28,72.7042007446289,25.053607940673828,64.15817260742188,17.556461334228516
2009-07-29,72.52596282958984,24.489818572998047,64.2710952758789,17.33707046508789
2009-07-30,73.28353881835938,25.095890045166016,64.3526382446289,17.95868492126465
2009-07-31,73.38748931884766,25.215702056884766,64.6788558959961,17.943002700805664
2009-08-03,74.59815216064453,26.160049438476562,64.54289245605469,18.266876220703125
2009-08-04,74.79122924804688,25.920440673828125,64.34782409667969,19.26456642150879
2009-08-05,74.57586669921875,25.701969146728516,64.2911605834961,20.001100540161133
2009-08-06,74.18963623046875,25.490543365478516,64.32261657714844,19.84961700439453
2009-08-07,75.16258239746094,25.74425506591797,63.93873596191406,20.957019805908203
2009-08-10,75.00663757324219,25.455307006835938,64.43595886230469,20.50778579711914
2009-08-11,74.07080078125,24.97608757019043,64.66250610351562,19.912290573120117
2009-08-12,74.86553192138672,25.201601028442383,64.63105010986328,20.058557510375977
2009-08-13,75.4374008178711,25.6385440826416,64.7946548461914,20.163026809692383
2009-08-14,74.85808563232422,25.173416137695312,64.90794372558594,19.995878219604492
2009-08-17,73.01616668701172,24.1867733001709,65.17855834960938,18.93026351928711
2009-08-18,73.59548950195312,24.71533203125,64.96460723876953,19.118314743041992
2009-08-19,74.24163055419922,24.77875518798828,65.09678649902344,18.966827392578125
2009-08-20,75.00663757324219,25.20865249633789,65.2037353515625,19.724241256713867
2009-08-21,76.4771957397461,25.58921241760254,64.82613372802734,20.241378784179688
2009-08-24,76.46976470947266,25.701969146728516,65.09046173095703,20.17347526550293
2009-08-25,76.61831665039062,25.64558982849121,65.19747161865234,20.398090362548828
2009-08-26,76.625732421875,25.568065643310547,65.29186248779297,20.460771560668945
2009-08-27,76.79659271240234,25.518741607666016,65.24148559570312,20.659271240234375
2009-08-28,76.78169250488281,25.38483428955078,65.19747161865234,20.84210205078125
2009-08-31,76.09843444824219,24.884469985961914,65.46810913085938,20.51300621032715
2009-09-01,74.41990661621094,24.41228675842285,65.35570526123047,19.416057586669922
2009-09-02,74.13765716552734,24.67304801940918,65.70295715332031,19.024280548095703
2009-09-03,74.75409698486328,25.166364669799805,65.58305358886719,19.40560531616211
2009-09-04,75.80131530761719,25.652639389038086,65.4567642211914,19.63022804260254
2009-09-08,76.45494079589844,26.181196212768555,65.36201477050781,20.314516067504883
2009-09-09,77.04167175292969,26.322145462036133,65.48831176757812,20.711519241333008
2009-09-10,77.82892608642578,26.667465209960938,65.82292175292969,21.019702911376953
2009-09-11,77.81407928466797,26.681562423706055,65.81661224365234,20.98312759399414
2009-09-14,78.19288635253906,26.582901000976562,65.72190856933594,21.60474395751953
2009-09-15,78.51966857910156,26.900028228759766,65.62089538574219,21.949499130249023
2009-09-16,79.7080307006836,27.576589584350586,65.67139434814453,22.842729568481445
2009-09-17,79.58919525146484,27.42859649658203,65.98074340820312,22.743480682373047
2009-09-18,79.63992309570312,27.50611114501953,65.81661224365234,22.774822235107422
2009-09-21,79.4384536743164,27.26650619506836,65.76612091064453,22.41962432861328
2009-09-22,79.90109252929688,27.682300567626953,65.72190856933594,23.13001823425293
2009-09-23,79.23692321777344,27.26650619506836,65.88611602783203,22.294248580932617
2009-09-24,78.36383819580078,26.73090362548828,65.96817779541016,21.480304718017578
2009-09-25,77.94591522216797,26.843650817871094,66.1639175415039,21.548879623413086
2009-09-28,79.34141540527344,27.188983917236328,66.1575927734375,22.44037437438965
2009-09-29,79.10260009765625,27.252405166625977,66.12602996826172,22.076393127441406
2009-09-30,78.79666900634766,27.421541213989258,66.2459945678711,21.865386962890625
2009-10-01,76.84147644042969,26.674514770507812,66.39927673339844,20.884220123291016
2009-10-02,76.48326873779297,26.681562423706055,66.27262115478516,20.73651123046875
2009-10-05,77.62504577636719,27.301738739013672,66.31690216064453,21.30622673034668
2009-10-06,78.73695373535156,27.752775192260742,66.22195434570312,21.248191833496094
2009-10-07,78.9533920288086,27.724586486816406,66.48797607421875,21.232364654541016
2009-10-08,79.55781555175781,28.062862396240234,66.4436264038086,21.638559341430664
2009-10-09,80.04290008544922,28.083993911743164,65.98121643066406,21.823184967041016
2009-10-12,80.35630798339844,28.316564559936523,66.1332778930664,21.791528701782227
2009-10-13,80.19216918945312,28.365896224975586,66.29788970947266,21.48557472229004
2009-10-14,81.57270812988281,29.282073974609375,66.1395492553711,22.271568298339844
2009-10-15,81.87123107910156,29.119970321655273,66.03823852539062,22.0816593170166
2009-10-16,81.25929260253906,28.7182674407959,66.03189849853516,21.501392364501953
2009-10-19,81.93089294433594,29.267969131469727,66.1648941040039,21.96561622619629
2009-10-20,81.49806213378906,28.8803653717041,66.32328033447266,21.559436798095703
2009-10-21,80.76676177978516,28.725326538085938,66.27893829345703,21.285120010375977
2009-10-22,81.587646484375,28.964942932128906,66.17759704589844,21.844282150268555
2009-10-23,80.65480041503906,28.725326538085938,66.09525299072266,21.585800170898438
2009-10-26,79.78173828125,28.365896224975586,65.9178237915039,21.53304672241211
2009-10-27,79.41602325439453,27.872581481933594,66.17759704589844,21.22182273864746
2009-10-28,77.91607666015625,26.59699249267578,66.27262115478516,20.330322265625
2009-10-29,79.58768463134766,27.773914337158203,66.1395492553711,21.258743286132812
2009-10-30,77.28178405761719,26.477190017700195,66.39295959472656,20.889482498168945
2009-11-02,77.84892272949219,26.871845245361328,66.2874755859375,20.884220123291016
2009-11-03,78.09517669677734,26.914127349853516,66.19849395751953,21.19017219543457
2009-11-04,78.29666137695312,27.414499282836914,66.09052276611328,20.73651123046875
2009-11-05,79.73693084716797,27.978286743164062,66.26204681396484,21.20599365234375
2009-11-06,79.94589233398438,27.94304847717285,66.31922149658203,20.857833862304688
2009-11-09,81.7667465209961,28.97197723388672,66.40816497802734,21.886486053466797
2009-11-10,81.78166198730469,28.83806800842285,66.42729949951172,21.72295570373535
2009-11-11,82.19954681396484,29.084728240966797,66.45269012451172,22.129140853881836
2009-11-12,81.36376953125,28.43637466430664,66.58607482910156,21.902315139770508
2009-11-13,81.80409240722656,28.92264747619629,66.65602111816406,22.197721481323242
2009-11-16,82.99059295654297,29.64853286743164,66.81489562988281,22.735776901245117
2009-11-17,83.08758544921875,29.542818069458008,66.8720703125,22.340137481689453
2009-11-18,83.03536987304688,29.31025505065918,66.73225402832031,22.746322631835938
2009-11-19,81.95329284667969,28.76759910583496,66.80217742919922,22.22409439086914
2009-11-20,81.66224670410156,28.64780044555664,66.82755279541016,22.065845489501953
2009-11-23,82.69954681396484,29.246822357177734,66.81489562988281,22.345417022705078
2009-11-24,82.8263931274414,29.084728240966797,67.0118408203125,22.013084411621094
2009-11-25,83.1174545288086,29.423017501831055,67.07540130615234,22.102767944335938
2009-11-27,81.7667465209961,28.28132438659668,67.13257598876953,21.459190368652344
2009-11-30,82.0428237915039,28.556175231933594,67.24699401855469,22.26102638244629
2009-12-01,83.0577621459961,29.373682022094727,67.08305358886719,22.588077545166016
2009-12-02,83.02043914794922,29.493480682373047,66.95560455322266,22.957340240478516
2009-12-03,82.37120056152344,29.21863555908203,66.96197509765625,22.698856353759766
2009-12-04,82.84135437011719,29.486438751220703,66.82807159423828,23.368797302246094
2009-12-07,82.7144546508789,29.232725143432617,66.89185333251953,22.878211975097656
2009-12-08,81.79657745361328,28.69008445739746,66.98107147216797,22.746322631835938
2009-12-09,82.10253143310547,28.86627197265625,66.91092681884766,22.698856353759766
2009-12-10,82.56521606445312,29.035400390625,66.85997009277344,22.609167098999023
2009-12-11,82.91595458984375,29.141115188598633,66.70059204101562,22.973161697387695
2009-12-14,83.48310852050781,29.338441848754883,66.73883819580078,23.389894485473633
2009-12-15,83.09506225585938,29.035400390625,66.55392456054688,23.157793045043945
2009-12-16,83.22193908691406,29.204530715942383,66.67510223388672,23.32659149169922
2009-12-17,82.22193908691406,28.365896224975586,66.78347778320312,23.184162139892578
2009-12-18,82.6871109008789,28.443422317504883,66.78347778320312,23.337146759033203
2009-12-21,83.5274429321289,28.408185958862305,66.5029525756836,23.653654098510742
2009-12-22,83.82752990722656,28.69448471069336,66.31167602539062,23.90157699584961
2009-12-23,83.99259185791016,28.978662490844727,66.3371810913086,24.186445236206055
2009-12-24,84.39020538330078,29.269941329956055,66.22235870361328,24.535879135131836
2009-12-28,84.57030487060547,29.369400024414062,65.8207778930664,24.653446197509766
2009-12-29,84.45024871826172,29.264223098754883,65.89873504638672,24.284761428833008
2009-12-30,84.42023468017578,29.39214324951172,66.06497192382812,24.32215690612793
2009-12-31,83.60993194580078,29.49163055419922,65.98185729980469,23.9053897857666
2010-01-04,85.02794647216797,30.351511001586914,66.05856323242188,23.803874969482422
2010-01-05,85.25303649902344,30.571805953979492,66.35913848876953,23.777149200439453
2010-01-06,85.31306457519531,30.635759353637695,66.32079315185547,23.734403610229492
2010-01-07,85.67317199707031,30.458106994628906,66.2440414428711,23.99088478088379
2010-01-08,85.95828247070312,30.699726104736328,66.28239440917969,23.814550399780273
2010-01-11,86.07833099365234,30.635759353637695,66.23124694824219,23.95348358154297
2010-01-12,85.2755355834961,30.14542007446289,66.65325164794922,23.5527400970459
2010-01-13,85.99579620361328,30.2377986907959,66.37195587158203,24.02828598022461
2010-01-14,86.22835540771484,30.159639358520508,66.54457092285156,24.00690460205078
2010-01-15,85.26053619384766,29.811416625976562,66.6724624633789,23.82525062561035
2010-01-19,86.325927734375,30.41547393798828,66.56381225585938,24.311466217041016
2010-01-20,85.4481201171875,29.683509826660156,66.73641204833984,24.038965225219727
2010-01-21,83.80498504638672,28.7880916595459,66.75559997558594,23.349695205688477
2010-01-22,81.93684387207031,28.148523330688477,66.7939682006836,22.761945724487305
2010-01-25,82.35699462890625,28.354612350463867,66.78755950927734,22.9222354888916
2010-01-26,82.01187133789062,27.764774322509766,66.87068176269531,22.708511352539062
2010-01-27,82.40202331542969,27.693706512451172,66.81949615478516,22.91155433654785
2010-01-28,81.45670318603516,27.50183868408203,66.76200866699219,22.713851928710938
2010-01-29,80.57137298583984,27.20336151123047,66.91548919677734,22.585620880126953
2010-02-01,81.82429504394531,27.935325622558594,66.82371520996094,22.997047424316406
2010-02-02,82.8146743774414,28.16272735595703,66.90069580078125,23.31229591369629
2010-02-03,82.40202331542969,27.999296188354492,66.7788314819336,22.93292999267578
2010-02-04,79.85860443115234,26.734346389770508,66.93914794921875,22.083358764648438
2010-02-05,80.02366638183594,26.435874938964844,66.96487426757812,22.489437103271484
2010-02-08,79.44596862792969,26.172927856445312,67.0931625366211,21.997873306274414
2010-02-09,80.44377899169922,27.02570152282715,66.97126007080078,21.928407669067383
2010-02-10,80.28627014160156,26.95464324951172,66.81727600097656,21.971155166625977
2010-02-11,81.12657928466797,27.665281295776367,66.70825958251953,22.17953872680664
2010-02-12,81.05902862548828,27.31707191467285,66.72107696533203,22.441356658935547
2010-02-16,82.33448791503906,28.02060317993164,66.88788604736328,23.077190399169922
2010-02-17,82.72462463378906,28.12009620666504,66.68258666992188,23.285573959350586
2010-02-18,83.2123031616211,28.22669219970703,66.65695190429688,23.632890701293945
2010-02-19,83.38485717773438,27.985065460205078,66.70825958251953,23.648916244506836
2010-02-22,83.39986419677734,28.02060317993164,66.59281158447266,23.707687377929688
2010-02-23,82.3869857788086,27.373916625976562,66.83010864257812,23.526031494140625
2010-02-24,83.14476776123047,27.636856079101562,66.90069580078125,23.766475677490234
2010-02-25,83.03223419189453,27.409442901611328,67.0353775024414,23.857309341430664
2010-02-26,83.0847396850586,27.68659210205078,67.04821014404297,23.846620559692383
2010-03-01,83.94757843017578,28.155624389648438,67.14666748046875,24.049665451049805
2010-03-02,84.18013763427734,28.475418090820312,67.17240142822266,24.060338973999023
2010-03-03,84.25519561767578,28.510940551757812,67.17240142822266,23.99622344970703
2010-03-04,84.51026153564453,28.361709594726562,67.29463195800781,24.145832061767578
2010-03-05,85.71819305419922,29.100778579711914,67.166015625,24.80303955078125
2010-03-08,85.73321533203125,29.122095108032227,67.21102142333984,25.054174423217773
2010-03-09,85.87574768066406,29.285541534423828,67.28821563720703,25.11294174194336
2010-03-10,86.25839233398438,29.49163055419922,67.2431640625,25.337360382080078
2010-03-11,86.61851501464844,29.498741149902344,67.2431640625,25.486967086791992
2010-03-12,86.62603759765625,29.399240493774414,67.2496109008789,25.69000816345215
2010-03-15,86.64851379394531,29.18604850769043,67.33324432373047,25.631240844726562
2010-03-16,87.33878326416016,29.56268882751465,67.45552062988281,26.25104522705078
2010-03-17,87.85645294189453,29.882488250732422,67.50697326660156,26.641090393066406
2010-03-18,87.81143951416016,29.65508270263672,67.44906616210938,26.49683380126953
2010-03-19,87.3669662475586,29.271326065063477,67.3976058959961,26.20829963684082
2010-03-22,87.83403778076172,29.3779296875,67.44906616210938,26.539573669433594
2010-03-23,88.45179748535156,29.584012985229492,67.46195220947266,26.464763641357422
2010-03-24,88.02239227294922,29.143415451049805,67.12095642089844,26.609041213989258
2010-03-25,87.87923431396484,29.065242767333984,66.94717407226562,26.67417335510254
2010-03-26,87.82653045654297,29.20737075805664,67.05661010742188,26.534196853637695
2010-03-29,88.38400268554688,29.733253479003906,66.97938537597656,26.614952087402344
2010-03-30,88.44427490234375,29.846952438354492,67.00508117675781,26.577274322509766
2010-03-31,88.14291381835938,29.93223762512207,67.04370880126953,26.275802612304688
2010-04-01,88.74565124511719,30.71393585205078,67.01852416992188,26.410396575927734
2010-04-05,89.4688491821289,30.991086959838867,66.6054458618164,26.991785049438477
2010-04-06,89.67979431152344,31.083471298217773,66.68932342529297,27.61086082458496
2010-04-07,89.16747283935547,30.81342887878418,66.97334289550781,27.00255012512207
2010-04-08,89.47637176513672,30.920015335083008,66.90878295898438,27.034852981567383
2010-04-09,90.06398010253906,31.11189079284668,66.97977447509766,27.417068481445312
2010-04-12,90.20711517333984,30.863157272338867,67.13471984863281,27.244796752929688
2010-04-13,90.27495574951172,30.799211502075195,67.24443054199219,27.912328720092773
2010-04-14,91.29949188232422,31.254024505615234,67.16698455810547,27.955400466918945
2010-04-15,91.37484741210938,31.083471298217773,67.28958129882812,27.190975189208984
2010-04-16,89.92086791992188,30.17384910583496,67.39287567138672,26.566518783569336
2010-04-19,90.25988006591797,30.053049087524414,67.27021026611328,26.6849422454834
2010-04-20,91.06596374511719,30.40836524963379,67.37997436523438,27.13713836669922
2010-04-21,90.90023803710938,30.308862686157227,67.49610137939453,27.61086082458496
2010-04-22,91.17142486572266,30.436800003051758,67.3605728149414,28.03614616394043
2010-04-23,91.76660919189453,30.600236892700195,67.27670288085938,28.407594680786133
2010-04-26,91.42005157470703,30.600236892700195,67.27021026611328,28.633686065673828
2010-04-27,89.2579116821289,29.505847930908203,67.48321533203125,27.71854019165039
2010-04-28,89.9359359741211,29.754566192626953,67.37997436523438,27.80466651916504
2010-04-29,91.05085754394531,30.244905471801758,67.40576171875,29.05897331237793
2010-04-30,89.50653076171875,29.882488250732422,67.6961898803711,28.154571533203125
2010-05-03,90.66665649414062,30.04593276977539,67.56804656982422,29.091270446777344
2010-05-04,88.53466796875,28.667287826538086,67.8398666381836,28.429122924804688
2010-05-05,88.00731658935547,28.148523330688477,67.78810119628906,28.046913146972656
2010-05-06,85.08429718017578,26.997285842895508,67.88520050048828,26.8948917388916
2010-05-07,83.81865692138672,27.139408111572266,67.58748626708984,26.442686080932617
2010-05-10,87.51011657714844,29.09366798400879,67.58100128173828,28.1868896484375
2010-05-11,87.26152801513672,28.56779670715332,67.83342742919922,28.353755950927734
2010-05-12,88.48197174072266,28.923124313354492,67.76219940185547,28.811342239379883
2010-05-13,87.38204956054688,28.6530704498291,67.85932922363281,28.34299087524414
2010-05-14,85.79999542236328,28.063241958618164,68.1053237915039,27.44399070739746
2010-05-17,85.8451919555664,27.892688751220703,68.05353546142578,27.481666564941406
2010-05-18,84.67747497558594,27.30996322631836,68.28658294677734,26.787221908569336
2010-05-19,84.19535064697266,27.047027587890625,68.31898498535156,26.539592742919922
2010-05-20,81.01615905761719,25.703907012939453,68.26069641113281,25.177621841430664
2010-05-21,82.19893646240234,26.53536605834961,68.55201721191406,26.022796630859375
2010-05-24,81.14420318603516,26.258220672607422,68.51311492919922,25.44139862060547
2010-05-25,81.22708129882812,25.973957061767578,68.5972900390625,25.64597511291504
2010-05-26,80.7374496459961,25.959745407104492,68.51962280273438,25.59213638305664
2010-05-27,83.4419937133789,27.530261993408203,68.3577651977539,26.997173309326172
2010-05-28,82.3947982788086,27.075450897216797,68.42897033691406,26.652650833129883
2010-06-01,81.00863647460938,26.577999114990234,68.54200744628906,26.098167419433594
2010-06-02,83.1180191040039,27.508935928344727,68.4705581665039,26.609573364257812
2010-06-03,83.40432739257812,27.409442901611328,68.43807983398438,26.534196853637695
2010-06-04,80.4737319946289,26.435874938964844,68.61339569091797,25.032270431518555
2010-06-07,79.47177124023438,26.02370262145996,68.81468963623047,24.897693634033203
2010-06-08,80.32305145263672,26.620643615722656,68.73675537109375,25.344505310058594
2010-06-09,79.89366912841797,26.478515625,68.77574920654297,25.495235443115234
2010-06-10,82.22904968261719,27.40234375,68.56790161132812,26.598814010620117
2010-06-11,82.62836456298828,27.544466018676758,68.60691833496094,26.916425704956055
2010-06-14,82.50025939941406,27.551576614379883,68.70429992675781,27.25018310546875
2010-06-15,84.37614440917969,28.383028030395508,68.70429992675781,27.85849380493164
2010-06-16,84.34599304199219,28.383028030395508,68.80818939208984,27.60547637939453
2010-06-17,84.48160552978516,28.240907669067383,68.97050476074219,27.664697647094727
2010-06-18,84.5732192993164,28.36881446838379,68.86013793945312,27.578563690185547
2010-06-21,84.33097076416016,28.859161376953125,69.00949096679688,27.363237380981445
2010-06-22,82.93821716308594,28.304859161376953,69.08089447021484,26.550357818603516
2010-06-23,82.68082427978516,28.37782859802246,69.25615692138672,26.62034034729004
2010-06-24,81.3107681274414,27.8770809173584,69.19778442382812,26.05681037902832
2010-06-25,81.65142059326172,28.20614242553711,69.295166015625,26.714351654052734
2010-06-28,81.39405822753906,28.012996673583984,69.42503356933594,26.39918327331543
2010-06-29,78.88101196289062,26.875598907470703,69.63279724121094,25.53514289855957
2010-06-30,78.13162994384766,26.69676399230957,69.6393814086914,25.263431549072266
2010-07-01,77.78338623046875,26.889904022216797,69.60281372070312,25.176490783691406
2010-07-02,77.35955047607422,27.004362106323242,69.50516510009766,24.692834854125977
2010-07-06,77.86669158935547,27.50510025024414,69.72006225585938,24.14399528503418
2010-07-07,80.3191909790039,28.11315155029297,69.62886047363281,25.317768096923828
2010-07-08,81.11399841308594,28.249065399169922,69.61585998535156,25.632953643798828
2010-07-09,81.71951293945312,28.592430114746094,69.51160430908203,25.959003448486328
2010-07-12,81.77252197265625,28.363521575927734,69.5898208618164,26.040515899658203
2010-07-13,83.00631713867188,28.692577362060547,69.41398620605469,26.681745529174805
2010-07-14,82.99876403808594,28.635353088378906,69.6484375,26.52414894104004
2010-07-15,83.0214614868164,28.499435424804688,69.7461166381836,26.437206268310547
2010-07-16,80.73548889160156,27.64818000793457,69.96100616455078,25.578611373901367
2010-07-19,81.21237182617188,28.012996673583984,69.8958740234375,25.893795013427734
2010-07-20,82.11311340332031,28.671113967895508,69.84381103515625,26.377437591552734
2010-07-21,81.04582977294922,28.37782859802246,70.14988708496094,25.828577041625977
2010-07-22,82.85493469238281,29.23624038696289,70.08477020263672,26.795867919921875
2010-07-23,83.57403564453125,29.436540603637695,69.96100616455078,27.138219833374023
2010-07-26,84.44449615478516,29.63683319091797,69.94798278808594,27.81747817993164
2010-07-27,84.43692779541016,29.586761474609375,69.9219970703125,27.812055587768555
2010-07-28,83.89197540283203,29.42222785949707,70.05216979980469,27.757719039916992
2010-07-29,83.48318481445312,29.472307205200195,70.11729431152344,27.52404022216797
2010-07-30,83.46805572509766,29.61537742614746,70.23450469970703,27.687076568603516
2010-08-02,85.35286712646484,30.380796432495117,70.13922882080078,28.616315841674805
2010-08-03,84.94407653808594,30.237728118896484,70.18489074707031,28.339174270629883
2010-08-04,85.51182556152344,30.280649185180664,70.06085968017578,28.54022789001465
2010-08-05,85.42096710205078,30.144723892211914,70.14569854736328,28.18158531188965
2010-08-06,85.07275390625,30.1018123626709,70.2828598022461,28.051156997680664
2010-08-09,85.52693939208984,30.259187698364258,70.2828598022461,28.37177085876465
2010-08-10,85.06521606445312,29.84428596496582,70.40038299560547,28.09463119506836
2010-08-11,82.73383331298828,28.892873764038086,70.46570587158203,27.393627166748047
2010-08-12,82.22669982910156,28.942951202392578,70.35467529296875,27.05126953125
2010-08-13,81.98445129394531,29.100324630737305,70.51797485351562,27.05126953125
2010-08-16,81.94657897949219,29.372150421142578,70.75303649902344,27.029537200927734
2010-08-17,82.95333099365234,29.679759979248047,70.66813659667969,27.649036407470703
2010-08-18,83.10470581054688,29.658294677734375,70.58979034423828,27.676198959350586
2010-08-19,81.65897369384766,29.42939567565918,70.81826782226562,26.969758987426758
2010-08-20,81.39405822753906,29.343547821044922,70.72039031982422,26.882822036743164
2010-08-23,81.08369445800781,29.07886505126953,70.79224395751953,26.741533279418945
2010-08-24,79.8801498413086,28.706884384155273,71.07301330566406,26.63284683227539
2010-08-25,80.19048309326172,28.520889282226562,70.90974426269531,27.056703567504883
2010-08-26,79.65308380126953,28.342060089111328,71.00114440917969,26.8936767578125
2010-08-27,80.88691711425781,28.96441078186035,70.60934448242188,27.339279174804688
2010-08-30,79.71360778808594,28.485132217407227,71.08607482910156,27.127349853515625
2010-08-31,79.71360778808594,28.656808853149414,71.13834381103516,27.333852767944336
2010-09-01,82.0980224609375,29.665451049804688,70.98638153076172,28.225053787231445
2010-09-02,82.86251068115234,29.715517044067383,70.89469909667969,28.583715438842773
2010-09-03,83.93734741210938,30.0660400390625,70.73098754882812,29.00212860107422
2010-09-07,82.99119567871094,29.629680633544922,70.93399047851562,28.556535720825195
2010-09-08,83.57403564453125,29.951587677001953,70.88156127929688,28.616315841674805
2010-09-09,83.96009826660156,30.12327766418457,70.5411376953125,28.284820556640625
2010-09-10,84.38394927978516,30.23057746887207,70.3905029296875,28.436986923217773
2010-09-13,85.32257843017578,30.95307731628418,70.54769134521484,28.90431785583496
2010-09-14,85.26956176757812,30.93877410888672,70.80303955078125,28.79563331604004
2010-09-15,85.59506225585938,30.981691360473633,70.67208099365234,29.04560661315918
2010-09-16,85.5723648071289,30.82430648803711,70.55421447753906,28.89345359802246
2010-09-17,85.60435485839844,30.77423858642578,70.64584350585938,28.980405807495117
2010-09-20,86.91326141357422,31.260679244995117,70.67208099365234,29.686851501464844
2010-09-21,86.73821258544922,31.167675018310547,70.97327423095703,29.252099990844727
2010-09-22,86.31205749511719,31.18914222717285,70.99291229248047,28.855409622192383
2010-09-23,85.6119155883789,30.98883628845215,71.07150268554688,28.143543243408203
2010-09-24,87.3774642944336,31.561119079589844,70.80962371826172,28.939680099487305
2010-09-27,86.95890045166016,31.503890991210938,71.05186462402344,28.583280563354492
2010-09-28,87.26331329345703,31.73280143737793,71.22212219238281,28.69842529296875
2010-09-29,87.11109924316406,31.840112686157227,71.16971588134766,28.47362518310547
2010-09-30,86.85236358642578,32.02610397338867,71.1435317993164,28.55586051940918
2010-10-01,87.2176513671875,32.498233795166016,71.06147766113281,28.69842529296875
2010-10-04,86.56316375732422,32.39807891845703,71.1796646118164,28.96161460876465
2010-10-05,88.30586242675781,32.98466110229492,71.1796646118164,29.422195434570312
2010-10-06,88.29824829101562,32.970359802246094,71.25182342529297,29.26317596435547
2010-10-07,88.19172668457031,32.677066802978516,71.28465270996094,29.345422744750977
2010-10-08,88.68632507324219,33.07050323486328,71.42908477783203,29.42768096923828
2010-10-11,88.77006530761719,33.04904556274414,71.38964080810547,29.422195434570312
2010-10-12,89.04401397705078,32.91312789916992,71.31745147705078,29.63054847717285
2010-10-13,89.73652648925781,33.521175384521484,71.31092071533203,29.93760108947754
2010-10-14,89.38646697998047,33.46394729614258,71.04835510253906,29.86083984375
2010-10-15,89.569091796875,33.4210205078125,70.90392303466797,29.822458267211914
2010-10-18,90.01048278808594,33.435333251953125,71.15333557128906,30.206279754638672
2010-10-19,88.8309097290039,32.37661361694336,71.21245574951172,29.833412170410156
2010-10-20,89.698486328125,32.89167022705078,71.29781341552734,30.485904693603516
2010-10-21,89.89632415771484,32.89167022705078,71.18619537353516,30.45299530029297
2010-10-22,90.06372833251953,32.92743682861328,71.218994140625,30.469451904296875
2010-10-25,90.3301010131836,33.285099029541016,71.22561645507812,30.524280548095703
2010-10-26,90.34532928466797,33.256500244140625,71.06147766113281,30.304969787597656
2010-10-27,90.08660888671875,32.691368103027344,70.92362213134766,30.091136932373047
2010-10-28,90.10179901123047,32.89882278442383,71.10087585449219,29.90470314025879
2010-10-29,90.1702880859375,32.9918212890625,71.25182342529297,29.910181045532227
2010-11-01,90.20073699951172,33.35664749145508,71.2228775024414,30.167903900146484
2010-11-02,90.91607666015625,33.771541595458984,71.347900390625,30.376243591308594
2010-11-03,91.28135681152344,33.97898483276367,71.33472442626953,30.376243591308594
2010-11-04,93.03926849365234,34.7515754699707,71.67692565917969,31.078081130981445
2010-11-05,93.38932037353516,34.68718338012695,71.47952270507812,31.41254997253418
2010-11-08,93.21427917480469,34.54412078857422,71.44662475585938,31.24256706237793
2010-11-09,92.54461669921875,34.107757568359375,71.09784698486328,29.975984573364258
2010-11-10,92.91748046875,34.358131408691406,71.03861236572266,30.348827362060547
2010-11-11,92.5674057006836,34.02191925048828,71.03202819824219,30.107568740844727
2010-11-12,91.4715576171875,33.19926452636719,70.74909210205078,29.827932357788086
2010-11-15,91.34219360351562,33.184967041015625,70.3608169555664,29.542821884155273
2010-11-16,89.9191665649414,32.312225341796875,70.53193664550781,28.528451919555664
2010-11-17,89.96482849121094,32.476768493652344,70.55162811279297,28.747760772705078
2010-11-18,91.2889404296875,33.24935531616211,70.53193664550781,29.005475997924805
2010-11-19,91.54009246826172,33.27080535888672,70.61090087890625,29.158992767333984
2010-11-22,91.4639892578125,33.170654296875,70.7819595336914,29.23577117919922
2010-11-23,90.1398696899414,32.119102478027344,70.8543472290039,29.005475997924805
2010-11-24,91.4715576171875,32.86305236816406,70.51219177246094,29.564748764038086
2010-11-26,90.40621185302734,32.04756164550781,70.65692901611328,29.504440307617188
2010-11-29,90.6801528930664,32.29792022705078,70.70301055908203,29.487991333007812
2010-11-30,90.1702880859375,32.03325653076172,70.65692901611328,29.35639190673828
2010-12-01,92.0880126953125,32.948909759521484,70.28848266601562,29.526371002197266
2010-12-02,93.26753234863281,33.59986877441406,70.14962768554688,29.981483459472656
2010-12-03,93.51869201660156,33.72147750854492,70.28848266601562,29.975984573364258
2010-12-06,93.41973876953125,33.664249420166016,70.54649353027344,30.036293029785156
2010-12-07,93.47303771972656,33.50687026977539,69.9974594116211,30.102102279663086
2010-12-08,93.81544494628906,33.292266845703125,69.66009521484375,29.657962799072266
2010-12-09,94.18072509765625,33.17781066894531,69.78575134277344,29.394771575927734
2010-12-10,94.72865295410156,33.32801818847656,69.6534652709961,29.58668327331543
2010-12-13,94.78954315185547,33.542633056640625,69.69976043701172,29.63602638244629
2010-12-14,94.87326049804688,33.592708587646484,69.30953979492188,29.345422744750977
2010-12-15,94.43948364257812,33.04904556274414,69.19046020507812,29.065793991088867
2010-12-16,94.98738098144531,33.142032623291016,69.32276153564453,29.115137100219727
2010-12-17,95.08911895751953,33.19211196899414,69.69976043701172,29.35639190673828
2010-12-20,95.31867218017578,33.04188919067383,69.7460708618164,29.707319259643555
2010-12-21,95.92298126220703,33.52421188354492,69.87837219238281,30.019851684570312
2010-12-22,96.22135925292969,33.639556884765625,69.7989501953125,30.250137329101562
2010-12-23,96.08363342285156,33.603511810302734,69.66675567626953,30.11305809020996
2010-12-27,96.12186431884766,33.49536895751953,69.86517333984375,30.487226486206055
2010-12-28,96.25961303710938,33.52421188354492,69.45635223388672,30.60916519165039
2010-12-29,96.32843780517578,33.953407287597656,69.94745635986328,30.670148849487305
2010-12-30,96.1754150390625,34.12651824951172,69.89435577392578,30.753297805786133
2010-12-31,96.19842529296875,34.36456298828125,70.17967224121094,30.692306518554688
2011-01-03,97.19287872314453,34.69637680053711,70.10006713867188,31.26325225830078
2011-01-04,97.13935852050781,34.85507583618164,70.11998748779297,30.664602279663086
2011-01-05,97.64422607421875,34.76850891113281,69.78152465820312,30.775453567504883
2011-01-06,97.4529800415039,34.400630950927734,69.79480743408203,30.487226486206055
2011-01-07,97.26171875,34.08323669433594,70.02050018310547,30.498313903808594
2011-01-10,97.13935852050781,33.72978591918945,70.20631408691406,30.49275779724121
2011-01-11,97.48359680175781,34.09046173095703,70.06693267822266,30.426250457763672
2011-01-12,98.36332702636719,34.77572250366211,70.06023406982422,30.553735733032227
2011-01-13,98.20269012451172,34.47277069091797,70.31246185302734,30.65351104736328
2011-01-14,98.91411590576172,34.573753356933594,70.16643524169922,30.858610153198242
2011-01-18,99.08242797851562,34.52324676513672,70.11998748779297,31.12468147277832
2011-01-19,98.1108627319336,34.25636672973633,70.13329315185547,30.714492797851562
2011-01-20,97.9808349609375,33.88127899169922,69.8677749633789,30.720029830932617
2011-01-21,98.20269012451172,33.527809143066406,70.08680725097656,30.742198944091797
2011-01-24,98.76115417480469,33.78750228881836,70.04702758789062,30.897417068481445
2011-01-25,98.81465148925781,33.58551788330078,70.26599884033203,31.257720947265625
2011-01-26,99.19717407226562,33.88127899169922,70.03370666503906,31.307601928710938
2011-01-27,99.44197845458984,33.7658576965332,70.15318298339844,31.80094337463379
2011-01-28,97.70542907714844,32.698280334472656,70.25275421142578,31.274351119995117
2011-01-31,98.43980407714844,33.044517517089844,70.11998748779297,31.69008445739746
2011-02-01,100.0157241821289,33.84519958496094,69.97086334228516,31.767681121826172
2011-02-02,99.8244857788086,33.592735290527344,69.89103698730469,31.767681121826172
2011-02-03,100.04634094238281,33.54945373535156,69.6314468383789,31.856369018554688
2011-02-04,100.32937622070312,33.54224395751953,69.39844512939453,31.623567581176758
2011-02-07,100.95665740966797,33.58551788330078,69.42510223388672,31.93398094177246
2011-02-08,101.41566467285156,33.59994125366211,69.22540283203125,32.07255554199219
2011-02-09,101.18620300292969,32.82810974121094,69.35182189941406,32.09473419189453
2011-02-10,101.22441864013672,32.517940521240234,69.15216064453125,32.227760314941406
2011-02-11,101.8287582397461,32.9146842956543,69.42510223388672,32.43840789794922
2011-02-14,102.07356262207031,32.7487678527832,69.45833587646484,32.44395446777344
2011-02-15,101.75227355957031,32.81369400024414,69.54490661621094,32.321990966796875
2011-02-16,102.39486694335938,33.08779525756836,69.54490661621094,32.39406204223633
2011-02-17,102.70087432861328,33.20320510864258,69.7113037109375,32.427330017089844
2011-02-18,102.91503143310547,33.40518569946289,69.68465423583984,32.55480194091797
2011-02-22,100.84956359863281,32.33760070800781,69.9375991821289,32.2721061706543
2011-02-23,100.22992706298828,32.366455078125,69.99085235595703,32.00048828125
2011-02-24,100.16106414794922,32.44580841064453,70.00416564941406,31.756595611572266
2011-02-25,101.23206329345703,32.8353271484375,70.19053649902344,32.3774299621582
2011-02-28,101.8593521118164,33.03009033203125,70.32367706298828,33.18119430541992
2011-03-01,100.16106414794922,32.69105911254883,70.26686096191406,32.19450759887695
2011-03-02,100.37527465820312,33.13829803466797,70.15345764160156,31.90070915222168
2011-03-03,102.10417938232422,33.794708251953125,69.90653991699219,32.360801696777344
2011-03-04,101.3392105102539,33.83076858520508,70.09337615966797,32.050384521484375
2011-03-07,100.54354095458984,33.35469436645508,70.12676239013672,31.817583084106445
2011-03-08,101.42333221435547,33.80193328857422,70.07343292236328,32.266571044921875
2011-03-09,101.2779541015625,33.86685562133789,70.2402572631836,32.233306884765625
2011-03-10,99.4037094116211,32.86418151855469,70.48717498779297,31.739967346191406
2011-03-11,100.09222412109375,33.20320510864258,70.50053405761719,32.06147003173828
2011-03-14,99.48785400390625,33.397979736328125,70.54061126708984,31.739967346191406
2011-03-15,98.34803009033203,32.84253692626953,70.56726837158203,31.573673248291016
2011-03-16,96.52733612060547,32.171695709228516,70.7675552368164,31.10805892944336
2011-03-17,97.80487823486328,32.56843566894531,70.72078704833984,31.34640884399414
2011-03-18,98.1606216430664,32.62614440917969,70.69405364990234,31.6623592376709
2011-03-21,99.681884765625,33.25371170043945,70.52729034423828,32.00604248046875
2011-03-22,99.33613586425781,33.35469436645508,70.533935546875,31.80094337463379
2011-03-23,99.62041473388672,33.794708251953125,70.50053405761719,31.45173454284668
2011-03-24,100.5731430053711,34.184226989746094,70.3069839477539,31.584747314453125
2011-03-25,100.88047790527344,34.148162841796875,70.24690246582031,31.831560134887695
2011-03-28,100.6346206665039,33.975032806396484,70.2135238647461,31.792463302612305
2011-03-29,101.31074523925781,34.36456298828125,70.12676239013672,31.920875549316406
2011-03-30,102.00988006591797,34.80458068847656,70.24690246582031,32.38431930541992
2011-03-31,101.87158966064453,35.10753631591797,70.16683959960938,32.64674377441406
2011-04-01,102.30184936523438,35.67018508911133,70.26251983642578,32.69699478149414
2011-04-04,102.3863754272461,35.97316360473633,70.3763656616211,32.67466735839844
2011-04-05,102.3709945678711,35.90101623535156,70.22903442382812,32.708160400390625
2011-04-06,102.69371032714844,36.09577560424805,70.02159118652344,32.72491455078125
2011-04-07,102.43248748779297,36.05970001220703,70.12866973876953,32.361968994140625
2011-04-08,102.07904815673828,36.09577560424805,69.99478912353516,32.127479553222656
2011-04-11,101.771728515625,35.67018508911133,70.06169891357422,32.149810791015625
2011-04-12,101.01107788085938,34.99934387207031,70.32952117919922,32.0939826965332
2011-04-13,101.00340270996094,35.287879943847656,70.40312194824219,32.04373550415039
2011-04-14,101.08023071289062,35.396080017089844,70.336181640625,32.50715255737305
2011-04-15,101.44905090332031,35.439361572265625,70.5905532836914,32.92591857910156
2011-04-18,100.3118896484375,34.55211639404297,70.71106719970703,32.62999725341797
2011-04-19,100.88814544677734,35.049835205078125,70.8516845703125,32.8868293762207
2011-04-20,102.26343536376953,35.87937545776367,70.75127410888672,33.27208709716797
2011-04-21,102.78590393066406,36.19676208496094,70.79808044433594,33.49543762207031
2011-04-25,102.6783447265625,35.90101623535156,70.8382568359375,33.71876907348633
2011-04-26,103.56190490722656,36.211185455322266,71.09932708740234,34.01470184326172
2011-04-27,104.23805236816406,36.14627456665039,71.0390853881836,34.265953063964844
2011-04-28,104.57608032226562,35.85051727294922,71.20648193359375,34.723819732666016
2011-04-29,104.82196044921875,36.06692886352539,71.26667022705078,34.52279281616211
2011-05-02,104.66063690185547,36.074134826660156,71.30426788330078,34.57305145263672
2011-05-03,104.28412628173828,35.27346420288086,71.3244400024414,34.27712631225586
2011-05-04,103.5926513671875,34.689170837402344,71.45870208740234,34.081703186035156
2011-05-05,102.65528869628906,34.35734939575195,71.6198501586914,34.05936813354492
2011-05-06,103.10858154296875,34.80458068847656,71.61315155029297,33.75786590576172
2011-05-09,103.50812530517578,34.869503021240234,71.69373321533203,33.930946350097656
2011-05-10,104.3917236328125,35.28066635131836,71.56615447998047,34.46696472167969
2011-05-11,103.29296112060547,34.501617431640625,71.69373321533203,34.10403060913086
2011-05-12,103.78472137451172,34.60260772705078,71.58627319335938,34.159881591796875
2011-05-13,102.98567962646484,33.84519958496094,71.7004623413086,33.79693603515625
2011-05-16,102.33261108398438,33.794708251953125,71.85484313964844,33.84720230102539
2011-05-17,102.31723022460938,33.90290832519531,71.9354248046875,33.836036682128906
2011-05-18,103.2315444946289,34.45112228393555,71.8212890625,34.16545104980469
2011-05-19,103.4773941040039,34.22750473022461,71.76751708984375,34.31063461303711
2011-05-20,102.65528869628906,33.953407287597656,71.83473205566406,33.89187240600586
2011-05-23,101.46440124511719,33.246498107910156,71.8951416015625,33.54569625854492
2011-05-24,101.3798828125,33.578311920166016,71.92194366455078,33.64618682861328
2011-05-25,101.71792602539062,33.65044021606445,71.9085922241211,33.80252456665039
2011-05-26,102.18659973144531,34.08323669433594,72.06300354003906,34.25478744506836
2011-05-27,102.57846069335938,34.44390869140625,72.13016510009766,34.45021057128906
2011-05-31,103.64642333984375,35.00655746459961,72.15026092529297,34.997398376464844
2011-06-01,101.31839752197266,34.37898635864258,72.4620590209961,33.99236297607422
2011-06-02,101.21083068847656,34.70359420776367,72.17249298095703,33.746700286865234
2011-06-03,100.204345703125,34.53047561645508,72.266845703125,33.880699157714844
2011-06-06,99.14407348632812,33.975032806396484,72.28024291992188,33.383766174316406
2011-06-07,99.0826416015625,34.24195098876953,72.42835998535156,33.73552703857422
2011-06-08,98.6677017211914,33.996673583984375,72.48900604248047,33.64060974121094
2011-06-09,99.420654296875,34.26358413696289,72.38124084472656,33.277679443359375
2011-06-10,98.0376968383789,33.52059555053711,72.37454223632812,32.440155029296875
2011-06-13,98.11449432373047,33.462886810302734,72.28024291992188,32.574161529541016
2011-06-14,99.35919189453125,33.967838287353516,72.08495330810547,33.05992126464844
2011-06-15,97.59205627441406,33.23927688598633,72.266845703125,32.52948760986328
2011-06-16,97.80718994140625,32.98680877685547,72.31390380859375,32.78633117675781
2011-06-17,98.09905242919922,33.03009033203125,72.38124084472656,33.099002838134766
2011-06-20,98.60092163085938,32.97959899902344,72.28689575195312,33.50101089477539
2011-06-21,99.95216369628906,33.58551788330078,72.35431671142578,33.7634391784668
2011-06-22,99.34990692138672,33.25111770629883,72.30714416503906,33.6629524230957
2011-06-23,99.06422424316406,33.20741271972656,72.54279327392578,32.98176193237305
2011-06-24,97.91373443603516,33.14912414550781,72.47549438476562,32.986812591552734
2011-06-27,98.78626251220703,33.535255432128906,72.3475570678711,33.12760543823242
2011-06-28,100.07572937011719,33.99423599243164,72.05802154541016,33.40351867675781
2011-06-29,100.93278503417969,34.307518005371094,71.84253692626953,33.752647399902344
2011-06-30,101.89794158935547,34.67908477783203,71.82905578613281,33.84275436401367
2011-07-01,103.40359497070312,35.08706283569336,71.85205078125,34.4227409362793
2011-07-05,103.31864166259766,35.0724983215332,72.12894439697266,34.687416076660156
2011-07-06,103.44219207763672,34.83935546875,72.1694564819336,34.946434020996094
2011-07-07,104.51543426513672,35.32019805908203,71.96685028076172,35.385658264160156
2011-07-08,103.77417755126953,34.919498443603516,72.33822631835938,35.34061050415039
2011-07-11,101.89794158935547,33.9432373046875,72.53407287597656,34.726810455322266
2011-07-12,101.45780181884766,33.60082244873047,72.59487915039062,34.84508514404297
2011-07-13,101.79756927490234,34.147239685058594,72.7366943359375,34.5015869140625
2011-07-14,101.09491729736328,33.7829475402832,72.5543441772461,34.18061828613281
2011-07-15,101.68172454833984,33.99423599243164,72.65565490722656,34.557884216308594
2011-07-18,100.84782409667969,33.60082244873047,72.54761505126953,34.315757751464844
2011-07-19,102.48471069335938,34.08894729614258,72.7029037475586,34.86759567260742
2011-07-20,102.42298126220703,34.190948486328125,72.58809661865234,35.12098693847656
2011-07-21,103.84369659423828,34.737361907958984,72.473388671875,35.402549743652344
2011-07-22,103.9132080078125,34.71551513671875,72.62864685058594,35.57711410522461
2011-07-25,103.33405303955078,34.64265060424805,72.41928100585938,35.2448844909668
2011-07-26,102.94800567626953,34.75922393798828,72.58809661865234,35.32371139526367
2011-07-27,100.8401107788086,34.147239685058594,72.46656036376953,34.332645416259766
2011-07-28,100.54671478271484,34.17637252807617,72.60832977294922,34.36643981933594
2011-07-29,99.8594970703125,34.322086334228516,73.04055786132812,34.3720703125
2011-08-01,99.434814453125,34.29294967651367,73.21662902832031,33.854000091552734
2011-08-02,96.89453887939453,33.23653793334961,73.52815246582031,32.77284622192383
2011-08-03,97.41959381103516,33.11997604370117,73.60260772705078,32.50254821777344
2011-08-04,92.85629272460938,31.225738525390625,73.9953842163086,30.91458511352539
2011-08-05,92.71732330322266,31.021739959716797,73.50780487060547,30.14312744140625
2011-08-08,86.67927551269531,28.43538475036621,73.54169464111328,27.524675369262695
2011-08-09,90.70979309082031,30.1037654876709,73.97506713867188,30.030508041381836
2011-08-10,86.7024154663086,28.508243560791016,74.57775115966797,29.337888717651367
2011-08-11,90.59394073486328,30.08191680908203,73.64998626708984,30.858272552490234
2011-08-12,91.20391845703125,30.067340850830078,73.97506713867188,30.852632522583008
2011-08-15,93.13423919677734,30.766752243041992,74.09017944335938,31.978849411010742
2011-08-16,92.3389663696289,30.50446891784668,74.24591064453125,31.883129119873047
2011-08-17,92.40074157714844,30.72304344177246,74.36781311035156,31.97323226928711
2011-08-18,88.41654205322266,29.273229598999023,74.4761734008789,30.548564910888672
2011-08-19,86.97267150878906,28.9089412689209,74.5100326538086,29.962932586669922
2011-08-22,87.04216766357422,28.87980079650879,74.41522979736328,29.996719360351562
2011-08-23,89.90675354003906,29.89248275756836,74.23919677734375,30.734392166137695
2011-08-24,91.17304229736328,29.601076126098633,73.8193130493164,31.13982391357422
2011-08-25,89.78321075439453,29.025510787963867,73.96823120117188,30.559833526611328
2011-08-26,91.08810424804688,29.52092742919922,74.0698471069336,30.93147850036621
2011-08-29,93.70565032958984,30.475337982177734,73.98860931396484,31.990114212036133
2011-08-30,93.95272064208984,30.519033432006836,74.21885681152344,32.08021545410156
2011-08-31,94.36968231201172,31.145599365234375,74.15110778808594,32.44060516357422
2011-09-01,93.3813247680664,30.9780330657959,74.39000701904297,31.97323226928711
2011-09-02,90.9954605102539,30.278623580932617,74.61393737792969,31.218652725219727
2011-09-06,90.3313980102539,29.965341567993164,74.81073760986328,31.08351707458496
2011-09-07,92.87947082519531,30.85418128967285,74.63427734375,32.25478744506836
2011-09-08,91.91431427001953,30.16934585571289,74.65467071533203,32.007022857666016
2011-09-09,89.50525665283203,29.149368286132812,74.75645446777344,31.004669189453125
2011-09-12,90.08435821533203,29.091083526611328,74.60718536376953,31.10603141784668
2011-09-13,90.9105224609375,29.13479232788086,74.63427734375,31.17924690246582
2011-09-14,92.16909790039062,29.05466079711914,74.64787292480469,31.381973266601562
2011-09-15,93.75968170166016,29.477216720581055,74.43070220947266,31.900014877319336
2011-09-16,94.31461334228516,29.52821922302246,74.53924560546875,32.20973587036133
2011-09-19,93.37548828125,28.653945922851562,74.70219421386719,31.50584602355957
2011-09-20,93.266845703125,28.442670822143555,74.8514404296875,31.488950729370117
2011-09-21,90.51934051513672,27.386272430419922,74.9736099243164,29.827783584594727
2011-09-22,87.5933837890625,25.462894439697266,75.1907958984375,29.10139274597168
2011-09-23,88.12115478515625,26.140451431274414,74.8039321899414,29.31572723388672
2011-09-26,90.21666717529297,26.53386688232422,74.63427734375,29.725107192993164
2011-09-27,91.22563934326172,27.378984451293945,74.53250885009766,30.020771026611328
2011-09-28,89.3629379272461,26.555723190307617,74.47139739990234,29.258872985839844
2011-09-29,90.0692138671875,26.920011520385742,74.44429779052734,29.713748931884766
2011-09-30,87.81845092773438,25.572175979614258,74.72254943847656,28.923402786254883
2011-10-03,85.31930541992188,25.03304672241211,75.02783203125,27.558835983276367
2011-10-04,87.18978881835938,25.419179916381836,74.79669952392578,28.644813537597656
2011-10-05,88.80415344238281,26.009307861328125,74.54508209228516,28.400325775146484
2011-10-06,90.41070556640625,26.86900520324707,74.42264556884766,29.179277420043945
2011-10-07,89.80531311035156,26.548437118530273,74.27307891845703,28.3662166595459
2011-10-10,92.80892944335938,27.735984802246094,74.12349700927734,29.781967163085938
2011-10-11,92.90206909179688,27.750545501708984,74.3003158569336,29.190643310546875
2011-10-12,93.71699523925781,28.530094146728516,74.1574478149414,29.668243408203125
2011-10-13,93.53073120117188,28.275104522705078,74.19828033447266,29.474937438964844
2011-10-14,95.12954711914062,28.84337615966797,74.07586669921875,30.157224655151367
2011-10-17,93.3134536743164,27.867116928100586,74.36820983886719,29.503358840942383
2011-10-18,95.13731384277344,28.61023712158203,74.28665924072266,30.543855667114258
2011-10-19,94.01193237304688,28.063825607299805,74.39545440673828,30.191341400146484
2011-10-20,94.42324829101562,27.52469253540039,74.35466003417969,30.36191749572754
2011-10-21,96.21612548828125,28.31153106689453,74.39545440673828,31.362613677978516
2011-10-24,97.39582824707031,29.41893196105957,74.27986145019531,32.141536712646484
2011-10-25,95.50206756591797,28.836101531982422,74.6606216430664,31.618459701538086
2011-10-26,96.47224426269531,29.367931365966797,74.4566650390625,31.851573944091797
2011-10-27,99.83285522460938,31.152881622314453,74.17112731933594,33.363990783691406
2011-10-28,99.80957794189453,30.890615463256836,74.46347045898438,33.432228088378906
2011-10-31,97.40357208251953,29.732215881347656,74.81704711914062,33.056949615478516
2011-11-01,94.68714904785156,29.010940551757812,75.17632293701172,31.993724822998047
2011-11-02,96.23165130615234,29.8997802734375,75.17632293701172,32.6077766418457
2011-11-03,97.98567199707031,30.20577621459961,75.01264953613281,33.056949615478516
2011-11-04,97.3880844116211,30.009061813354492,74.99224090576172,32.789730072021484
2011-11-07,97.99344635009766,30.26404571533203,75.05361938476562,32.795406341552734
2011-11-08,99.2507553100586,30.62104034423828,74.95137786865234,33.22184371948242
2011-11-09,95.58746337890625,28.82880401611328,75.08088684082031,31.703750610351562
2011-11-10,96.48773193359375,29.018226623535156,74.93770599365234,31.69806480407715
2011-11-11,98.30391693115234,29.717639923095703,74.8491439819336,32.55092239379883
2011-11-14,97.37255859375,29.309648513793945,74.91043090820312,31.94823455810547
2011-11-15,97.85372924804688,29.491790771484375,74.81503295898438,32.187034606933594
2011-11-16,96.30152893066406,28.697662353515625,74.7877426147461,31.88001251220703
2011-11-17,94.77252197265625,27.96910858154297,74.746826171875,31.29437828063965
2011-11-18,94.671630859375,28.078399658203125,74.73318481445312,31.49338150024414
2011-11-21,92.87100219726562,27.174991607666016,74.71951293945312,30.69736671447754
2011-11-22,92.50624084472656,27.269702911376953,74.77407836914062,30.55522918701172
2011-11-23,90.46504211425781,26.38815689086914,74.84225463867188,29.634124755859375
2011-11-25,90.29429626464844,26.300729751586914,74.7400131225586,29.764902114868164
2011-11-28,92.90983581542969,27.561126708984375,74.73318481445312,30.43015480041504
2011-11-29,93.1736831665039,27.437265396118164,74.76045989990234,30.384658813476562
2011-11-30,97.00776672363281,29.149368286132812,74.56958770751953,31.80040168762207
2011-12-01,96.99224090576172,29.06194496154785,74.59559631347656,31.538864135742188
2011-12-02,96.90686798095703,28.97452163696289,74.78754425048828,31.510425567626953
2011-12-05,97.96239471435547,29.448070526123047,74.86974334716797,31.77765655517578
2011-12-06,97.99344635009766,29.04736328125,74.80125427246094,31.72649574279785
2011-12-07,98.35824584960938,29.163938522338867,74.93827819824219,32.07332229614258
2011-12-08,96.20061492919922,28.114830017089844,75.01365661621094,31.345548629760742
2011-12-09,97.83045196533203,28.683090209960938,74.97259521484375,32.03351593017578
2011-12-12,96.40235137939453,27.60483741760254,74.99311065673828,31.464950561523438
2011-12-13,95.50206756591797,27.349843978881836,75.1438980102539,31.095369338989258
2011-12-14,94.48536682128906,26.9564266204834,75.32899475097656,31.277307510375977
2011-12-15,94.8268814086914,27.13128089904785,75.17130279541016,31.80040168762207
2011-12-16,94.96741485595703,27.33527374267578,75.42491912841797,32.152923583984375
2011-12-19,93.95206451416016,26.628578186035156,75.50032043457031,31.87431526184082
2011-12-20,96.79509735107422,27.744386672973633,75.39749908447266,32.84089660644531
2011-12-21,96.9825210571289,27.8326473236084,75.20558166503906,32.829524993896484
2011-12-22,97.8416976928711,28.20041275024414,75.32210540771484,33.30143737792969
2011-12-23,98.71648406982422,28.31075096130371,75.23306274414062,33.44631576538086
2011-12-27,98.79456329345703,28.03859519958496,75.36876678466797,33.595787048339844
2011-12-28,97.49803924560547,27.56785774230957,75.49897766113281,33.19335174560547
2011-12-29,98.50560760498047,27.884143829345703,75.67726135253906,33.486549377441406
2011-12-30,98.02134704589844,27.906200408935547,75.58125305175781,33.342838287353516
2012-01-03,99.58344268798828,28.759428024291992,75.43041229248047,33.624534606933594
2012-01-04,99.73965454101562,28.597604751586914,75.32760620117188,33.04964065551758
2012-01-05,100.00518035888672,28.472564697265625,75.43041229248047,33.360069274902344
2012-01-06,99.74744415283203,28.112154006958008,75.49208068847656,33.25086212158203
2012-01-09,99.98957824707031,28.406360626220703,75.43041229248047,33.13587188720703
2012-01-10,100.85655975341797,29.024221420288086,75.40987396240234,33.50379180908203
2012-01-11,100.91120910644531,29.046279907226562,75.67726135253906,33.739498138427734
2012-01-12,101.15335083007812,29.163969039916992,75.61551666259766,33.49229431152344
2012-01-13,100.6300277709961,28.899173736572266,75.78697967529297,33.567039489746094
2012-01-17,101.02053833007812,29.450830459594727,75.80748748779297,33.84297561645508
2012-01-18,102.13744354248047,30.19371223449707,75.71150207519531,34.07866668701172
2012-01-19,102.67638397216797,30.458513259887695,75.58809661865234,34.210899353027344
2012-01-20,103.05908203125,30.436439514160156,75.39617919921875,34.42359924316406
2012-01-23,102.79354858398438,30.73065948486328,75.3344497680664,34.59031677246094
2012-01-24,102.67638397216797,30.77478790283203,75.39617919921875,34.854759216308594
2012-01-25,103.53551483154297,31.120487213134766,75.50582885742188,35.303157806396484
2012-01-26,103.0043716430664,30.995441436767578,75.65668487548828,35.55035400390625
2012-01-27,102.95756530761719,31.157258987426758,75.78007507324219,35.561859130859375
2012-01-30,102.60607147216797,30.708593368530273,75.9994125366211,35.29741287231445
2012-01-31,102.56702423095703,30.973390579223633,76.12971496582031,35.46987533569336
2012-02-01,103.46521759033203,31.65744400024414,75.99568939208984,35.82054138183594
2012-02-02,103.6292495727539,31.745695114135742,76.01632690429688,35.90103530883789
2012-02-03,105.08198547363281,32.2752799987793,75.98194885253906,36.401187896728516
2012-02-06,105.01171112060547,32.003135681152344,76.03687286376953,36.28620910644531
2012-02-07,105.27725982666016,32.0693359375,75.96129608154297,36.19422149658203
2012-02-08,105.58969116210938,32.29734802246094,75.8995132446289,36.2574462890625
2012-02-09,105.72246551513672,32.28263473510742,75.7757568359375,35.99302291870117
2012-02-10,104.94139099121094,31.569171905517578,75.87885284423828,35.65958023071289
2012-02-13,105.72246551513672,32.08403396606445,75.90633392333984,36.021766662597656
2012-02-14,105.58969116210938,31.819246292114258,75.96817016601562,35.65385437011719
2012-02-15,105.0976333618164,31.907514572143555,75.94071960449219,35.441139221191406
2012-02-16,106.26138305664062,32.253211975097656,75.92697143554688,35.8148078918457
2012-02-17,106.54256439208984,32.31205368041992,75.8307113647461,35.84355163574219
2012-02-21,106.5893783569336,32.17966842651367,75.7138900756836,35.28591537475586
2012-02-22,106.24571990966797,32.238502502441406,75.92697143554688,34.98698425292969
2012-02-23,106.71440124511719,32.17966842651367,75.98876953125,35.423885345458984
2012-02-24,106.94871520996094,32.5032844543457,76.00944519042969,35.46987533569336
2012-02-27,107.12837219238281,32.17966842651367,76.25000762939453,35.412384033203125
2012-02-28,107.44073486328125,32.628334045410156,76.1949691772461,35.205440521240234
2012-02-29,107.01898193359375,32.60627746582031,76.1193618774414,35.06172180175781
2012-03-01,107.57352447509766,32.91519546508789,75.96571350097656,35.274417877197266
2012-03-02,107.24551391601562,32.83428192138672,76.1311264038086,35.22267532348633
2012-03-05,106.80814361572266,32.267921447753906,76.02082824707031,35.5790901184082
2012-03-06,105.2459945678711,31.18669319152832,76.1724853515625,35.10771179199219
2012-03-07,105.98018646240234,31.561809539794922,76.10353088378906,35.29741287231445
2012-03-08,107.03459930419922,32.22379684448242,75.9312515258789,35.113460540771484
2012-03-09,107.44854736328125,32.20909118652344,75.9175796508789,35.28591537475586
2012-03-12,107.45639038085938,31.85601806640625,75.98637390136719,35.54462432861328
2012-03-13,109.39337921142578,32.72395324707031,75.73147583007812,36.263206481933594
2012-03-14,109.27620697021484,32.20909118652344,75.3180923461914,36.16548156738281
2012-03-15,109.9088363647461,32.466522216796875,75.28366088867188,36.11373519897461
2012-03-16,110.06111145019531,32.429744720458984,75.29060363769531,36.32070541381836
2012-03-19,110.49244689941406,32.3046989440918,75.0494384765625,36.573638916015625
2012-03-20,110.17090606689453,31.745695114135742,75.15966796875,36.52190017700195
2012-03-21,109.9904556274414,31.804540634155273,75.33876037597656,36.47016143798828
2012-03-22,109.1981201171875,31.31907844543457,75.40766143798828,35.97002410888672
2012-03-23,109.5511474609375,31.554452896118164,75.57991790771484,36.19422149658203
2012-03-26,111.08870697021484,32.10610580444336,75.52478790283203,36.61842727661133
2012-03-27,110.74352264404297,31.936927795410156,75.60743713378906,36.624210357666016
2012-03-28,110.19442749023438,31.400001525878906,75.59371948242188,36.56626510620117
2012-03-29,110.00617980957031,31.363204956054688,75.8004150390625,36.58365249633789
2012-03-30,110.46107482910156,31.591232299804688,75.68330383300781,36.884979248046875
2012-04-02,111.26915740966797,32.02519226074219,75.69226837158203,37.145748138427734
2012-04-03,110.81413269042969,31.8413028717041,75.36771392822266,37.00088119506836
2012-04-04,109.71586608886719,31.26759910583496,75.52652740478516,36.59524154663086
2012-04-05,109.6609878540039,31.43678092956543,75.6991195678711,36.456153869628906
2012-04-09,108.42936706542969,30.973390579223633,76.03057098388672,36.067893981933594
2012-04-10,106.6093978881836,30.370248794555664,76.03750610351562,35.29136657714844
2012-04-11,107.47229766845703,30.70123291015625,76.04439544677734,35.74338150024414
2012-04-12,108.87652587890625,31.48826026916504,75.96846771240234,36.23593521118164
2012-04-13,107.58208465576172,31.010156631469727,76.2032241821289,36.08527374267578
2012-04-16,107.51155853271484,30.85569953918457,76.21701049804688,36.57783889770508
2012-04-17,109.10397338867188,31.20874786376953,76.23084259033203,36.89078140258789
2012-04-18,108.7353286743164,31.0616455078125,76.32750701904297,36.64158630371094
2012-04-19,108.03713989257812,30.92188835144043,76.27230072021484,36.64158630371094
2012-04-20,108.21752166748047,31.135194778442383,76.28604888916016,37.087799072265625
2012-04-23,107.30756378173828,30.53942108154297,76.36204528808594,36.7053337097168
2012-04-24,107.71552276611328,30.605621337890625,76.25159454345703,37.255855560302734
2012-04-25,109.19026947021484,30.88512420654297,76.28604888916016,37.6846809387207
2012-04-26,109.95123291015625,31.07636260986328,76.40348815917969,37.77740478515625
2012-04-27,110.13164520263672,31.120487213134766,76.39656066894531,38.03819274902344
2012-04-30,109.72372436523438,31.05429458618164,76.36894226074219,37.93967056274414
2012-05-01,110.40620422363281,31.260251998901367,76.34123992919922,38.351097106933594
2012-05-02,110.07674407958984,31.20139503479004,76.4173355102539,38.29317092895508
2012-05-03,109.23734283447266,30.966022491455078,76.50035095214844,38.159881591796875
2012-05-04,107.47229766845703,30.42173194885254,76.57649993896484,37.82377243041992
2012-05-07,107.5507583618164,30.53206443786621,76.60419464111328,38.0903434753418
2012-05-08,107.1192855834961,30.046613693237305,76.6595687866211,38.020790100097656
2012-05-09,106.48388671875,29.656766891479492,76.68034362792969,37.89910125732422
2012-05-10,106.70354461669922,29.781816482543945,76.60419464111328,37.92806625366211
2012-05-11,106.38190460205078,29.39933967590332,76.6595687866211,38.00919723510742
2012-05-14,105.20516967773438,28.73000717163086,76.83252716064453,37.528221130371094
2012-05-15,104.60114288330078,28.47991371154785,76.79100036621094,37.33119201660156
2012-05-16,104.20108795166016,28.07537269592285,76.77719116210938,36.91975402832031
2012-05-17,102.6556625366211,27.692899703979492,76.82561492919922,35.841888427734375
2012-05-18,101.77704620361328,27.4281063079834,76.80486297607422,35.40727233886719
2012-05-21,103.52640533447266,28.082735061645508,76.79100036621094,36.177974700927734
2012-05-22,103.70686340332031,27.788511276245117,76.60419464111328,36.24753189086914
2012-05-23,103.76179504394531,27.597278594970703,76.69416046142578,36.2996826171875
2012-05-24,103.96572875976562,27.457534790039062,76.63190460205078,36.46194839477539
2012-05-25,103.62842559814453,27.32513427734375,76.74948120117188,36.31707000732422
2012-05-29,104.88353729248047,28.097444534301758,76.70799255371094,36.832828521728516
2012-05-30,103.36166381835938,27.611988067626953,76.9640121459961,35.95778274536133
2012-05-31,103.13421630859375,27.72967529296875,77.19236755371094,36.23015213012695
2012-06-01,100.53762817382812,26.986774444580078,77.38508605957031,35.343509674072266
2012-06-04,100.49052429199219,27.104469299316406,77.20482635498047,35.100135803222656
2012-06-05,101.25147247314453,27.17803192138672,77.04534912109375,35.82451248168945
2012-06-06,103.52640533447266,27.972400665283203,76.81651306152344,36.61842727661133
2012-06-07,103.58920288085938,28.141571044921875,76.93441009521484,36.35763931274414
2012-06-08,104.41291809082031,27.898849487304688,76.89971160888672,36.873390197753906
2012-06-11,103.08712768554688,27.49430274963379,76.96905517578125,36.04472351074219
2012-06-12,104.27166748046875,28.068021774291992,76.90666198730469,36.38661575317383
2012-06-13,103.6048812866211,27.965042114257812,77.10773468017578,36.201175689697266
2012-06-14,104.70313262939453,28.16364288330078,77.05228424072266,36.728519439697266
2012-06-15,105.7739486694336,28.678516387939453,77.23255920410156,36.95452117919922
2012-06-18,105.97899627685547,28.737361907958984,77.21172332763672,37.26167297363281
2012-06-19,107.00403594970703,29.200742721557617,77.12165832519531,37.412315368652344
2012-06-20,106.83055877685547,29.10512351989746,77.00373077392578,37.39494705200195
2012-06-21,104.43343353271484,28.039226531982422,77.10773468017578,36.78647232055664
2012-06-22,105.23777770996094,28.12855339050293,76.99679565429688,36.7922477722168
2012-06-25,103.5502700805664,27.607511520385742,77.239501953125,36.60472106933594
2012-06-26,104.07071685791016,27.845705032348633,77.15625,36.7274055480957
2012-06-27,105.00907135009766,28.02434539794922,77.19096374511719,36.87347412109375
2012-06-28,104.70941925048828,27.890361785888672,77.2810287475586,37.27662658691406
2012-06-29,107.31946563720703,29.1259708404541,77.17713928222656,38.2289924621582
2012-07-02,107.64276123046875,29.1259708404541,77.3250732421875,38.649658203125
2012-07-03,108.3524398803711,29.7065486907959,77.26950073242188,38.877532958984375
2012-07-05,107.86357879638672,29.393924713134766,77.47102355957031,38.63798141479492
2012-07-06,106.83849334716797,28.857999801635742,77.52658081054688,38.73146057128906
2012-07-09,106.70442199707031,28.753803253173828,77.67938232421875,38.77235412597656
2012-07-10,105.7739486694336,28.433734893798828,77.7141342163086,38.357521057128906
2012-07-11,105.78974151611328,28.582595825195312,77.70719909667969,38.3984260559082
2012-07-12,105.2772216796875,28.106218338012695,77.84619140625,38.515289306640625
2012-07-13,107.04353332519531,28.64959144592285,77.87397766113281,38.988555908203125
2012-07-16,106.7911605834961,28.582595825195312,77.93646240234375,39.064491271972656
2012-07-17,107.52449035644531,28.96221351623535,77.90874481201172,39.438453674316406
2012-07-18,108.32091522216797,28.887779235839844,78.06155395507812,39.20473861694336
2012-07-19,108.60478973388672,29.15574073791504,77.99906158447266,38.795738220214844
2012-07-20,107.61122131347656,28.724027633666992,78.11019134521484,38.591251373291016
2012-07-23,106.52303314208984,27.972238540649414,78.17970275878906,38.310787200927734
2012-07-24,105.60832214355469,27.8531494140625,78.2769546508789,38.1822509765625
2012-07-25,105.63201141357422,27.98712921142578,78.30477905273438,38.164730072021484
2012-07-26,107.37471771240234,28.61981964111328,78.25614166259766,38.503604888916016
2012-07-27,109.3538818359375,29.42369842529297,78.01988220214844,38.87168502807617
2012-07-30,109.3538818359375,29.252500534057617,78.1518783569336,39.05281448364258
2012-07-31,108.58902740478516,29.1185245513916,78.22831726074219,38.99437713623047
2012-08-01,108.49440002441406,29.170618057250977,78.13787078857422,38.807411193847656
2012-08-02,107.74531555175781,28.828227996826172,78.15174102783203,38.918434143066406
2012-08-03,109.8822250366211,29.721437454223633,77.96377563476562,39.222259521484375
2012-08-06,110.0950927734375,29.907520294189453,78.08212280273438,39.18135452270508
2012-08-07,110.6470947265625,29.989402770996094,77.8732681274414,38.71976852416992
2012-08-08,110.78113555908203,30.048952102661133,77.77579498291016,38.45684814453125
2012-08-09,110.87578582763672,30.175487518310547,77.75489807128906,38.33415222167969
2012-08-10,111.05714416503906,30.316905975341797,77.88025665283203,38.38673782348633
2012-08-13,111.00192260742188,30.048952102661133,77.8732681274414,38.357521057128906
2012-08-14,111.01771545410156,30.0414981842041,77.6922378540039,38.27574157714844
2012-08-15,111.14386749267578,29.9968318939209,77.44168090820312,38.45100784301758
2012-08-16,111.96395111083984,30.27224349975586,77.3442153930664,38.74314498901367
2012-08-17,112.11380004882812,30.123374938964844,77.4347152709961,38.754844665527344
2012-08-20,112.1216049194336,30.108495712280273,77.40686798095703,38.64382553100586
2012-08-21,111.78252410888672,30.063831329345703,77.51123809814453,38.72563171386719
2012-08-22,111.82988739013672,30.078723907470703,77.84542846679688,38.70223617553711
2012-08-23,110.91520690917969,29.80331802368164,77.90115356445312,38.58539581298828
2012-08-24,111.58544158935547,29.810754776000977,77.84542846679688,38.71393966674805
2012-08-27,111.60906219482422,29.505577087402344,77.9498519897461,38.83079147338867
2012-08-28,111.49869537353516,29.446033477783203,78.012451171875,38.965179443359375
2012-08-29,111.58544158935547,29.30459976196289,77.93595123291016,38.9534912109375
2012-08-30,110.78113555908203,28.96221351623535,77.98464965820312,38.8658447265625
2012-08-31,111.30946350097656,29.237611770629883,78.22834014892578,38.988555908203125
2012-09-04,111.20695495605469,29.073863983154297,78.21367645263672,39.26314926147461
2012-09-05,111.1122817993164,28.924989700317383,78.21367645263672,39.19304656982422
2012-09-06,113.36754608154297,29.565126419067383,78.03240966796875,39.543601989746094
2012-09-07,113.80912780761719,30.249916076660156,78.04621887207031,39.57865524291992
2012-09-10,113.16255187988281,29.86285972595215,78.06018829345703,39.26900100708008
2012-09-11,113.47789764404297,30.22014045715332,77.96952056884766,39.38585662841797
2012-09-12,113.85643005371094,30.35411834716797,77.82306671142578,39.4676628112793
2012-09-13,115.5912094116211,31.172901153564453,78.00444030761719,39.952598571777344
2012-09-14,116.1037368774414,31.537616729736328,77.68355560302734,40.174617767333984
2012-09-17,115.70948791503906,31.195228576660156,77.80907440185547,40.05775451660156
2012-09-18,115.61482238769531,31.210119247436523,77.85791778564453,39.67799758911133
2012-09-19,115.67790985107422,31.210119247436523,78.01139068603516,39.455970764160156
2012-09-20,115.68585205078125,31.02403450012207,77.96253967285156,38.87168502807617
2012-09-21,115.63748168945312,31.098459243774414,78.08812713623047,38.877532958984375
2012-09-24,115.46305084228516,31.068689346313477,78.17182922363281,38.733245849609375
2012-09-25,114.23432159423828,30.607206344604492,78.29740142822266,38.1619987487793
2012-09-26,113.59221649169922,30.465774536132812,78.37407684326172,38.1561164855957
2012-09-27,114.66239929199219,30.949594497680664,78.32527923583984,38.321006774902344
2012-09-28,114.13127899169922,30.76352310180664,78.43689727783203,38.262107849121094
2012-10-01,114.43248748779297,31.068689346313477,78.40684509277344,37.97943115234375
2012-10-02,114.55140686035156,31.113353729248047,78.46975708007812,38.268001556396484
2012-10-03,115.01911926269531,30.90494155883789,78.44178009033203,38.34456253051758
2012-10-04,115.84359741210938,31.225004196166992,78.32997131347656,38.33279037475586
2012-10-05,115.85152435302734,31.225004196166992,78.16925811767578,38.37989807128906
2012-10-08,115.45513916015625,30.949594497680664,78.28804016113281,38.29743576049805
2012-10-09,114.3135757446289,30.718854904174805,78.20413970947266,38.1561164855957
2012-10-10,113.58426666259766,30.532760620117188,78.32997131347656,38.309226989746094
2012-10-11,113.64771270751953,30.81561279296875,78.4278335571289,38.279788970947266
2012-10-12,113.27510070800781,30.718854904174805,78.49069213867188,38.14433288574219
2012-10-15,114.21847534179688,30.897485733032227,78.53265380859375,38.39755630493164
2012-10-16,115.37584686279297,31.217554092407227,78.40684509277344,38.63312530517578
2012-10-17,115.89909362792969,31.46318817138672,78.16222381591797,38.527130126953125
2012-10-18,115.59786987304688,31.37386703491211,78.13423156738281,38.92169952392578
2012-10-19,113.67149353027344,30.89004135131836,78.23214721679688,38.597801208496094
2012-10-22,113.68733978271484,31.187789916992188,78.12727355957031,38.4034538269043
2012-10-23,112.10977935791016,30.547649383544922,78.30206298828125,38.014774322509766
2012-10-24,111.79266357421875,30.57742691040039,78.24610900878906,37.985321044921875
2012-10-25,112.11769104003906,30.912382125854492,78.07840728759766,37.87931442260742
2012-10-26,112.05425262451172,30.67418670654297,78.28804016113281,37.54951477050781
2012-10-31,112.05425262451172,30.629533767700195,78.39984893798828,37.914642333984375
2012-11-01,113.2275390625,31.12822723388672,78.296875,38.097225189208984
2012-11-02,112.22078704833984,30.964473724365234,78.34590148925781,38.35045623779297
2012-11-05,112.45063781738281,31.113353729248047,78.4789810180664,38.097225189208984
2012-11-06,113.33059692382812,31.35898780822754,78.25486755371094,38.262107849121094
2012-11-07,110.76211547851562,30.84538459777832,78.43696594238281,38.0913200378418
2012-11-08,109.4302749633789,30.458328247070312,78.5350570678711,37.637855529785156
2012-11-09,109.52538299560547,30.517879486083984,78.49296569824219,37.53773880004883
2012-11-12,109.61263275146484,30.629533767700195,78.47195434570312,37.449398040771484
2012-11-13,109.23211669921875,30.35411834716797,78.61207580566406,37.41995620727539
2012-11-14,107.7575454711914,29.88519287109375,78.63309478759766,36.719139099121094
2012-11-15,107.57523345947266,29.989402770996094,78.55602264404297,36.54835891723633
2012-11-16,108.10643005371094,30.078723907470703,78.58401489257812,36.772151947021484
2012-11-19,110.29440307617188,30.607206344604492,78.64006805419922,37.225616455078125
2012-11-20,110.34192657470703,30.547649383544922,78.49296569824219,37.50240707397461
2012-11-21,110.54806518554688,30.488100051879883,78.35995483398438,37.437618255615234
2012-11-23,112.05425262451172,30.986812591552734,78.40894317626953,37.71443557739258
2012-11-26,111.81644439697266,30.986812591552734,78.43696594238281,37.79098129272461
2012-11-27,111.24568176269531,30.72629165649414,78.54204559326172,37.57896423339844
2012-11-28,112.14146423339844,30.897485733032227,78.55602264404297,37.5318489074707
2012-11-29,112.66470336914062,31.12079620361328,78.65409851074219,37.73798751831055
2012-11-30,112.68841552734375,31.105899810791016,78.61207580566406,37.81453323364258
2012-12-03,112.1335220336914,31.09101676940918,78.62332916259766,37.9676628112793
2012-12-04,111.97499084472656,31.180335998535156,78.67263793945312,38.026546478271484
2012-12-05,112.1731948852539,31.51529884338379,78.74308776855469,37.90876388549805
2012-12-06,112.55369567871094,31.753477096557617,78.73603820800781,38.262107849121094
2012-12-07,112.89459228515625,31.85025405883789,78.66555786132812,38.4034538269043
2012-12-10,112.94213104248047,32.02888488769531,78.6797103881836,38.38578414916992
2012-12-11,113.71112823486328,32.1926383972168,78.6515121459961,38.480010986328125
2012-12-12,113.76663208007812,32.2894172668457,78.43309783935547,38.374019622802734
2012-12-13,113.06897735595703,32.147987365722656,78.30628967285156,38.07955551147461
2012-12-14,112.64879608154297,32.2894172668457,78.44718933105469,38.073646545410156
2012-12-17,113.97270965576172,32.37128829956055,78.2569580078125,38.27388381958008
2012-12-18,115.24109649658203,32.597434997558594,78.07380676269531,38.66847229003906
2012-12-19,114.38495635986328,32.58245849609375,78.20762634277344,38.61546325683594
2012-12-20,115.04297637939453,32.77715301513672,78.21464538574219,39.121944427490234
2012-12-21,113.99864959716797,32.40272903442383,78.2851333618164,39.057151794433594
2012-12-24,113.64734649658203,32.33534622192383,78.29216003417969,39.109012603759766
2012-12-26,113.1683349609375,32.43268966674805,78.39812469482422,38.924224853515625
2012-12-27,113.01665496826172,32.6154670715332,78.44049072265625,39.06728744506836
2012-12-28,111.79515838623047,32.735321044921875,78.56047821044922,38.810977935791016
2012-12-31,113.69530487060547,33.222232818603516,78.41926574707031,39.222267150878906
2013-01-02,116.60931396484375,33.87395095825195,78.32749938964844,39.7110595703125
2013-01-03,116.34581756591797,33.63423156738281,78.12980651855469,39.705101013183594
2013-01-04,116.8568115234375,33.70165252685547,78.21453857421875,39.8898811340332
2013-01-07,116.53749084472656,33.44695281982422,78.17217254638672,39.97929763793945
2013-01-08,116.2021713256836,33.14731216430664,78.24281311035156,39.90180587768555
2013-01-09,116.49752044677734,33.28964614868164,78.18632507324219,40.01506805419922
2013-01-10,117.42366027832031,33.58179473876953,78.17923736572266,40.05677795410156
2013-01-11,117.4156494140625,33.31211853027344,78.25691986083984,40.03293991088867
2013-01-14,117.33583068847656,33.454444885253906,78.32749938964844,40.14619827270508
2013-01-15,117.4156494140625,33.31211853027344,78.34867858886719,40.336944580078125
2013-01-16,117.39968872070312,33.28215408325195,78.39102935791016,40.28925323486328
2013-01-17,118.15817260742188,33.46943664550781,78.2216567993164,40.414424896240234
2013-01-18,118.42157745361328,33.54432678222656,78.3133773803711,40.58730697631836
2013-01-22,119.06027221679688,33.49190139770508,78.2710189819336,40.79594802856445
2013-01-23,119.25189971923828,33.31211853027344,78.3556900024414,40.78400802612305
2013-01-24,119.28386688232422,33.19226837158203,78.24984741210938,40.86743927001953
2013-01-25,119.9544677734375,33.079898834228516,78.05921936035156,41.099937438964844
2013-01-28,119.81075286865234,32.84767532348633,77.94630432128906,41.20722198486328
2013-01-29,120.28184509277344,33.2147331237793,77.89686584472656,41.32645034790039
2013-01-30,119.81075286865234,33.05743408203125,77.861572265625,40.93303298950195
2013-01-31,119.51536560058594,33.124855041503906,77.93213653564453,40.68864440917969
2013-02-01,120.74488830566406,33.34208297729492,77.76309967041016,40.92707824707031
2013-02-04,119.38760375976562,32.90011215209961,77.98236083984375,40.831687927246094
2013-02-05,120.59315490722656,32.93757629394531,77.8197250366211,40.736305236816406
2013-02-06,120.68094635009766,32.90011215209961,77.95407104492188,40.87939453125
2013-02-07,120.52129364013672,32.60797119140625,77.98236083984375,40.70652389526367
2013-02-08,121.19190216064453,32.84767532348633,78.00360870361328,41.08204650878906
2013-02-11,121.16796875,32.832706451416016,77.92575073242188,41.14164733886719
2013-02-12,121.3675765991211,32.92259216308594,77.91162109375,41.45163345336914
2013-02-13,121.4713363647461,33.08739471435547,77.83385467529297,41.42777633666992
2013-02-14,121.58312225341797,33.072418212890625,77.97530364990234,41.25492477416992
2013-02-15,121.43944549560547,32.95256042480469,77.98236083984375,41.27278518676758
2013-02-19,122.34955596923828,33.01997375488281,77.89045715332031,41.600650787353516
2013-02-20,120.82471466064453,32.72782516479492,77.93994140625,41.3323974609375
2013-02-21,120.0902099609375,32.27837371826172,77.98236083984375,41.022438049316406
2013-02-22,121.26378631591797,32.420711517333984,78.02481842041016,41.433746337890625
2013-02-25,118.95653533935547,31.98624038696289,78.32184600830078,40.64690399169922
2013-02-26,119.77083587646484,32.166011810302734,78.30064392089844,40.92707824707031
2013-02-27,121.27976989746094,32.51808166503906,78.32184600830078,41.2251091003418
2013-02-28,121.04020690917969,32.3682746887207,78.39264678955078,41.18338394165039
2013-03-01,121.43944549560547,32.443172454833984,78.4203109741211,41.32048416137695
2013-03-04,122.08609771728516,32.136051177978516,78.36354064941406,41.63044738769531
2013-03-05,123.17986297607422,32.52556228637695,78.2998275756836,41.958290100097656
2013-03-06,123.3475341796875,32.68288803100586,78.21475982666016,41.83311462402344
2013-03-07,123.57103729248047,32.77277374267578,78.0517578125,41.63639831542969
2013-03-08,124.09797668457031,33.05743408203125,77.8249740600586,41.707923889160156
2013-03-11,124.56906127929688,32.87763977050781,77.86747741699219,41.743690490722656
2013-03-12,124.28958129882812,32.50310516357422,78.00923919677734,41.588714599609375
2013-03-13,124.46524810791016,32.19597625732422,77.94548797607422,41.63044738769531
2013-03-14,125.12787628173828,32.330806732177734,78.03047943115234,41.892723083496094
2013-03-15,124.96265411376953,32.038673400878906,78.10136413574219,41.98808670043945
2013-03-18,124.27300262451172,31.679092407226562,78.1722412109375,41.7556266784668
2013-03-19,123.98429107666016,31.454378128051758,78.28561401367188,41.55295944213867
2013-03-20,124.85042572021484,31.634153366088867,78.2005844116211,41.68409729003906
2013-03-21,123.78387451171875,31.312042236328125,78.21475982666016,41.55891036987305
2013-03-22,124.77825927734375,31.43189811706543,78.24308776855469,41.77757263183594
2013-03-25,124.2569808959961,31.401935577392578,78.21475982666016,41.78357696533203
2013-03-26,125.25135803222656,31.851396560668945,78.306884765625,42.14398193359375
2013-03-27,125.25135803222656,31.971242904663086,78.4698715209961,42.222068786621094
2013-03-28,125.6362533569336,32.038673400878906,78.4698715209961,42.36623764038086
2013-04-01,125.13905334472656,31.694082260131836,78.54087829589844,42.49237823486328
2013-04-02,125.75658416748047,31.709060668945312,78.4556884765625,42.62453079223633
2013-04-03,124.48150634765625,31.334524154663086,78.54087829589844,42.474361419677734
2013-04-04,124.98676300048828,31.244625091552734,78.76107025146484,43.165138244628906
2013-04-05,124.4254150390625,31.169713973999023,78.9884033203125,43.399417877197266
2013-04-08,125.2674560546875,31.2221622467041,78.85343170166016,43.747802734375
2013-04-09,125.70038604736328,31.529279708862305,78.88188934326172,43.75381851196289
2013-04-10,127.24011993408203,31.828914642333984,78.71851348876953,44.02412796020508
2013-04-11,127.65711212158203,31.85888671875,78.73268127441406,44.282413482666016
2013-04-12,127.34430694580078,31.37197494506836,78.9884033203125,44.39054870605469
2013-04-15,124.39327239990234,30.607894897460938,79.02396392822266,43.47148513793945
2013-04-16,126.22969818115234,31.23713493347168,79.02396392822266,44.192298889160156
2013-04-17,124.38524627685547,30.74273109436035,79.02396392822266,43.72377395629883
2013-04-18,123.60740661621094,30.74273109436035,79.00971984863281,43.65771484375
2013-04-19,124.6820068359375,31.192190170288086,79.016845703125,44.33046340942383
2013-04-22,125.23534393310547,31.342002868652344,79.11624145507812,44.27040100097656
2013-04-23,126.52641296386719,31.49182891845703,79.08076477050781,44.51669692993164
2013-04-24,126.60665130615234,31.679092407226562,79.06658935546875,44.6127815246582
2013-04-25,127.1198501586914,31.96375274658203,79.03099822998047,44.462615966796875
2013-04-26,126.89532470703125,31.641651153564453,79.19441223144531,44.31844711303711
2013-04-29,127.74534606933594,31.971242904663086,79.2441177368164,44.69689178466797
2013-04-30,128.050048828125,32.42819595336914,79.22994995117188,45.21949005126953
2013-05-01,126.92735290527344,32.07611846923828,79.26692199707031,44.85908126831055
2013-05-02,128.10621643066406,32.330806732177734,79.27409362792969,45.15340042114258
2013-05-03,129.40528869628906,32.60048294067383,78.98228454589844,45.33361053466797
2013-05-06,129.7340850830078,32.64542770385742,78.85420989990234,45.567874908447266
2013-05-07,130.3916473388672,32.87763977050781,78.81147766113281,45.82016372680664
2013-05-08,130.98501586914062,33.13233947753906,78.88265228271484,45.84419250488281
2013-05-09,130.61618041992188,32.89262771606445,78.77589416503906,45.54386520385742
2013-05-10,131.0411834716797,32.637943267822266,78.61935424804688,45.71204376220703
2013-05-13,131.1454315185547,32.33829879760742,78.54816436767578,45.928279876708984
2013-05-14,132.5006561279297,32.48811721801758,78.36321258544922,46.09647750854492
2013-05-15,133.2144012451172,32.495601654052734,78.47702026367188,46.55299758911133
2013-05-16,132.5889129638672,32.38325119018555,78.69048309326172,46.312721252441406
2013-05-17,133.8719940185547,32.52556228637695,78.49837493896484,46.57101821899414
2013-05-20,133.86395263671875,32.60797119140625,78.42008972167969,46.67913818359375
2013-05-21,134.05638122558594,32.54055404663086,78.48416137695312,46.94343948364258
2013-05-22,133.0620574951172,32.18098831176758,78.22087097167969,45.802146911621094
2013-05-23,132.67715454101562,31.941293716430664,78.19242858886719,44.94317626953125
2013-05-24,132.56484985351562,31.664121627807617,78.19242858886719,44.82902908325195
2013-05-28,133.3587646484375,31.836414337158203,77.70848846435547,44.44459915161133
2013-05-29,132.49269104003906,31.43189811706543,77.81519317626953,43.50152587890625
2013-05-30,132.98184204101562,31.43189811706543,77.79390716552734,43.09305191040039
2013-05-31,131.0732879638672,30.862585067749023,77.64442443847656,42.51641082763672
2013-06-03,131.79498291015625,31.319536209106445,77.68364715576172,42.75667953491211
2013-06-04,131.1614990234375,30.937498092651367,77.51258087158203,42.16199493408203
2013-06-05,129.3250732421875,30.383176803588867,77.46977996826172,41.813602447509766
2013-06-06,130.49588012695312,30.637861251831055,77.6694107055664,42.48637008666992
2013-06-07,132.15585327148438,30.480548858642578,77.42703247070312,42.49237823486328
2013-06-10,132.15585327148438,30.068546295166016,77.27014923095703,42.1259651184082
2013-06-11,130.79266357421875,29.49925422668457,77.27730560302734,41.50123977661133
2013-06-12,129.71002197265625,29.296985626220703,77.14897918701172,40.936614990234375
2013-06-13,131.6827392578125,29.918731689453125,77.52677154541016,41.99982833862305
2013-06-14,130.85670471191406,29.446809768676758,77.54827880859375,42.15599822998047
2013-06-17,131.86717224121094,29.71647834777832,77.49112701416016,42.276123046875
2013-06-18,132.90969848632812,29.843826293945312,77.46263122558594,42.49237823486328
2013-06-19,131.0732879638672,28.922435760498047,76.94223022460938,41.18889236450195
2013-06-20,127.82553100585938,27.626508712768555,76.42898559570312,39.47694778442383
2013-06-21,128.23587036132812,28.023536682128906,76.00125885009766,40.01156234741211
2013-06-24,126.61550903320312,27.45421600341797,75.69466400146484,39.830230712890625
2013-06-25,127.8327865600586,28.038515090942383,75.78024291992188,40.4973030090332
2013-06-26,129.0984344482422,28.480478286743164,76.10102081298828,41.10979080200195
2013-06-27,129.85621643066406,29.051956176757812,76.42184448242188,41.93452453613281
2013-06-28,129.32420349121094,29.21891975402832,76.42898559570312,41.67377853393555
2013-07-01,130.08200073242188,29.309995651245117,76.53466033935547,41.58280563354492
2013-07-02,129.9610137939453,28.786334991455078,76.53466033935547,42.219573974609375
2013-07-03,130.01744079589844,28.52069664001465,76.42752838134766,41.94059371948242
2013-07-05,131.420166015625,28.33855438232422,75.5918960571289,41.74048614501953
2013-07-08,132.16989135742188,28.376510620117188,75.98471069335938,41.782920837402344
2013-07-09,133.1211700439453,28.748380661010742,76.06329345703125,42.37722396850586
2013-07-10,133.16949462890625,28.47515869140625,75.86329650878906,42.39543533325195
2013-07-11,134.9834442138672,29.87160301208496,76.37037658691406,43.420291900634766
2013-07-12,135.0398406982422,29.5528507232666,76.28467559814453,43.15346908569336
2013-07-15,135.55580139160156,29.856420516967773,76.448974609375,43.33538055419922
2013-07-16,135.04791259765625,29.977853775024414,76.57038879394531,43.36570358276367
2013-07-17,135.39454650878906,30.251060485839844,76.73461151123047,43.523380279541016
2013-07-18,136.13623046875,29.89436149597168,76.59178161621094,43.8932991027832
2013-07-19,136.3779754638672,29.81087303161621,76.79179382324219,43.862972259521484
2013-07-22,136.64410400390625,30.106870651245117,76.89176177978516,43.99639129638672
2013-07-23,136.3538818359375,30.43321418762207,76.84895324707031,43.9478874206543
2013-07-24,135.85401916503906,30.122051239013672,76.59894561767578,43.09281921386719
2013-07-25,136.1846160888672,30.296602249145508,76.62750244140625,43.159515380859375
2013-07-26,136.32974243164062,30.228300094604492,76.60610961914062,43.19590759277344
2013-07-29,135.91050720214844,29.848844528198242,76.60610961914062,42.87449264526367
2013-07-30,135.91050720214844,29.78053092956543,76.5775146484375,42.747154235839844
2013-07-31,136.00723266601562,29.605972290039062,76.6346206665039,42.04974365234375
2013-08-01,137.5792694091797,30.144821166992188,76.20172119140625,41.88603591918945
2013-08-02,137.81300354003906,30.137237548828125,76.45930480957031,41.67984390258789
2013-08-05,137.61148071289062,29.947486877441406,76.4951400756836,41.64950942993164
2013-08-06,136.82949829101562,29.56801986694336,76.41639709472656,41.50398254394531
2013-08-07,136.38616943359375,29.249277114868164,76.51659393310547,41.39482498168945
2013-08-08,136.8859100341797,29.81087303161621,76.62395477294922,41.41301345825195
2013-08-09,136.4909210205078,29.87160301208496,76.67398834228516,41.77687072753906
2013-08-12,136.32974243164062,30.152406692504883,76.62395477294922,41.47970962524414
2013-08-13,136.7327423095703,30.33455467224121,76.31621551513672,40.909671783447266
2013-08-14,136.0314483642578,30.43321418762207,76.2160415649414,40.751991271972656
2013-08-15,134.12889099121094,30.084102630615234,75.94409942626953,40.006107330322266
2013-08-16,133.68548583984375,29.826059341430664,75.72945404052734,39.02367401123047
2013-08-19,132.8309783935547,29.26445770263672,75.4933090209961,38.50822448730469
2013-08-20,133.4839630126953,29.211326599121094,75.71514892578125,39.381473541259766
2013-08-21,132.66162109375,28.52828598022461,75.43606567382812,39.2905158996582
2013-08-22,133.87094116210938,28.99123764038086,75.52912139892578,39.527015686035156
2013-08-23,134.3223876953125,29.332761764526367,75.77952575683594,39.939388275146484
2013-08-26,133.8225860595703,29.014001846313477,75.9155044555664,39.824161529541016
2013-08-27,131.67007446289062,28.346145629882812,76.11583709716797,39.63011932373047
2013-08-28,132.13766479492188,28.4068603515625,75.97272491455078,39.387535095214844
2013-08-29,132.34727478027344,28.634546279907227,76.12297821044922,39.44818878173828
2013-08-30,131.92811584472656,28.854631423950195,76.0013427734375,39.114646911621094
2013-09-03,132.5246124267578,29.036775588989258,75.81351470947266,38.77505874633789
2013-09-04,133.62100219726562,29.5528507232666,75.70602416992188,39.10857009887695
2013-09-05,133.79029846191406,29.901960372924805,75.19700622558594,38.696205139160156
2013-09-06,133.8547821044922,30.34214210510254,75.4765625,39.296573638916016
2013-09-09,135.1365966796875,31.139019012451172,75.62713623046875,40.11524963378906
2013-09-10,136.13623046875,31.37428855895996,75.490966796875,40.084930419921875
2013-09-11,136.5634765625,31.39706039428711,75.7490005493164,40.406333923339844
2013-09-12,136.2006378173828,31.03278160095215,75.66299438476562,40.145565032958984
2013-09-13,136.5070343017578,31.23768424987793,75.77059936523438,40.26079177856445
2013-09-16,137.2970733642578,31.586788177490234,75.92823791503906,40.661041259765625
2013-09-17,137.90980529785156,31.518484115600586,75.99996948242188,40.63677978515625
2013-09-18,139.50599670410156,32.83902359008789,76.6379623413086,42.01336669921875
2013-09-19,139.2721710205078,32.66447830200195,76.54478454589844,41.97700119018555
2013-09-20,138.29847717285156,31.935897827148438,76.54478454589844,41.29172134399414
2013-09-23,137.65846252441406,32.04973602294922,76.6021499633789,41.00898742675781
2013-09-24,137.33444213867188,31.776535034179688,76.78140258789062,40.69687271118164
2013-09-25,136.9375,31.533653259277344,76.88888549804688,40.831512451171875
2013-09-26,137.46405029296875,31.662683486938477,76.87459564208984,41.08243179321289
2013-09-27,136.8321990966797,31.290802001953125,76.91757202148438,40.91106414794922
2013-09-30,136.10313415527344,30.93410301208496,76.85304260253906,40.476566314697266
2013-10-01,137.18057250976562,31.54884910583496,76.7962875366211,41.06407165527344
2013-10-02,137.05099487304688,31.670269012451172,76.89688873291016,41.1252555847168
2013-10-03,135.78721618652344,31.54884910583496,76.9543685913086,40.40924072265625
2013-10-04,136.81594848632812,31.95866584777832,76.88965606689453,40.329689025878906
2013-10-07,135.6332550048828,31.68545150756836,76.87532806396484,40.513275146484375
2013-10-08,134.05360412597656,31.381877899169922,76.83940887451172,40.07265090942383
2013-10-09,134.1508026123047,31.617141723632812,76.78196716308594,40.07876205444336
2013-10-10,137.04273986816406,32.36090850830078,76.8681411743164,41.10077667236328
2013-10-11,137.92584228515625,32.50510025024414,76.89688873291016,41.51081466674805
2013-10-14,138.47669982910156,32.69483184814453,76.75322723388672,41.5352897644043
2013-10-15,137.47218322753906,32.3760871887207,76.71733093261719,41.382293701171875
2013-10-16,139.3921356201172,32.634117126464844,77.04766082763672,42.159523010253906
2013-10-17,140.3236541748047,32.83902359008789,77.26316833496094,42.79597473144531
2013-10-18,141.27149963378906,32.869384765625,77.39244079589844,42.753135681152344
2013-10-21,141.27957153320312,32.8162727355957,77.32061004638672,42.4961051940918
2013-10-22,142.0977783203125,33.135009765625,77.593505859375,42.88777160644531
2013-10-23,141.4173126220703,32.36090850830078,77.57197570800781,42.96733093261719
2013-10-24,141.88717651367188,32.29259490966797,77.54322814941406,42.95509338378906
2013-10-25,142.53526306152344,32.44438934326172,77.57197570800781,43.48140335083008
2013-10-28,142.76199340820312,32.634117126464844,77.53604888916016,43.16929244995117
2013-10-29,143.52354431152344,32.74037170410156,77.62942504882812,42.91837692260742
2013-10-30,142.81068420410156,32.5582275390625,77.48577117919922,42.557315826416016
2013-10-31,142.40560913085938,32.22429656982422,77.49298095703125,42.306392669677734
2013-11-01,142.7459259033203,32.239471435546875,77.3058853149414,42.526702880859375
2013-11-04,143.24807739257812,32.436798095703125,77.38508605957031,42.60627365112305
2013-11-05,142.79444885253906,31.784114837646484,77.15479278564453,41.908592224121094
2013-11-06,143.52354431152344,31.882770538330078,77.27715301513672,41.847408294677734
2013-11-07,141.7089385986328,31.30598258972168,77.33467864990234,41.32722473144531
2013-11-08,143.6207275390625,31.23768424987793,76.8526382446289,40.77031707763672
2013-11-11,143.64500427246094,31.07830810546875,76.80946350097656,40.81315231323242
2013-11-12,143.35340881347656,30.91133689880371,76.78072357177734,40.629554748535156
2013-11-13,144.5037841796875,30.964466094970703,76.98216247558594,40.89270782470703
2013-11-14,145.22470092773438,31.46535873413086,77.21954345703125,41.18035125732422
2013-11-15,145.8566131591797,32.06492233276367,77.24119567871094,41.33332824707031
2013-11-18,145.34622192382812,32.35331344604492,77.39224243164062,41.07630157470703
2013-11-19,145.0303192138672,32.1559944152832,77.18356323242188,40.78867721557617
2013-11-20,144.57664489746094,31.71580696105957,76.96780395507812,40.29297637939453
2013-11-21,145.7431640625,31.68545150756836,77.0468978881836,40.60508346557617
2013-11-22,146.47219848632812,31.913129806518555,77.15479278564453,40.44596481323242
2013-11-25,146.32644653320312,31.503305435180664,77.21237182617188,40.25624084472656
2013-11-26,146.3669891357422,31.609556198120117,77.23399353027344,40.115509033203125
2013-11-27,146.72344970703125,31.81447410583496,77.26990509033203,40.45820236206055
2013-11-29,146.62620544433594,32.140811920166016,77.29872131347656,40.08489227294922
2013-12-02,146.24545288085938,31.46535873413086,77.0053482055664,39.852352142333984
2013-12-03,145.61351013183594,31.359107971191406,77.09906768798828,39.77277755737305
2013-12-04,145.59735107421875,31.321157455444336,76.89720153808594,39.91966247558594
2013-12-05,144.9573974609375,31.139019012451172,76.73138427734375,40.060428619384766
2013-12-06,146.57757568359375,31.82965087890625,76.8612060546875,40.348045349121094
2013-12-09,146.95021057128906,31.87518310546875,76.95490264892578,40.54388427734375
2013-12-10,146.42367553710938,31.890365600585938,77.07742309570312,40.439857482910156
2013-12-11,144.77914428710938,31.184560775756836,76.95490264892578,39.50963592529297
2013-12-12,144.3011932373047,31.002405166625977,76.83954620361328,39.289310455322266
2013-12-13,144.28500366210938,31.07830810546875,76.87560272216797,39.38723373413086
2013-12-16,145.1842498779297,31.28321647644043,76.93324279785156,39.5218620300293
2013-12-17,144.72242736816406,31.00999641418457,77.06298828125,39.70545959472656
2013-12-18,147.19325256347656,31.62722396850586,77.0269775390625,40.40924072265625
2013-12-19,147.0231475830078,31.045236587524414,76.89720153808594,39.852352142333984
2013-12-20,147.8783416748047,30.999282836914062,77.0269775390625,40.097129821777344
2013-12-23,148.66835021972656,31.229021072387695,76.99093627929688,40.17668533325195
2013-12-24,148.994140625,31.412805557250977,76.88282775878906,40.212738037109375
2013-12-26,149.7516326904297,31.144786834716797,76.8394546508789,40.24381637573242
2013-12-27,149.7435302734375,31.62722396850586,76.86833190917969,40.33082580566406
2013-12-30,149.71908569335938,31.765073776245117,76.9405746459961,40.343265533447266
2013-12-31,150.4276885986328,32.0101203918457,76.86833190917969,40.1257209777832
2014-01-02,148.9860076904297,30.777189254760742,76.91890716552734,40.131935119628906
2014-01-03,148.9616241455078,30.72359848022461,76.94781494140625,40.355690002441406
2014-01-06,148.52993774414062,30.432594299316406,77.04891967773438,40.560794830322266
2014-01-07,149.4421844482422,30.562772750854492,77.08502197265625,40.74105453491211
2014-01-08,149.47474670410156,30.463228225708008,76.85393524169922,40.54214859008789
2014-01-09,149.5724334716797,30.30240821838379,76.96224212646484,40.54214859008789
2014-01-10,149.97967529296875,30.838468551635742,77.35230255126953,41.09531021118164
2014-01-13,147.98423767089844,30.47087860107422,77.42449951171875,40.82182693481445
2014-01-14,149.59689331054688,30.800172805786133,77.30895233154297,41.12017059326172
2014-01-15,150.40322875976562,30.792516708374023,77.24394989013672,41.430938720703125
2014-01-16,150.20773315429688,30.62403678894043,77.42449951171875,41.50550842285156
2014-01-17,149.5724334716797,30.47087860107422,77.4605941772461,41.26311492919922
2014-01-21,150.0122528076172,30.424936294555664,77.4967269897461,41.63602066040039
2014-01-22,150.1100311279297,30.830801010131836,77.33055877685547,41.8162727355957
2014-01-23,148.88014221191406,30.07266616821289,77.5328369140625,41.71683883666992
2014-01-24,145.70367431640625,29.283899307250977,77.69894409179688,41.19475173950195
2014-01-27,144.9868927001953,29.169034957885742,77.5328369140625,40.877769470214844
2014-01-28,145.8502655029297,29.35283660888672,77.66278839111328,41.219608306884766
2014-01-29,144.44937133789062,28.931644439697266,77.89395904541016,40.995853424072266
2014-01-30,145.98062133789062,29.19966697692871,77.90838623046875,41.61738967895508
2014-01-31,145.12535095214844,29.245609283447266,78.0528335571289,41.84113693237305
2014-02-03,141.8592987060547,28.418556213378906,78.31769561767578,41.176109313964844
2014-02-04,142.85296630859375,28.992902755737305,78.12956237792969,41.67333221435547
2014-02-05,142.6737518310547,28.88570213317871,77.93413543701172,41.586307525634766
2014-02-06,144.55517578125,29.49067497253418,77.89797973632812,41.89086151123047
2014-02-07,146.34706115722656,29.659143447875977,78.02100372314453,42.20785140991211
2014-02-10,146.61590576171875,29.329851150512695,78.1006088256836,42.60563278198242
2014-02-11,148.2203826904297,29.96546173095703,77.94859313964844,42.7734260559082
2014-02-12,148.293701171875,29.973119735717773,77.818359375,42.79828643798828
2014-02-13,149.0593719482422,30.003751754760742,77.98482513427734,42.95988082885742
2014-02-14,149.8819580078125,30.371320724487305,77.98482513427734,43.1276969909668
2014-02-18,150.0612030029297,30.087980270385742,78.03543090820312,43.33903503417969
2014-02-19,149.0675048828125,29.881223678588867,77.97756958007812,43.31415557861328
2014-02-20,149.94712829589844,29.988431930541992,77.93413543701172,43.2209358215332
2014-02-21,149.77609252929688,30.19520378112793,78.00650787353516,43.32659149169922
2014-02-24,150.6068878173828,30.19520378112793,77.93413543701172,43.4322395324707
2014-02-25,150.54983520507812,29.8505859375,78.14402770996094,43.57521057128906
2014-02-26,150.55799865722656,29.873558044433594,78.31047058105469,43.67464065551758
2014-02-27,151.34808349609375,30.440258026123047,78.39005279541016,43.556541442871094
2014-02-28,151.73089599609375,30.23348045349121,78.34663391113281,43.960540771484375
2014-03-03,150.6638946533203,29.697431564331055,78.54959106445312,43.98538589477539
2014-03-04,152.78155517578125,30.20285987854004,78.25960540771484,44.619361877441406
2014-03-05,152.92002868652344,30.225828170776367,78.3031234741211,44.56340789794922
2014-03-06,153.270263671875,30.65467643737793,78.12911987304688,44.19049835205078
2014-03-07,153.33538818359375,30.26412010192871,77.91162109375,43.71193313598633
2014-03-10,153.2539825439453,30.057353973388672,77.91162109375,43.48197555541992
2014-03-11,152.49649047851562,29.720407485961914,77.90438079833984,43.75543212890625
2014-03-12,152.53720092773438,29.78167152404785,78.07835388183594,43.885963439941406
2014-03-13,150.82676696777344,29.245609283447266,78.28135681152344,43.680850982666016
2014-03-14,150.40322875976562,29.40643882751465,78.24514770507812,43.79273223876953
2014-03-17,151.763427734375,29.766347885131836,78.20161437988281,43.885963439941406
2014-03-18,152.84669494628906,30.179882049560547,78.29582977294922,44.01646423339844
2014-03-19,152.03224182128906,29.536617279052734,77.94790649414062,43.18362808227539
2014-03-20,152.92002868652344,29.666799545288086,77.88990783691406,43.25822448730469
2014-03-21,152.32693481445312,29.8505859375,77.99862670898438,43.65599822998047
2014-03-24,151.69699096679688,30.14158821105957,78.11457824707031,43.370094299316406
2014-03-25,152.41685485839844,30.486196517944336,78.034912109375,43.76609420776367
2014-03-26,151.32066345214844,30.55512046813965,78.28135681152344,43.271873474121094
2014-03-27,151.0016326904297,30.95332908630371,78.3393325805664,43.54712677001953
2014-03-28,151.74610900878906,31.19838523864746,78.22338104248047,43.80987548828125
2014-03-31,152.98959350585938,31.4051456451416,78.2305908203125,44.178985595703125
2014-04-01,154.00401306152344,31.772727966308594,78.11077880859375,44.379154205322266
2014-04-02,154.51934814453125,31.8339900970459,77.98004913330078,44.41669845581055
2014-04-03,154.31484985351562,31.71146583557129,78.03815460205078,44.32284164428711
2014-04-04,152.49049377441406,31.62722396850586,78.28508758544922,44.47300720214844
2014-04-07,150.80531311035156,31.765073776245117,78.40129089355469,44.616878509521484
2014-04-08,151.42706298828125,32.13264846801758,78.4957504272461,44.89214324951172
2014-04-09,153.05496215820312,32.377708435058594,78.50299072265625,44.7795524597168
2014-04-10,149.83993530273438,32.03310012817383,78.68460845947266,44.354129791259766
2014-04-11,148.4901123046875,32.03310012817383,78.7572021484375,44.085147857666016
2014-04-14,149.65992736816406,31.964170455932617,78.7862777709961,44.347877502441406
2014-04-15,150.6907501220703,31.481733322143555,78.79352569580078,44.87337875366211
2014-04-16,152.2696990966797,31.879940032958984,78.83712768554688,45.16115951538086
2014-04-17,152.48236083984375,32.170936584472656,78.5828857421875,44.898414611816406
2014-04-21,153.01406860351562,31.971839904785156,78.57562255859375,45.15489959716797
2014-04-22,153.7094268798828,31.88759994506836,78.56117248535156,45.25498580932617
2014-04-23,153.34957885742188,31.657861709594727,78.6409912109375,45.073570251464844
2014-04-24,153.660400390625,31.68849754333496,78.71361541748047,45.2612419128418
2014-04-25,152.40049743652344,31.2596435546875,78.72816467285156,45.086090087890625
2014-04-28,152.88316345214844,31.412805557250977,78.67730712890625,45.4364013671875
2014-04-29,153.5949249267578,31.71146583557129,78.71361541748047,45.467681884765625
2014-04-30,154.05303955078125,31.65019989013672,78.87342834472656,45.63032531738281
2014-05-01,154.0694122314453,31.68849754333496,78.9883804321289,45.82428741455078
2014-05-02,153.84854125976562,31.864627838134766,79.08296966552734,45.81175994873047
2014-05-05,154.14306640625,31.68849754333496,79.05390167236328,45.90559768676758
2014-05-06,152.80142211914062,31.8339900970459,79.11209869384766,45.74294662475586
2014-05-07,153.70130920410156,32.00246047973633,79.11209869384766,46.2934684753418
2014-05-08,153.53762817382812,31.92588233947754,79.16304016113281,46.399803161621094
2014-05-09,153.76670837402344,31.872278213500977,79.09028625488281,46.431095123291016
2014-05-12,155.26382446289062,32.40833282470703,79.02482604980469,46.57497787475586
2014-05-13,155.40289306640625,32.53086853027344,79.15576934814453,46.27469253540039
2014-05-14,154.66664123535156,32.76060104370117,79.38134765625,46.2934684753418
2014-05-15,153.30860900878906,32.45428466796875,79.5487060546875,46.26844024658203
2014-05-16,153.8404083251953,32.88312530517578,79.46141052246094,46.693824768066406
2014-05-19,154.40481567382812,32.88312530517578,79.43229675292969,46.50615692138672
2014-05-20,153.43128967285156,32.615108489990234,79.46866607666016,46.36228561401367
2014-05-21,154.72384643554688,32.86781692504883,79.43958282470703,46.05573272705078
2014-05-22,155.10018920898438,33.09754943847656,79.40320587158203,45.97441101074219
2014-05-23,155.72195434570312,33.03628158569336,79.48320770263672,46.381038665771484
2014-05-27,156.67913818359375,32.75294876098633,79.55601501464844,46.71260070800781
2014-05-28,156.56459045410156,32.94438552856445,79.7742919921875,46.4185791015625
2014-05-29,157.3744354248047,33.03628158569336,79.7305908203125,46.51241683959961
2014-05-30,157.62803649902344,32.58446502685547,79.80337524414062,46.72511672973633
2014-06-02,157.80809020996094,32.684024810791016,79.56063079833984,46.86899948120117
2014-06-03,157.7261962890625,32.86781692504883,79.34920501708984,46.843971252441406
2014-06-04,158.04531860351562,32.684024810791016,79.32002258300781,46.937808990478516
2014-06-05,159.07603454589844,33.02863311767578,79.42210388183594,47.80113220214844
2014-06-06,159.83692932128906,33.357913970947266,79.37834930419922,47.6009407043457
2014-06-09,160.00051879882812,33.48045349121094,79.30548095703125,47.02540588378906
2014-06-10,160.016845703125,33.65658187866211,79.18882751464844,46.67505645751953
2014-06-11,159.46058654785156,33.54170608520508,79.24710845947266,46.549949645996094
2014-06-12,158.33163452148438,33.380889892578125,79.40027618408203,46.431095123291016
2014-06-13,158.81430053710938,33.39621353149414,79.37834930419922,46.549949645996094
2014-06-16,158.94517517089844,33.2430534362793,79.33464050292969,46.31222915649414
2014-06-17,159.386962890625,33.250701904296875,79.18882751464844,46.431095123291016
2014-06-18,160.55677795410156,33.618289947509766,79.40027618408203,46.75639724731445
2014-06-19,160.73678588867188,33.42683410644531,79.2835922241211,47.14424514770508
2014-06-20,161.06312561035156,33.357913970947266,79.42210388183594,47.306907653808594
2014-06-23,161.0138397216797,33.28900146484375,79.34920501708984,47.11298751831055
2014-06-24,160.04383850097656,33.273681640625,79.48771667480469,47.14769744873047
2014-06-25,160.76719665527344,33.34391784667969,79.59709930419922,47.0529899597168
2014-06-26,160.652099609375,33.38251495361328,79.7501449584961,47.00879669189453
2014-06-27,160.96444702148438,33.45969009399414,79.7501449584961,47.368717193603516
2014-06-30,160.88226318359375,33.3670768737793,79.75749206542969,47.25503158569336
2014-07-01,161.9591064453125,33.683536529541016,79.65958404541016,47.50761795043945
2014-07-02,162.12351989746094,33.884212493896484,79.3820571899414,47.39396286010742
2014-07-03,162.9208221435547,34.08489990234375,79.33094787597656,47.12244415283203
2014-07-07,162.35365295410156,34.061744689941406,79.35285186767578,47.26136779785156
2014-07-08,161.3097381591797,33.90737533569336,79.5135726928711,47.40028762817383
2014-07-09,162.03311157226562,34.10033416748047,79.57928466796875,47.47604751586914
2014-07-10,161.39195251464844,33.91509246826172,79.61575317382812,47.69073486328125
2014-07-11,161.61383056640625,33.876495361328125,79.725341796875,47.697025299072266
2014-07-14,162.42767333984375,34.13892364501953,79.65958404541016,47.930660247802734
2014-07-15,162.12351989746094,34.11576461791992,79.5573501586914,47.962242126464844
2014-07-16,162.7235565185547,34.20067596435547,79.62308502197266,48.113765716552734
2014-07-17,160.8740997314453,33.56004333496094,79.8567886352539,47.867515563964844
2014-07-18,162.51806640625,34.08489990234375,79.76919555664062,48.34108352661133
2014-07-21,162.21392822265625,34.20067596435547,79.7983627319336,48.1642951965332
2014-07-22,162.9208221435547,34.51713562011719,79.92982482910156,48.315818786621094
2014-07-23,163.2825469970703,34.548011779785156,79.94444274902344,48.404232025146484
2014-07-24,163.29071044921875,34.70237350463867,79.6961441040039,48.34108352661133
2014-07-25,162.52627563476562,34.56344223022461,79.84952545166016,48.00642776489258
2014-07-28,162.59207153320312,34.802730560302734,79.86408233642578,48.34108352661133
2014-07-29,161.8933563232422,34.59431457519531,79.94444274902344,48.107452392578125
2014-07-30,161.91799926757812,34.42450714111328,79.65958404541016,48.00642776489258
2014-07-31,158.7204132080078,33.82246780395508,79.5573501586914,47.292930603027344
2014-08-01,158.2354278564453,34.007713317871094,79.85736083984375,47.17927551269531
2014-08-04,159.3779754638672,34.324161529541016,79.84272766113281,47.50761795043945
2014-08-05,157.83262634277344,33.7993049621582,79.84272766113281,47.021427154541016
2014-08-06,157.88192749023438,33.567752838134766,79.85003662109375,47.00247573852539
2014-08-07,157.0270538330078,33.43654251098633,80.00369262695312,47.027748107910156
2014-08-08,158.84371948242188,33.7375602722168,80.03297424316406,47.30556869506836
2014-08-11,159.30401611328125,34.1697998046875,80.04022216796875,47.60232162475586
2014-08-12,159.08209228515625,34.2083854675293,80.00369262695312,47.526546478271484
2014-08-13,160.1588897705078,34.39363479614258,80.1646499633789,48.21479415893555
2014-08-14,160.9151611328125,34.447669982910156,80.20856475830078,48.18321990966797
2014-08-15,160.88226318359375,34.35504150390625,80.40614318847656,48.132713317871094
2014-08-18,162.23037719726562,34.686946868896484,80.2378158569336,48.60627365112305
2014-08-19,163.07701110839844,34.84903335571289,80.12800598144531,48.70730209350586
2014-08-20,163.51272583007812,34.77956008911133,80.04022216796875,48.928306579589844
2014-08-21,163.98939514160156,34.63291549682617,80.17930603027344,48.852535247802734
2014-08-22,163.73463439941406,34.5402946472168,80.1646499633789,48.46105194091797
2014-08-25,164.56478881835938,34.795005798339844,80.23050689697266,48.35371017456055
2014-08-26,164.67169189453125,35.00339889526367,80.2378158569336,48.448429107666016
2014-08-27,164.60595703125,35.180931091308594,80.34025573730469,48.47999572753906
2014-08-28,164.5155792236328,34.83359146118164,80.5012435913086,48.47368621826172
2014-08-29,164.98406982421875,34.77956008911133,80.47196960449219,48.732566833496094
2014-09-02,164.90188598632812,34.72554016113281,80.22638702392578,48.7388801574707
2014-09-03,164.8114471435547,35.180931091308594,80.31438446044922,48.865150451660156
2014-09-04,164.57305908203125,35.08830642700195,80.21173095703125,48.68205642700195
2014-09-05,165.3128662109375,35.38932418823242,80.16779327392578,49.199798583984375
2014-09-08,164.8854522705078,34.9725227355957,80.08717346191406,49.149295806884766
2014-09-09,163.84149169921875,34.5402946472168,79.97721099853516,48.846214294433594
2014-09-10,164.45791625976562,34.39363479614258,79.86727142333984,48.07588577270508
2014-09-11,164.64707946777344,34.16208267211914,79.78665924072266,48.113765716552734
2014-09-12,163.68533325195312,33.7993049621582,79.6253433227539,46.63626480102539
2014-09-15,163.56202697753906,33.62949752807617,79.6106948852539,46.4089469909668
2014-09-16,164.79502868652344,34.069454193115234,79.6106948852539,46.863582611083984
2014-09-17,165.0169677734375,33.75300598144531,79.52272033691406,46.850948333740234
2014-09-18,165.89649963378906,33.7993049621582,79.53010559082031,46.44051742553711
2014-09-19,165.74705505371094,33.54460144042969,79.66200256347656,46.49735641479492
2014-09-22,164.46697998046875,33.03518295288086,79.7719497680664,46.131141662597656
2014-09-23,163.52548217773438,32.84994125366211,79.84526062011719,45.796485900878906
2014-09-24,164.80555725097656,33.32076644897461,79.79397583007812,45.674129486083984
2014-09-25,162.14633178710938,32.59523010253906,79.94786071777344,45.47019577026367
2014-09-26,163.43466186523438,32.74187469482422,79.94056701660156,46.081974029541016
2014-09-29,163.13735961914062,32.078086853027344,80.02850341796875,46.018253326416016
2014-09-30,162.70791625976562,32.078086853027344,79.97721099853516,45.78884506225586
2014-10-01,160.5028839111328,31.42201042175293,80.4243392944336,45.82708740234375
2014-10-02,160.5277099609375,31.591815948486328,80.29217529296875,45.75058364868164
2014-10-03,162.2950439453125,31.861963272094727,80.25548553466797,46.03738784790039
2014-10-06,162.1050262451172,32.27877426147461,80.32891845703125,46.1584587097168
2014-10-07,159.6027069091797,31.99318504333496,80.63729095458984,45.79520034790039
2014-10-08,162.3940887451172,32.47173309326172,80.86492156982422,46.78937530517578
2014-10-09,159.1732940673828,31.96231460571289,80.70336151123047,46.78937530517578
2014-10-10,157.35641479492188,31.267637252807617,80.76212310791016,46.83397674560547
2014-10-13,154.7715606689453,31.584104537963867,80.99713134765625,46.878597259521484
2014-10-14,155.010986328125,31.769346237182617,81.18069458007812,47.636966705322266
2014-10-15,153.9622039794922,31.36797332763672,81.32758331298828,47.45214080810547
2014-10-16,153.83010864257812,31.082401275634766,81.26142883300781,47.52862548828125
2014-10-17,155.64695739746094,31.429723739624023,81.15133666992188,47.58597183227539
2014-10-20,157.15821838378906,31.522354125976562,81.24676513671875,48.312461853027344
2014-10-21,160.27166748046875,31.6535701751709,81.17333984375,48.752193450927734
2014-10-22,159.1320037841797,31.44516372680664,81.12928009033203,48.764949798583984
2014-10-23,160.9818572998047,31.437448501586914,80.93839263916016,49.14094924926758
2014-10-24,162.2206573486328,31.661293029785156,80.96773529052734,49.10272216796875
2014-10-27,161.99769592285156,31.41429901123047,80.99713134765625,49.46596145629883
2014-10-28,163.85585021972656,32.04722213745117,80.87226104736328,49.68264389038086
2014-10-29,163.60812377929688,32.09353256225586,80.696044921875,49.40224838256836
2014-10-30,164.65692138671875,32.39455032348633,80.82820129394531,49.71449661254883
2014-10-31,166.539794921875,32.533477783203125,80.82820129394531,50.33903503417969
2014-11-03,166.63064575195312,32.26332473754883,80.67520904541016,50.778770446777344
2014-11-04,166.05255126953125,32.29420852661133,80.68257904052734,50.86161422729492
2014-11-05,167.10140991210938,32.00862121582031,80.71199035644531,50.753257751464844
2014-11-06,167.7703094482422,31.614978790283203,80.57223510742188,50.364540100097656
2014-11-07,167.92724609375,31.8156681060791,80.84439849853516,50.300804138183594
2014-11-10,168.455810546875,31.90056800842285,80.65316772460938,50.71503829956055
2014-11-11,168.62095642089844,31.869693756103516,80.68993377685547,50.517478942871094
2014-11-12,168.4392547607422,31.807931900024414,80.69725036621094,50.13511657714844
2014-11-13,168.62921142578125,31.723031997680664,80.73405456542969,50.409149169921875
2014-11-14,168.67056274414062,31.985469818115234,80.80763244628906,49.99492645263672
2014-11-17,168.77789306640625,31.645854949951172,80.71199035644531,50.21794891357422
2014-11-18,169.7523956298828,31.8156681060791,80.78556823730469,50.43462371826172
2014-11-19,169.47984313964844,31.80022430419922,80.59429168701172,49.9821662902832
2014-11-20,169.7771453857422,31.746191024780273,80.74137115478516,50.14786148071289
2014-11-21,170.685546875,32.75731658935547,80.83702850341797,50.460113525390625
2014-11-24,171.1645050048828,32.487159729003906,80.8664779663086,50.63856887817383
2014-11-25,171.04066467285156,32.27877426147461,81.04297637939453,50.727783203125
2014-11-26,171.47840881347656,32.68785095214844,81.10919189453125,51.218502044677734
2014-11-28,171.11502075195312,32.03177261352539,81.35929870605469,51.345943450927734
2014-12-01,169.92575073242188,31.483762741088867,81.1763687133789,51.218502044677734
2014-12-02,171.02418518066406,31.476045608520508,81.01417541503906,51.53713607788086
2014-12-03,171.68479919433594,31.560949325561523,80.94041442871094,51.486148834228516
2014-12-04,171.4949188232422,31.614978790283203,81.1838150024414,51.6199836730957
2014-12-05,171.77565002441406,31.553237915039062,80.83720397949219,51.35869216918945
2014-12-08,170.62774658203125,31.090116500854492,81.03628540039062,51.68370056152344
2014-12-09,170.5121612548828,30.796815872192383,81.16162872314453,51.91951370239258
2014-12-10,167.77857971191406,30.341428756713867,81.30179595947266,51.86853790283203
2014-12-11,168.62921142578125,30.086713790893555,81.27223205566406,51.96411895751953
2014-12-12,165.90396118164062,29.592723846435547,81.5303726196289,51.511634826660156
2014-12-15,164.7642364501953,29.16822052001953,81.3091049194336,50.842491149902344
2014-12-16,163.44293212890625,29.121902465820312,81.50820922851562,50.77239227294922
2014-12-17,166.64718627929688,29.791330337524414,81.40503692626953,51.93862533569336
2014-12-18,170.7681427001953,30.198463439941406,81.19114685058594,52.30187225341797
2014-12-19,171.49473571777344,30.409849166870117,81.32389068603516,52.27639389038086
2014-12-22,172.2836151123047,30.832651138305664,81.44925689697266,53.15037536621094
2014-12-23,172.5161895751953,30.550796508789062,81.07317352294922,53.001808166503906
2014-12-24,172.5327911376953,30.621246337890625,81.16123962402344,52.78217697143555
2014-12-26,173.089111328125,30.863971710205078,81.19819641113281,52.96951675415039
2014-12-29,173.32162475585938,30.67606544494629,81.36836242675781,53.260189056396484
2014-12-30,172.39158630371094,30.738691329956055,81.45719146728516,53.22142791748047
2014-12-31,170.68093872070312,30.762178421020508,81.47944641113281,52.32353210449219
2015-01-02,170.58961486816406,30.35505485534668,81.7087631225586,53.11161804199219
2015-01-05,167.5088348388672,29.814817428588867,81.88631439208984,53.40231704711914
2015-01-06,165.93106079101562,29.689538955688477,82.09347534179688,53.932003021240234
2015-01-07,167.99874877929688,30.33156394958496,82.07872009277344,54.75883865356445
2015-01-08,170.97988891601562,30.848310470581055,81.95294189453125,54.96554946899414
2015-01-09,169.60972595214844,30.746532440185547,82.15267181396484,54.991397857666016
2015-01-12,168.28111267089844,30.495981216430664,82.21931457519531,55.411277770996094
2015-01-13,167.80780029296875,30.762178421020508,82.24150085449219,55.32729721069336
2015-01-14,166.79470825195312,30.58993911743164,82.44125366210938,55.805328369140625
2015-01-15,165.26675415039062,30.660402297973633,82.81861114501953,55.93449401855469
2015-01-16,167.43411254882812,30.91876983642578,82.50047302246094,56.418983459472656
2015-01-20,167.79116821289062,30.871795654296875,82.64104461669922,55.9732780456543
2015-01-21,168.63816833496094,31.55297088623047,82.49309539794922,55.93449401855469
2015-01-22,171.14598083496094,32.155845642089844,82.44869232177734,56.929298400878906
2015-01-23,170.20761108398438,31.91312599182129,82.65583038330078,56.76781463623047
2015-01-26,170.60621643066406,31.928791046142578,82.61885070800781,57.24584197998047
2015-01-27,168.35581970214844,31.75653648376465,82.5744857788086,57.26521682739258
2015-01-28,166.1968231201172,31.412038803100586,82.92222595214844,56.88408660888672
2015-01-29,167.73306274414062,31.412038803100586,82.85560607910156,57.08433532714844
2015-01-30,165.62376403808594,30.550796508789062,83.15155029296875,55.9086799621582
2015-02-02,167.67486572265625,31.098852157592773,83.14860534667969,55.760101318359375
2015-02-03,170.09970092773438,31.686071395874023,82.82994842529297,56.24458694458008
2015-02-04,169.45199584960938,31.52948570251465,82.95597076416016,56.012027740478516
2015-02-05,171.16259765625,31.71738052368164,82.78546142578125,56.683860778808594
2015-02-06,170.6893310546875,31.177148818969727,82.30380249023438,55.036617279052734
2015-02-09,169.9252471923828,31.130168914794922,82.28897857666016,54.649017333984375
2015-02-10,171.73562622070312,31.051876068115234,82.2000732421875,54.823455810546875
2015-02-11,171.83526611328125,30.824825286865234,82.16295623779297,54.661949157714844
2015-02-12,173.4877471923828,31.482498168945312,82.17782592773438,55.314388275146484
2015-02-13,174.20187377929688,31.84266471862793,82.08149719238281,54.946189880371094
2015-02-17,174.4759521484375,31.772192001342773,81.74797821044922,54.8105354309082
2015-02-18,174.49249267578125,31.764368057250977,81.97777557373047,55.32083511352539
2015-02-19,174.367919921875,31.631263732910156,81.9110336303711,54.13225555419922
2015-02-20,175.41429138183594,31.84266471862793,81.92582702636719,54.65548324584961
2015-02-23,175.38937377929688,31.521644592285156,82.07403564453125,55.09475326538086
2015-02-24,175.8876495361328,31.975759506225586,82.43720245361328,54.0095329284668
2015-02-25,175.73812866210938,31.91312599182129,82.4964599609375,54.02243423461914
2015-02-26,175.530517578125,31.92095375061035,82.2000732421875,53.43460464477539
2015-02-27,174.9326629638672,31.89747428894043,82.40755462646484,53.854488372802734
2015-03-02,176.03704833984375,31.85049057006836,81.98887634277344,54.16455078125
2015-03-03,175.3146209716797,31.60776710510254,81.88495635986328,54.06121063232422
2015-03-04,174.5755157470703,31.263282775878906,81.92950439453125,53.544410705566406
2015-03-05,174.76651000976562,31.216304779052734,81.96662902832031,53.69944381713867
2015-03-06,172.30856323242188,30.738691329956055,81.4321517944336,51.916595458984375
2015-03-09,173.02272033691406,30.621246337890625,81.64002227783203,52.33000564575195
2015-03-10,170.21592712402344,29.940080642700195,81.83301544189453,52.291236877441406
2015-03-11,169.81736755371094,30.16714096069336,81.99629211425781,52.336463928222656
2015-03-12,171.9763946533203,30.35505485534668,82.06309509277344,53.24728775024414
2015-03-13,170.9217529296875,29.98706817626953,81.9072265625,53.214969635009766
2015-03-16,173.2053680419922,30.34722900390625,82.08545684814453,53.7640495300293
2015-03-17,172.69052124023438,30.69954490661621,82.07051849365234,53.744667053222656
2015-03-18,174.76651000976562,31.451183319091797,82.67182922363281,54.868656158447266
2015-03-19,173.9693603515625,30.91876983642578,82.38233184814453,54.842830657958984
2015-03-20,175.50489807128906,31.380720138549805,82.63469696044922,56.21874237060547
2015-03-23,175.16297912597656,31.474681854248047,82.6495361328125,56.1476936340332
2015-03-24,174.17874145507812,31.599950790405273,82.87223052978516,55.66966247558594
2015-03-25,171.62631225585938,31.098852157592773,82.71631622314453,54.7092170715332
2015-03-26,171.21763610839844,30.809162139892578,82.41941833496094,54.42329025268555
2015-03-27,171.60964965820312,30.895282745361328,82.5382080078125,54.49477767944336
2015-03-30,173.70323181152344,31.490327835083008,82.5753173828125,55.27457809448242
2015-03-31,172.18521118164062,31.41986846923828,82.71631622314453,54.78717041015625
2015-04-01,171.5762939453125,31.811342239379883,82.98481750488281,54.7092170715332
2015-04-02,172.1935577392578,32.288944244384766,82.87325286865234,55.12510299682617
2015-04-06,173.35296630859375,32.703914642333984,82.92532348632812,55.696937561035156
2015-04-07,172.89419555664062,32.53949737548828,82.94025421142578,54.7156982421875
2015-04-08,173.4780731201172,33.22065734863281,82.94766998291016,54.800193786621094
2015-04-09,174.24545288085938,33.549495697021484,82.7394027709961,53.66298294067383
2015-04-10,175.19631958007812,33.57297897338867,82.7394027709961,53.624000549316406
2015-04-13,174.40391540527344,33.37724685668945,82.82866668701172,53.48102569580078
2015-04-14,174.7376251220703,33.526004791259766,82.91790008544922,53.66947555541992
2015-04-15,175.5216827392578,33.760887145996094,83.02947235107422,53.2666015625
2015-04-16,175.47157287597656,34.02709197998047,82.98481750488281,53.4030647277832
2015-04-17,173.45306396484375,33.43205642700195,83.05171966552734,53.1561393737793
2015-04-20,175.03782653808594,33.40073776245117,82.99224853515625,53.23408508300781
2015-04-21,174.82931518554688,33.59646987915039,82.90306091308594,53.3250732421875
2015-04-22,175.6884765625,33.956626892089844,82.65758514404297,53.43555450439453
2015-04-23,176.1305389404297,34.20716857910156,82.78406524658203,53.57850646972656
2015-04-24,176.53927612304688,34.33244323730469,82.92532348632812,53.6889762878418
2015-04-27,175.8052520751953,34.46554946899414,82.9551010131836,53.617488861083984
2015-04-28,176.3640899658203,34.520355224609375,82.63531494140625,53.513526916503906
2015-04-29,175.638427734375,34.08973693847656,82.44935607910156,52.434776306152344
2015-04-30,173.87844848632812,33.57297897338867,82.44935607910156,51.58352279663086
2015-05-01,175.7635040283203,33.776554107666016,82.21542358398438,51.973445892333984
2015-05-04,176.26400756835938,33.9722900390625,82.05892944335938,52.0254020690918
2015-05-05,174.24545288085938,33.60430145263672,81.98435974121094,50.894691467285156
2015-05-06,173.5281219482422,33.189334869384766,81.708740234375,50.7972297668457
2015-05-07,174.22039794921875,33.14236831665039,81.90992736816406,51.5770263671875
2015-05-08,176.51425170898438,33.56515121459961,82.1781234741211,52.29835510253906
2015-05-11,175.6718292236328,33.244144439697266,81.65655517578125,51.51204299926758
2015-05-12,175.14630126953125,33.13452911376953,81.64910888671875,51.66799545288086
2015-05-13,175.1796417236328,33.197166442871094,81.64164733886719,51.17413330078125
2015-05-14,177.00633239746094,33.526004791259766,81.76831817626953,52.16188430786133
2015-05-15,177.19821166992188,33.78438186645508,82.11109161376953,52.694740295410156
2015-05-18,177.7487335205078,33.439884185791016,81.79814147949219,52.55828094482422
2015-05-19,177.69032287597656,33.494686126708984,81.51496887207031,52.37633514404297
2015-05-20,177.56527709960938,33.47119140625,81.64164733886719,52.33082962036133
2015-05-21,178.0823211669922,33.353755950927734,81.89502716064453,52.08391571044922
2015-05-22,177.65696716308594,33.463375091552734,81.80552673339844,52.01891326904297
2015-05-26,175.74685668945312,32.93096923828125,82.00680541992188,51.62251663208008
2015-05-27,177.41506958007812,32.93880081176758,82.0887222290039,52.129371643066406
2015-05-28,177.2149200439453,32.50817108154297,82.05892944335938,52.0254020690918
2015-05-29,176.11386108398438,32.19498825073242,82.0887222290039,51.42755889892578
2015-06-01,176.47254943847656,32.0697135925293,81.86177825927734,52.057891845703125
2015-06-02,176.29739379882812,32.19498825073242,81.54077911376953,51.5770263671875
2015-06-03,176.76449584960938,32.03056716918945,81.21978759765625,50.836238861083984
2015-06-04,175.27142333984375,31.545137405395508,81.39149475097656,50.7387580871582
2015-06-05,174.97116088867188,31.404205322265625,81.03315734863281,50.17338562011719
2015-06-08,173.89511108398438,31.396381378173828,81.1526107788086,50.082435607910156
2015-06-09,173.8700714111328,31.20847511291504,80.92121124267578,49.718505859375
2015-06-10,175.95538330078125,31.662580490112305,80.7196273803711,50.069435119628906
2015-06-11,176.52255249023438,31.505990982055664,81.1526107788086,50.374855041503906
2015-06-12,175.17129516601562,31.505990982055664,81.05555725097656,50.32936477661133
2015-06-15,174.4205780029297,31.153663635253906,81.1526107788086,50.05641555786133
2015-06-16,175.37142944335938,31.1614990234375,81.2869644165039,50.45933532714844
2015-06-17,175.6551055908203,31.349401473999023,81.29442596435547,50.888214111328125
2015-06-18,177.4817657470703,31.63909912109375,81.27203369140625,51.59001922607422
2015-06-19,176.69387817382812,31.365060806274414,81.5258560180664,51.193641662597656
2015-06-22,177.5991668701172,31.81917381286621,81.12275695800781,50.66726303100586
2015-06-23,177.72486877441406,32.132347106933594,80.93611145019531,50.244869232177734
2015-06-24,176.43406677246094,31.90529441833496,81.06300354003906,49.971946716308594
2015-06-25,175.89761352539062,31.795658111572266,80.97344970703125,49.465065002441406
2015-06-26,175.86415100097656,31.495922088623047,80.77936553955078,49.820858001708984
2015-06-29,172.17623901367188,30.793916702270508,81.25714874267578,49.046295166015625
2015-06-30,172.53662109375,31.25140380859375,81.2048568725586,49.0265998840332
2015-07-01,173.9196319580078,31.227737426757812,80.99990844726562,49.83395767211914
2015-07-02,173.76031494140625,31.37761116027832,81.11211395263672,49.95869445800781
2015-07-06,173.2658233642578,30.50206184387207,81.40382385253906,50.273765563964844
2015-07-07,174.35540771484375,30.044574737548828,81.51603698730469,51.06145477294922
2015-07-08,171.43020629882812,29.011272430419922,81.71050262451172,50.864540100097656
2015-07-09,171.74037170410156,29.571306228637695,81.41130828857422,50.62166976928711
2015-07-10,173.90280151367188,30.320640563964844,81.06722259521484,51.04176330566406
2015-07-13,175.82223510742188,30.525724411010742,80.94751739501953,51.11395263671875
2015-07-14,176.58494567871094,30.5809383392334,81.08220672607422,51.2189826965332
2015-07-15,176.52626037597656,30.233871459960938,81.29907989501953,51.30432891845703
2015-07-16,177.94276428222656,30.61249351501465,81.36642456054688,51.71785354614258
2015-07-17,178.09364318847656,30.573049545288086,81.37390899658203,51.534053802490234
2015-07-20,178.18582153320312,30.3758544921875,81.23175811767578,51.59315490722656
2015-07-21,177.48175048828125,30.38374137878418,81.36642456054688,51.44873046875
2015-07-22,177.163330078125,29.94991683959961,81.40382385253906,51.6718864440918
2015-07-23,176.16590881347656,29.658061981201172,81.63571166992188,51.02862548828125
2015-07-24,174.33863830566406,29.23212432861328,81.62078857421875,51.2452392578125
2015-07-27,173.32443237304688,28.679983139038086,81.7254867553711,51.33714294433594
2015-07-28,175.45343017578125,28.971830368041992,81.64318084716797,51.36997985839844
2015-07-29,176.660400390625,29.25579261779785,81.57587432861328,51.70473861694336
2015-07-30,176.70233154296875,28.96393394470215,81.58334350585938,51.44873046875
2015-07-31,176.43406677246094,29.279451370239258,81.90497589111328,51.85569763183594
2015-08-03,175.8389892578125,28.7904109954834,81.9896469116211,52.17733383178711
2015-08-04,175.49537658691406,28.892955780029297,81.74983978271484,51.79662322998047
2015-08-05,176.07369995117188,28.900835037231445,81.5999755859375,51.455299377441406
2015-08-06,174.6319580078125,28.648435592651367,81.6974105834961,51.52749252319336
2015-08-07,174.2967529296875,28.632652282714844,81.83978271484375,51.71785354614258
2015-08-10,176.4927978515625,29.113807678222656,81.73480987548828,51.553741455078125
2015-08-11,174.9002685546875,28.474895477294922,82.004638671875,51.89509201049805
2015-08-12,175.10975646972656,28.033180236816406,81.95219421386719,52.059173583984375
2015-08-13,174.89186096191406,27.985855102539062,81.77985382080078,52.118255615234375
2015-08-14,175.52883911132812,28.025299072265625,81.74232482910156,52.4005012512207
2015-08-17,176.509521484375,27.71767234802246,81.88470458984375,52.84686279296875
2015-08-18,175.9982452392578,27.417932510375977,81.73480987548828,52.991268157958984
2015-08-19,174.60691833496094,27.07876205444336,81.9896469116211,52.67618942260742
2015-08-20,170.9608612060547,26.652822494506836,82.11709594726562,52.28892517089844
2015-08-21,165.81455993652344,25.83249282836914,82.25948333740234,51.31743621826172
2015-08-24,158.83261108398438,24.70454216003418,82.22948455810547,48.915008544921875
2015-08-25,156.9634552001953,25.020048141479492,82.03462982177734,47.56939697265625
2015-08-26,162.98988342285156,25.848268508911133,81.65245056152344,48.85594940185547
2015-08-27,167.02145385742188,26.991994857788086,81.76480865478516,49.80116271972656
2015-08-28,167.02987670898438,26.644929885864258,81.68990325927734,49.72896957397461
2015-08-31,165.68038940429688,26.6922607421875,81.62995147705078,48.593379974365234
2015-09-01,160.73519897460938,25.658960342407227,81.8717269897461,47.66786575317383
2015-09-02,163.7861785888672,26.02968978881836,81.76660919189453,48.160160064697266
2015-09-03,163.9034423828125,26.132230758666992,81.88674926757812,48.29144287109375
2015-09-04,161.42254638671875,25.351337432861328,82.05948638916016,47.392181396484375
2015-09-08,165.4792022705078,26.155887603759766,81.8642807006836,48.10763931274414
2015-09-09,163.26646423339844,26.021799087524414,81.89427947998047,47.5562629699707
2015-09-10,164.1549835205078,26.28998374938965,81.80416107177734,47.66128921508789
2015-09-11,164.9009246826172,26.392526626586914,81.9017562866211,48.57368469238281
2015-09-14,164.28897094726562,26.353086471557617,81.92430114746094,48.59994125366211
2015-09-15,166.34254455566406,26.605497360229492,81.55633544921875,49.0791130065918
2015-09-16,167.78421020507812,27.252290725708008,81.48877716064453,49.60424041748047
2015-09-17,167.40701293945312,27.189191818237305,81.99939727783203,50.16874313354492
2015-09-18,164.6713409423828,26.68437385559082,82.06703186035156,50.08341598510742
2015-09-21,165.52232360839844,26.637042999267578,81.84920501708984,50.510074615478516
2015-09-22,163.3738555908203,26.14011573791504,82.04447174072266,49.87337875366211
2015-09-23,163.11273193359375,25.722064971923828,81.97686004638672,50.186275482177734
2015-09-24,162.5229034423828,25.61163902282715,82.08203125,49.715572357177734
2015-09-25,162.4807891845703,25.556421279907227,81.9393081665039,49.914466857910156
2015-09-28,158.40301513671875,25.01215934753418,82.13459777832031,49.1388053894043
2015-09-29,158.49560546875,25.13047981262207,82.26229095458984,49.662559509277344
2015-09-30,161.45291137695312,25.85614776611328,82.29228973388672,50.0802001953125
2015-10-01,161.87417602539062,25.998132705688477,82.35623168945312,50.32550048828125
2015-10-02,164.29214477539062,26.6922607421875,82.60450744628906,50.690128326416016
2015-10-05,167.2157745361328,27.268070220947266,82.2960205078125,51.54535675048828
2015-10-06,166.64283752441406,27.220741271972656,82.49917602539062,51.42603302001953
2015-10-07,168.00775146484375,27.946414947509766,82.43900299072266,52.01605224609375
2015-10-08,169.5242919921875,28.246164321899414,82.32614135742188,52.45362091064453
2015-10-09,169.62538146972656,28.34869384765625,82.25847625732422,52.3674201965332
2015-10-12,169.78549194335938,28.13572120666504,82.46912384033203,52.73869323730469
2015-10-13,168.71542358398438,27.678234100341797,82.47661590576172,52.327659606933594
2015-10-14,167.90658569335938,27.891202926635742,82.78507232666016,51.936519622802734
2015-10-15,170.48475646972656,28.569551467895508,82.6722412109375,52.64588165283203
2015-10-16,171.25985717773438,28.593219757080078,82.58946228027344,53.04365539550781
2015-10-19,171.3441162109375,28.301366806030273,82.6722412109375,53.78616714477539
2015-10-20,171.12501525878906,28.293479919433594,82.50672149658203,53.76626968383789
2015-10-21,170.06346130371094,27.883319854736328,82.70236206054688,53.5673828125
2015-10-22,172.9365234375,28.459123611450195,82.7173843383789,54.03811264038086
2015-10-23,174.83216857910156,28.624774932861328,82.574462890625,53.51436996459961
2015-10-26,174.40252685546875,28.36446762084961,82.61211395263672,53.501094818115234
2015-10-27,174.06552124023438,28.04107093811035,82.732421875,53.48121643066406
2015-10-28,176.04539489746094,27.71767234802246,82.4841537475586,53.527610778808594
2015-10-29,175.94435119628906,27.457378387451172,82.13053894042969,53.45469284057617
2015-10-30,175.1860809326172,27.50470542907715,82.34871673583984,52.96409606933594
2015-11-02,177.25863647460938,28.048965454101562,82.18661499023438,54.09114456176758
2015-11-03,177.7726287841797,28.41968536376953,82.03585815429688,53.5474967956543
2015-11-04,177.2333984375,28.19093894958496,82.03585815429688,53.308841705322266
2015-11-05,177.056396484375,28.23826026916504,81.9981460571289,53.5209846496582
2015-11-06,176.96380615234375,27.843873977661133,81.60618591308594,51.8569450378418
2015-11-09,175.31243896484375,27.149749755859375,81.55339813232422,50.96858215332031
2015-11-10,175.71681213378906,27.031435012817383,81.70419311523438,51.5519905090332
2015-11-11,175.0259552001953,27.086654663085938,81.59862518310547,51.61166763305664
2015-11-12,172.58265686035156,26.826351165771484,81.67401885986328,51.26025390625
2015-11-13,170.64479064941406,26.45562744140625,81.83230590820312,50.6768798828125
2015-11-16,173.23977661132812,26.968334197998047,81.90016174316406,51.26025390625
2015-11-17,173.1134796142578,26.889453887939453,81.96047973632812,51.26025390625
2015-11-18,175.86007690429688,27.18130111694336,81.90016174316406,51.71109390258789
2015-11-19,175.7084197998047,27.425825119018555,81.93789672851562,51.87020492553711
2015-11-20,176.34878540039062,27.701900482177734,81.88511657714844,52.5198974609375
2015-11-23,176.1465606689453,27.44160270690918,81.9076919555664,52.63261413574219
2015-11-24,176.38243103027344,27.58358383178711,81.9831314086914,52.354164123535156
2015-11-25,176.35719299316406,27.3706111907959,82.02075958251953,52.56632614135742
2015-11-27,176.55938720703125,26.77113914489746,81.9981460571289,53.02378463745117
2015-11-30,175.82632446289062,26.810577392578125,82.02835845947266,52.63261413574219
2015-12-01,177.50296020507812,27.01565933227539,82.31576538085938,53.36189270019531
2015-12-02,175.6915740966797,26.6922607421875,82.2174301147461,52.27460861206055
2015-12-03,173.23141479492188,26.54239273071289,81.61226654052734,51.45252990722656
2015-12-04,176.60992431640625,26.72381019592285,81.87702178955078,52.43373107910156
2015-12-07,175.5399627685547,26.282094955444336,81.9980697631836,52.28786849975586
2015-12-08,174.36038208007812,25.990251541137695,82.02837371826172,52.24146270751953
2015-12-09,173.00392150878906,25.77727508544922,82.02837371826172,51.94976043701172
2015-12-10,173.45040893554688,25.603742599487305,82.0132064819336,51.578514099121094
2015-12-11,170.08877563476562,24.885961532592773,82.2174301147461,51.4857063293457
2015-12-14,170.94810485839844,25.288236618041992,81.83164978027344,51.72435760498047
2015-12-15,172.74273681640625,25.67473793029785,81.8392105102539,52.28786849975586
2015-12-16,175.270263671875,26.179550170898438,81.69547271728516,53.308841705322266
2015-12-17,172.5995330810547,25.840377807617188,81.80896759033203,53.04365539550781
2015-12-18,169.52464294433594,25.75361442565918,81.98299407958984,52.4271125793457
2015-12-21,170.923095703125,25.95468521118164,81.90730285644531,52.63261413574219
2015-12-22,172.47402954101562,26.162960052490234,81.84677124023438,52.84475326538086
2015-12-23,174.60987854003906,26.531452178955078,81.83164978027344,53.38792037963867
2015-12-24,174.3217315673828,26.435327529907227,81.87105560302734,53.38792037963867
2015-12-28,173.92335510253906,26.25107765197754,81.87105560302734,53.68370056152344
2015-12-29,175.7794952392578,26.275108337402344,81.66644287109375,54.25507354736328
2015-12-30,174.53363037109375,25.866561889648438,81.65123748779297,54.066856384277344
2015-12-31,172.78768920898438,25.786455154418945,81.87105560302734,53.596309661865234
2016-01-04,170.37216186523438,25.081512451171875,81.84075927734375,52.950992584228516
2016-01-05,170.6603546142578,25.137590408325195,81.8786392211914,53.97275161743164
2016-01-06,168.50762939453125,24.65694808959961,82.1894302368164,53.824859619140625
2016-01-07,164.46485900878906,23.89593505859375,82.1818618774414,52.77617645263672
2016-01-08,162.65956115722656,23.639585494995117,82.36376190185547,52.07036590576172
2016-01-11,162.82054138183594,23.63157844543457,82.12875366210938,52.36614227294922
2016-01-12,164.13426208496094,23.679641723632812,82.3106918334961,52.01658630371094
2016-01-13,160.0406494140625,23.431310653686523,82.50022888183594,51.270416259765625
2016-01-14,162.6680450439453,23.735713958740234,82.46985626220703,51.1494140625
2016-01-15,159.17617797851562,22.7984619140625,82.56842041015625,50.79986572265625
2016-01-19,159.38807678222656,23.13491439819336,82.48503112792969,51.068756103515625
2016-01-20,157.34548950195312,22.63024139404297,82.55326080322266,49.69741439819336
2016-01-21,158.22694396972656,22.71835708618164,82.43956756591797,49.9730224609375
2016-01-22,161.47300720214844,23.49539566040039,82.50022888183594,51.36452865600586
2016-01-25,159.03213500976562,23.09486198425293,82.45474243164062,51.0418701171875
2016-01-26,161.2018280029297,23.431310653686523,82.56085968017578,52.11071014404297
2016-01-27,159.4473876953125,23.35120391845703,82.57597351074219,51.10234451293945
2016-01-28,160.2780303955078,23.71969985961914,82.64420318603516,50.712459564208984
2016-01-29,164.18511962890625,24.488725662231445,82.88677978515625,51.754417419433594
2016-02-01,164.1258087158203,24.25641632080078,82.78654479980469,51.84180450439453
2016-02-02,161.1678924560547,23.471364974975586,83.0372085571289,51.37126159667969
2016-02-03,162.1340789794922,24.13625144958496,83.02957153320312,51.71408462524414
2016-02-04,162.38836669921875,24.32049560546875,83.1131362915039,51.740997314453125
2016-02-05,159.2947998046875,24.040122985839844,83.0372085571289,50.759521484375
2016-02-08,157.1505889892578,23.71168327331543,83.3562240600586,49.30752182006836
2016-02-09,157.15904235839844,23.383249282836914,83.34859466552734,48.40003204345703
2016-02-10,157.02340698242188,23.4793758392334,83.55368041992188,48.73612976074219
2016-02-11,154.9809112548828,23.08684730529785,83.60681915283203,48.04374694824219
2016-02-12,158.17611694335938,23.487388610839844,83.37896728515625,48.5949821472168
2016-02-16,160.8458709716797,24.008085250854492,83.17393493652344,49.48903274536133
2016-02-17,163.47323608398438,24.480710983276367,83.1283187866211,49.91252136230469
2016-02-18,162.8036651611328,24.336517333984375,83.37896728515625,50.41667938232422
2016-02-19,162.7274169921875,24.224369049072266,83.39419555664062,50.705753326416016
2016-02-22,165.0835418701172,24.825172424316406,83.41695404052734,51.18975830078125
2016-02-23,162.99859619140625,24.296464920043945,83.43215942382812,51.05530548095703
2016-02-24,163.74440002441406,24.240392684936523,83.4625244140625,50.99479293823242
2016-02-25,165.72767639160156,24.32049560546875,83.67523956298828,52.036766052246094
2016-02-26,165.34625244140625,24.080175399780273,83.52330780029297,51.76785659790039
2016-02-29,164.04953002929688,24.288454055786133,83.6220474243164,51.56620788574219
2016-03-01,167.90586853027344,25.153614044189453,83.37166595458984,53.0181884765625
2016-03-02,168.66012573242188,25.49006462097168,83.28031921386719,53.401363372802734
2016-03-03,169.3212432861328,25.77845001220703,83.37925720214844,53.68370056152344
2016-03-04,169.8721160888672,26.291133880615234,83.24991607666016,53.6904296875
2016-03-07,170.00775146484375,26.25107765197754,83.22699737548828,53.83158874511719
2016-03-08,168.15162658691406,25.80247688293457,83.4325180053711,53.28036880493164
2016-03-09,168.9822235107422,25.96269416809082,83.39450073242188,53.576141357421875
2016-03-10,169.1177978515625,26.002742767333984,83.4325180053711,53.38120651245117
2016-03-11,171.8468780517578,26.547473907470703,83.28031921386719,54.57773971557617
2016-03-14,171.6265411376953,26.38726234436035,83.32598114013672,54.58446502685547
2016-03-15,171.3468780517578,26.010761260986328,83.24991607666016,54.611358642578125
2016-03-16,172.33840942382812,26.531452178955078,83.60765075683594,55.270137786865234
2016-03-17,173.43177795410156,27.116230010986328,83.78264617919922,56.0499153137207
2016-03-18,174.11326599121094,27.26042938232422,83.85115051269531,55.807918548583984
2016-03-21,174.3603515625,27.316497802734375,83.66849517822266,55.30420684814453
2016-03-22,174.26666259765625,27.25241470336914,83.6152114868164,55.30420684814453
2016-03-23,173.11659240722656,26.787792205810547,83.7978515625,55.00515365600586
2016-03-24,173.03993225097656,26.723712921142578,83.80547332763672,55.02552032470703
2016-03-28,173.14212036132812,26.81182861328125,83.86636352539062,55.521728515625
2016-03-29,174.74375915527344,27.180322647094727,84.11753845214844,56.72489929199219
2016-03-30,175.51043701171875,27.460695266723633,84.08707427978516,56.61614227294922
2016-03-31,175.08447265625,27.436664581298828,84.35350799560547,56.96281051635742
2016-04-01,176.2771453857422,27.356555938720703,84.27873229980469,56.888038635253906
2016-04-04,175.70635986328125,27.028120040893555,84.36263275146484,56.806480407714844
2016-04-05,173.9514923095703,26.49941635131836,84.47704315185547,56.43259811401367
2016-04-06,175.8511962890625,26.819835662841797,84.4618148803711,56.56855010986328
2016-04-07,173.74700927734375,26.283124923706055,84.64478302001953,56.21507263183594
2016-04-08,174.2155303955078,26.739730834960938,84.56087493896484,56.52778625488281
2016-04-11,173.80662536621094,27.084192276000977,84.6219482421875,56.41220474243164
2016-04-12,175.42526245117188,27.500749588012695,84.48464965820312,56.82007598876953
2016-04-13,177.1972198486328,27.989398956298828,84.5228042602539,56.56855010986328
2016-04-14,177.2057342529297,27.853219985961914,84.37787628173828,56.25586700439453
2016-04-15,177.00978088378906,27.693008422851562,84.61427307128906,56.67731475830078
2016-04-18,178.25363159179688,27.82118034362793,84.6066665649414,56.949195861816406
2016-04-19,178.8158416748047,28.245744705200195,84.59903717041016,56.976417541503906
2016-04-20,178.98617553710938,28.117568969726562,84.3931655883789,56.011146545410156
2016-04-21,178.0235595703125,27.837196350097656,84.27873229980469,55.01192855834961
2016-04-22,178.0235595703125,27.668973922729492,84.28636169433594,55.610107421875
2016-04-25,177.71685791015625,27.492733001708984,84.19486999511719,56.07231140136719
2016-04-26,177.98098754882812,27.78913688659668,84.1567153930664,56.28984832763672
2016-04-27,178.34730529785156,27.957366943359375,84.40838623046875,56.25586700439453
2016-04-28,176.7286834716797,27.668973922729492,84.57616424560547,56.14030838012695
2016-04-29,175.77455139160156,27.548809051513672,84.56857299804688,55.62371826171875
2016-05-02,177.17169189453125,27.476716995239258,84.51124572753906,56.48698806762695
2016-05-03,175.6296844482422,26.699678421020508,84.66403198242188,56.57535934448242
2016-05-04,174.64999389648438,26.267099380493164,84.70227813720703,57.38424301147461
2016-05-05,174.61593627929688,26.259084701538086,84.91619873046875,57.54738235473633
2016-05-06,175.25485229492188,26.299142837524414,84.78631591796875,58.1795539855957
2016-05-09,175.39968872070312,25.96269416809082,84.83979034423828,58.81850814819336
2016-05-10,177.58053588867188,26.459352493286133,84.87796783447266,58.81172180175781
2016-05-11,175.91940307617188,26.395275115966797,84.87796783447266,57.55418014526367
2016-05-12,175.9704132080078,26.323177337646484,84.80155944824219,57.88725662231445
2016-05-13,174.43702697753906,25.850540161132812,84.9620361328125,57.37067794799805
2016-05-16,176.1579132080078,26.162960052490234,84.81686401367188,57.91444778442383
2016-05-17,174.51376342773438,26.042795181274414,84.70227813720703,56.840457916259766
2016-05-18,174.56483459472656,25.786455154418945,84.3508071899414,55.94997787475586
2016-05-19,173.9599609375,25.54613494873047,84.40430450439453,55.32460403442383
2016-05-20,175.05889892578125,25.80247688293457,84.4577865600586,55.76646041870117
2016-05-23,174.8203887939453,25.754413604736328,84.44247436523438,55.773258209228516
2016-05-24,177.0864715576172,26.018768310546875,84.3966064453125,56.46658706665039
2016-05-25,178.2876739501953,26.3311824798584,84.41191101074219,56.46658706665039
2016-05-26,178.3387908935547,26.50741958618164,84.54182434082031,56.57535934448242
2016-05-27,179.1055145263672,26.49941635131836,84.52658081054688,56.881256103515625
2016-05-31,178.76475524902344,26.531452178955078,84.58002471923828,56.87442398071289
2016-06-01,179.13107299804688,26.515426635742188,84.53253936767578,56.922035217285156
2016-06-02,179.67628479003906,26.731719970703125,84.74688720703125,57.214332580566406
2016-06-03,179.1395721435547,27.14026641845703,85.20623779296875,57.44540786743164
2016-06-06,180.05113220214844,27.42864990234375,85.09141540527344,57.00358200073242
2016-06-07,180.3322296142578,27.67698097229004,85.16793823242188,57.35026550292969
2016-06-08,180.92010498046875,27.87725257873535,85.19856262207031,57.71733856201172
2016-06-09,180.6729736328125,27.55682373046875,85.25980377197266,57.84648895263672
2016-06-10,178.96070861816406,26.859891891479492,85.37464141845703,57.574588775634766
2016-06-13,177.58053588867188,26.48339080810547,85.44357299804688,57.588165283203125
2016-06-14,177.2312774658203,26.395275115966797,85.4052505493164,57.438636779785156
2016-06-15,176.9842529296875,26.67563819885254,85.58899688720703,57.9824333190918
2016-06-16,177.51242065429688,26.579517364501953,85.6426010131836,58.30870056152344
2016-06-17,176.85133361816406,26.651611328125,85.58131408691406,58.213539123535156
2016-06-20,177.99026489257812,27.124244689941406,85.34396362304688,58.29511260986328
2016-06-21,178.49554443359375,27.3325252532959,85.28279876708984,58.517333984375
2016-06-22,178.20436096191406,27.401954650878906,85.33637237548828,58.42818069458008
2016-06-23,180.52500915527344,28.06399154663086,85.1909408569336,58.72308349609375
2016-06-24,174.04254150390625,26.360454559326172,85.65028381347656,58.20184326171875
2016-06-27,170.9254608154297,26.021364212036133,85.9947509765625,58.24299621582031
2016-06-28,174.00831604003906,26.788358688354492,86.1019287109375,59.470680236816406
2016-06-29,176.97125244140625,27.46654510498047,86.0406723022461,60.19084548950195
2016-06-30,179.38613891601562,27.741044998168945,86.21673583984375,60.81495666503906
2016-07-01,179.7628936767578,28.007482528686523,86.4023666381836,60.835533142089844
2016-07-05,178.4697723388672,27.410030364990234,86.63249206542969,61.507659912109375
2016-07-06,179.5402374267578,27.337366104125977,86.79351806640625,61.24020767211914
2016-07-07,179.42892456054688,27.26470375061035,86.73218536376953,60.60919189453125
2016-07-08,182.10072326660156,27.854080200195312,86.86254119873047,61.5899658203125
2016-07-11,182.74293518066406,28.120513916015625,86.63249206542969,62.001468658447266
2016-07-12,184.07028198242188,28.516117095947266,86.37171173095703,61.99462127685547
2016-07-13,184.04461669921875,28.46767807006836,86.4944076538086,62.33753967285156
2016-07-14,185.07225036621094,28.879430770874023,86.41768646240234,61.782005310058594
2016-07-15,184.8238525390625,28.814842224121094,86.1032485961914,61.802589416503906
2016-07-18,185.32057189941406,29.073200225830078,86.11858367919922,61.96718978881836
2016-07-19,185.1321258544922,28.77448081970215,86.29495239257812,62.268959045410156
2016-07-20,185.90283203125,28.919801712036133,86.21830749511719,62.275821685791016
2016-07-21,185.20065307617188,28.83098793029785,86.29495239257812,62.39928436279297
2016-07-22,186.03128051757812,29.040912628173828,86.31033325195312,62.94797134399414
2016-07-25,185.5260772705078,28.7502498626709,86.21063232421875,62.831390380859375
2016-07-26,185.6116943359375,28.976314544677734,86.21063232421875,62.52273941040039
2016-07-27,185.4147491455078,29.073200225830078,86.46373748779297,62.03577423095703
2016-07-28,185.6288299560547,29.08127784729004,86.45603942871094,62.61189651489258
2016-07-29,185.92855834960938,29.234668731689453,86.68614959716797,63.407493591308594
2016-08-01,185.7744140625,29.178159713745117,86.48406982421875,63.54465866088867
2016-08-02,184.58409118652344,28.968242645263672,86.2304916381836,62.52960205078125
2016-08-03,185.12359619140625,29.06511878967285,86.32271575927734,62.16608810424805
2016-08-04,185.32057189941406,29.226600646972656,86.48406982421875,61.912322998046875
2016-08-05,186.8362579345703,29.565696716308594,86.19205474853516,61.953468322753906
2016-08-08,186.72491455078125,29.77560806274414,86.2458724975586,62.06321334838867
2016-08-09,186.8362579345703,29.977453231811523,86.46867370605469,62.39928436279297
2016-08-10,186.37387084960938,29.985515594482422,86.5685806274414,62.33069610595703
2016-08-11,187.23880004882812,30.373062133789062,86.33806610107422,61.62425231933594
2016-08-12,187.07601928710938,30.260021209716797,86.54553985595703,61.8848762512207
2016-08-15,187.6155242919922,30.574901580810547,86.39188385009766,61.82316207885742
2016-08-16,186.6478271484375,30.437644958496094,86.33806610107422,61.08242416381836
2016-08-17,186.99896240234375,30.243881225585938,86.49945831298828,61.329345703125
2016-08-18,187.41856384277344,30.526460647583008,86.62238311767578,61.103031158447266
2016-08-19,187.14451599121094,30.356910705566406,86.4302978515625,60.71207046508789
2016-08-22,187.135986328125,29.953224182128906,86.56094360351562,61.04127502441406
2016-08-23,187.51271057128906,29.832122802734375,86.58395385742188,61.0755729675293
2016-08-24,186.55364990234375,29.912853240966797,86.55319213867188,60.808101654052734
2016-08-25,186.42520141601562,29.93708610534668,86.46102905273438,61.08242416381836
2016-08-26,186.0741729736328,29.67871856689453,86.32271575927734,60.4788703918457
2016-08-29,186.9904327392578,29.9047908782959,86.56094360351562,61.0755729675293
2016-08-30,186.68211364746094,29.824052810668945,86.51482391357422,60.958980560302734
2016-08-31,186.15118408203125,29.493024826049805,86.49945831298828,61.020694732666016
2016-09-01,186.15977478027344,29.719093322753906,86.57487487792969,60.86981964111328
2016-09-02,186.99896240234375,30.203510284423828,86.45940399169922,61.39790725708008
2016-09-06,187.56414794921875,30.84940528869629,86.64413452148438,61.87117385864258
2016-09-07,187.54702758789062,30.75252342224121,86.69036865234375,62.241546630859375
2016-09-08,187.1188507080078,30.671781539916992,86.39012908935547,61.480224609375
2016-09-09,182.64015197753906,29.63835906982422,86.01290130615234,59.04543685913086
2016-09-12,185.26055908203125,29.840200424194336,86.08222198486328,59.745018005371094
2016-09-13,182.59739685058594,29.08934783935547,85.84356689453125,58.24503707885742
2016-09-14,182.5288848876953,29.178159713745117,85.95132446289062,58.431488037109375
2016-09-15,184.3528289794922,29.67871856689453,86.00518035888672,58.65249252319336
2016-09-16,183.64019775390625,29.47688102722168,86.0667953491211,58.68012619018555
2016-09-19,183.67469787597656,29.711021423339844,85.99750518798828,59.211875915527344
2016-09-20,183.68333435058594,29.72715950012207,86.02828979492188,59.12211227416992
2016-09-21,185.74887084960938,30.558752059936523,86.24385070800781,59.88173294067383
2016-09-22,186.9193572998047,30.77674674987793,86.42093658447266,60.952178955078125
2016-09-23,185.89515686035156,30.381132125854492,86.3978271484375,61.13861083984375
2016-09-26,184.38905334472656,29.93708610534668,86.50563049316406,61.283660888671875
2016-09-27,185.53369140625,30.3649845123291,86.6133804321289,60.63450241088867
2016-09-28,186.45462036132812,30.639493942260742,86.63648986816406,61.131736755371094
2016-09-29,184.76768493652344,30.106632232666016,86.63648986816406,60.316837310791016
2016-09-30,186.1619873046875,30.23580551147461,86.54412078857422,59.90249252319336
2016-10-03,185.7144317626953,30.445716857910156,86.44618225097656,58.78369140625
2016-10-04,184.76768493652344,30.106632232666016,86.1530990600586,57.98263168334961
2016-10-05,185.5853729248047,30.542604446411133,86.03736877441406,56.808597564697266
2016-10-06,185.7144317626953,30.56682586669922,86.03736877441406,56.82930374145508
2016-10-07,185.07749938964844,30.4295654296875,86.05281829833984,56.73261642456055
2016-10-10,186.04150390625,30.760601043701172,86.01424407958984,57.0848274230957
2016-10-11,183.69187927246094,30.050113677978516,85.8831558227539,56.532344818115234
2016-10-12,183.93289184570312,29.993600845336914,85.91402435302734,57.1815185546875
2016-10-13,183.3303985595703,29.72715950012207,86.03736877441406,57.630393981933594
2016-10-14,183.42506408691406,29.77560806274414,85.890869140625,57.374881744384766
2016-10-17,182.78817749023438,29.743318557739258,86.03736877441406,57.499202728271484
2016-10-18,183.93289184570312,30.268110275268555,86.17620849609375,57.865211486816406
2016-10-19,184.42343139648438,30.45379066467285,86.22249603271484,57.989524841308594
2016-10-20,184.07919311523438,30.3649845123291,86.19165802001953,57.858306884765625
2016-10-21,184.16526794433594,30.356910705566406,86.2456283569336,57.644248962402344
2016-10-24,184.948486328125,30.486082077026367,86.11454772949219,57.77543640136719
2016-10-25,184.3287811279297,30.518381118774414,86.11454772949219,57.67184066772461
2016-10-26,183.95863342285156,30.195436477661133,85.94490051269531,56.91908264160156
2016-10-27,183.4681396484375,29.93708610534668,85.72891998291016,55.427406311035156
2016-10-28,182.92587280273438,29.815975189208984,85.72891998291016,55.55862045288086
2016-10-31,182.93446350097656,29.985515594482422,85.83687591552734,56.46331024169922
2016-11-01,181.60903930664062,29.743318557739258,85.79048156738281,55.23402786254883
2016-11-02,180.5159912109375,29.388071060180664,85.89096069335938,54.426025390625
2016-11-03,179.6897735595703,29.30733871459961,85.77506256103516,54.004764556884766
2016-11-04,179.49185180664062,29.008607864379883,85.9527816772461,54.43292999267578
2016-11-07,183.45091247558594,30.058191299438477,85.85228729248047,55.385963439941406
2016-11-08,184.27713012695312,30.251951217651367,85.7132568359375,55.6760139465332
2016-11-09,186.23085021972656,29.266971588134766,84.9173812866211,54.833492279052734
2016-11-10,186.6956329345703,28.435380935668945,84.5696792602539,53.914981842041016
2016-11-11,186.2652587890625,27.89444351196289,84.41511535644531,54.239566802978516
2016-11-14,186.41159057617188,27.692607879638672,84.07518005371094,55.52407455444336
2016-11-15,187.86610412597656,28.249692916870117,84.13695526123047,55.06139373779297
2016-11-16,187.5132598876953,28.015554428100586,84.32244110107422,54.90254211425781
2016-11-17,188.47718811035156,28.05592155456543,84.0056381225586,54.343162536621094
2016-11-18,188.05543518066406,27.926742553710938,83.73519134521484,54.50198745727539
2016-11-21,189.4755401611328,28.20124626159668,83.80470275878906,54.33623504638672
2016-11-22,189.84568786621094,28.629154205322266,83.88197326660156,55.289276123046875
2016-11-23,189.9489288330078,28.32235336303711,83.58837127685547,55.054473876953125
2016-11-25,190.65467834472656,28.459609985351562,83.58065032958984,55.37215805053711
2016-11-28,189.7595977783203,28.57263946533203,83.8742904663086,55.62767028808594
2016-11-29,190.129638671875,28.612993240356445,83.96697998046875,56.159423828125
2016-11-30,189.67352294921875,28.66144561767578,83.63471221923828,55.51717758178711
2016-12-01,188.97637939453125,28.32235336303711,83.35916900634766,54.70225524902344
2016-12-02,189.07101440429688,28.354652404785156,83.62234497070312,55.247840881347656
2016-12-05,190.20712280273438,28.588783264160156,83.6920394897461,55.655303955078125
2016-12-06,190.80955505371094,28.742183685302734,83.6765365600586,56.01439666748047
2016-12-07,193.30551147460938,29.226600646972656,83.89331817626953,57.133182525634766
2016-12-08,193.77886962890625,29.355783462524414,83.73844909667969,57.526817321777344
2016-12-09,194.9494171142578,29.202377319335938,83.48297882080078,57.46467590332031
2016-12-12,194.72561645507812,29.008607864379883,83.40560913085938,57.844512939453125
2016-12-13,196.0252227783203,29.331554412841797,83.5139389038086,57.81687545776367
2016-12-14,194.40716552734375,28.459609985351562,83.05723571777344,56.553077697753906
2016-12-15,195.20761108398438,28.508045196533203,82.95661163330078,56.22158432006836
2016-12-16,194.8258056640625,28.378868103027344,83.01077270507812,57.0640983581543
2016-12-19,195.25001525878906,28.185100555419922,83.22757720947266,57.67876052856445
2016-12-20,196.00320434570312,28.281978607177734,83.15015411376953,57.8099479675293
2016-12-21,195.45779418945312,28.16439437866211,83.32819366455078,56.932899475097656
2016-12-22,195.12014770507812,27.82958984375,83.32743072509766,56.83771514892578
2016-12-23,195.40585327148438,27.992910385131836,83.35071563720703,56.98576354980469
2016-12-27,195.8906707763672,28.11539649963379,83.28858184814453,57.105648040771484
2016-12-28,194.2716827392578,28.327714920043945,83.42054748535156,56.760162353515625
2016-12-29,194.2284698486328,28.79317855834961,83.67654418945312,57.46525573730469
2016-12-30,193.5185089111328,28.589021682739258,83.84729766845703,58.191471099853516
2017-01-03,194.99896240234375,28.931995391845703,83.9326171875,58.38188171386719
2017-01-04,196.1590118408203,29.15247917175293,83.95590209960938,59.23503494262695
2017-01-05,196.00320434570312,29.470949172973633,84.30509948730469,59.4254035949707
2017-01-06,196.70445251464844,29.34845542907715,84.02570343017578,59.432456970214844
2017-01-09,196.05517578125,29.323959350585938,84.1654052734375,58.89658737182617
2017-01-10,196.05517578125,29.495450973510742,84.14215087890625,58.3959846496582
2017-01-11,196.6092529296875,29.846582412719727,84.24299621582031,58.03636169433594
2017-01-12,196.11573791503906,29.97724151611328,84.27403259277344,58.332515716552734
2017-01-13,196.56591796875,29.952741622924805,84.12660217285156,58.2479248046875
2017-01-17,195.8733673095703,29.9364070892334,84.41370391845703,58.69916915893555
2017-01-18,196.30618286132812,29.773088455200195,84.04901885986328,58.797889709472656
2017-01-19,195.57901000976562,29.68326187133789,83.83175659179688,58.19853973388672
2017-01-20,196.29757690429688,29.740427017211914,83.86280059814453,58.62158966064453
2017-01-23,195.78672790527344,30.18138885498047,84.09552764892578,59.11515426635742
2017-01-24,197.04208374023438,30.36920738220215,83.96366119384766,59.1292724609375
2017-01-25,198.7476043701172,30.704008102416992,83.73866271972656,58.74147033691406
2017-01-26,198.53977966308594,30.573352813720703,83.79295349121094,58.62865447998047
2017-01-27,198.22813415527344,30.597848892211914,83.86280059814453,58.05753707885742
2017-01-30,196.9988250732422,30.434520721435547,83.82400512695312,57.662689208984375
2017-01-31,196.9814910888672,30.491687774658203,84.02570343017578,58.07868576049805
2017-02-01,197.05943298339844,30.508028030395508,83.9075698852539,57.380638122558594
2017-02-02,197.18927001953125,30.638671875,83.95421600341797,58.064579010009766
2017-02-03,198.5484619140625,30.826499938964844,83.97755432128906,58.38188171386719
2017-02-06,198.1935577392578,30.75299644470215,84.21855926513672,58.283145904541016
2017-02-07,198.20216369628906,30.597848892211914,84.30413055419922,58.07868576049805
2017-02-08,198.46189880371094,30.78567123413086,84.54511260986328,58.53700637817383
2017-02-09,199.6393280029297,30.92448616027832,84.3429946899414,58.67803192138672
2017-02-10,200.4271240234375,31.21030044555664,84.32740020751953,59.094032287597656
2017-02-13,201.51795959472656,31.308286666870117,84.20299530029297,59.11515426635742
2017-02-14,202.32305908203125,31.3409481048584,84.01642608642578,58.80490493774414
2017-02-15,203.37925720214844,31.594100952148438,83.88423156738281,58.60750961303711
2017-02-16,203.20614624023438,31.47977638244629,84.06305694580078,58.9530029296875
2017-02-17,203.52645874023438,31.34912109375,84.2496566772461,59.065799713134766
2017-02-21,204.73854064941406,31.692094802856445,84.2419204711914,59.82027816772461
2017-02-22,204.55670166015625,31.790077209472656,84.29630279541016,59.62283706665039
2017-02-23,204.69520568847656,31.79824447631836,84.43627166748047,59.93307113647461
2017-02-24,204.95492553710938,31.42261505126953,84.74727630615234,60.21511459350586
2017-02-27,205.2752227783203,31.32463264465332,84.59170532226562,60.532413482666016
2017-02-28,204.72120666503906,31.022478103637695,84.5684585571289,60.11640167236328
2017-03-01,207.58676147460938,31.504274368286133,84.17107391357422,59.93307113647461
2017-03-02,206.27951049804688,30.94898796081543,84.01531219482422,59.60873031616211
2017-03-03,206.4093780517578,31.185794830322266,84.07762908935547,59.37604522705078
2017-03-06,205.79473876953125,31.202133178710938,84.03868865966797,59.10810470581055
2017-03-07,205.18002319335938,31.234800338745117,83.92960357666016,58.826087951660156
2017-03-08,204.799072265625,30.940814971923828,83.7270278930664,57.74022674560547
2017-03-09,205.05882263183594,30.695837020874023,83.46994018554688,56.872955322265625
2017-03-10,205.7773895263672,31.038814544677734,83.5946044921875,56.696693420410156
2017-03-13,205.88124084472656,31.471607208251953,83.45437622070312,56.83771514892578
2017-03-14,205.09347534179688,31.291955947875977,83.4854965209961,56.823612213134766
2017-03-15,206.86825561523438,32.10854721069336,83.96855926513672,57.972904205322266
2017-03-16,206.46133422851562,32.30453872680664,83.87506866455078,57.860107421875
2017-03-17,206.0987548828125,32.24737548828125,84.05424499511719,58.12803268432617
2017-03-20,205.8726806640625,32.62301254272461,84.17888641357422,58.07868576049805
2017-03-21,203.2293701171875,32.26370620727539,84.35032653808594,57.82485580444336
2017-03-22,203.70758056640625,32.41885757446289,84.46715545654297,57.792884826660156
2017-03-23,203.490234375,32.42702865600586,84.49052429199219,58.21904373168945
2017-03-24,203.34239196777344,32.508689880371094,84.4204330444336,58.15510940551758
2017-03-27,203.13369750976562,32.41885757446289,84.62297058105469,57.62953186035156
2017-03-28,204.6118927001953,32.508689880371094,84.42819213867188,57.87812805175781
2017-03-29,204.8031768798828,32.56584930419922,84.61516571044922,58.2048225402832
2017-03-30,205.45533752441406,32.39435958862305,84.4593734741211,58.31135940551758
2017-03-31,204.97706604003906,32.165714263916016,84.52171325683594,58.659385681152344
2017-04-03,204.62062072753906,32.345359802246094,84.83548736572266,58.82984924316406
2017-04-04,204.75100708007812,32.361698150634766,84.75743865966797,58.82984924316406
2017-04-05,204.14236450195312,32.26370620727539,84.85116577148438,58.91508102416992
2017-04-06,204.7162628173828,32.206546783447266,84.84337615966797,59.22758483886719
2017-04-07,204.50758361816406,32.14937973022461,84.65595245361328,59.31281280517578
2017-04-10,204.6292724609375,32.01872634887695,84.76521301269531,59.6821403503418
2017-04-11,204.38583374023438,31.945232391357422,85.00724029541016,60.09407424926758
2017-04-12,203.490234375,32.10038375854492,85.19462585449219,59.98754119873047
2017-04-13,202.1685791015625,31.961566925048828,85.30391693115234,59.852596282958984
2017-04-17,203.9597625732422,32.296363830566406,85.25709533691406,60.57705307006836
2017-04-18,203.35110473632812,31.888072967529297,85.60062408447266,60.740413665771484
2017-04-19,202.9772491455078,31.692094802856445,85.46784973144531,60.65517807006836
2017-04-20,204.6292724609375,32.08406066894531,85.3351821899414,60.66229248046875
2017-04-21,203.97715759277344,32.08406066894531,85.35855102539062,60.442108154296875
2017-04-24,206.22048950195312,32.54134750366211,85.23363494873047,59.77448272705078
2017-04-25,207.42039489746094,32.827152252197266,84.95263671875,60.02305221557617
2017-04-26,207.2899932861328,32.70466995239258,85.06190490722656,59.575599670410156
2017-04-27,207.46380615234375,32.66383743286133,85.13995361328125,59.41935729980469
2017-04-28,207.01168823242188,32.71282958984375,85.28831481933594,58.80144119262695
2017-05-01,207.533447265625,32.90065002441406,85.06846618652344,59.149452209472656
2017-05-02,207.6116943359375,33.13746643066406,85.18584442138672,59.05002212524414
2017-05-03,207.3595428466797,32.91697692871094,85.0997543334961,58.261634826660156
2017-05-04,207.6029815673828,32.54951477050781,85.0293960571289,57.9775505065918
2017-05-05,208.4203338623047,32.81899642944336,85.04499053955078,58.524417877197266
2017-05-08,208.3855743408203,32.810821533203125,84.88069152832031,58.11249923706055
2017-05-09,208.1942596435547,33.22728729248047,84.8885269165039,57.79998779296875
2017-05-10,208.56813049316406,33.4477653503418,84.9120101928711,58.254539489746094
2017-05-11,208.14208984375,33.521270751953125,84.90419006347656,57.96334457397461
2017-05-12,207.79425048828125,33.66008377075195,85.21711730957031,57.72896957397461
2017-05-15,208.9420166015625,34.003047943115234,85.18584442138672,57.899410247802734
2017-05-16,208.75071716308594,34.03571701049805,85.29534149169922,57.508785247802734
2017-05-17,205.046630859375,33.455936431884766,85.73347473144531,57.7431640625
2017-05-18,205.8726806640625,32.90065002441406,85.68655395507812,58.06277847290039
2017-05-19,207.2116241455078,33.60292434692383,85.68655395507812,58.37529754638672
2017-05-22,208.2637939453125,33.635581970214844,85.63179779052734,58.6025505065918
2017-05-23,208.72462463378906,33.66825485229492,85.46744537353516,58.652278900146484
2017-05-24,209.21157836914062,33.798912048339844,85.61613464355469,59.12814712524414
2017-05-25,210.21151733398438,33.96223068237305,85.6552505493164,59.13526916503906
2017-05-26,210.16798400878906,34.0847053527832,85.62399291992188,58.709102630615234
2017-05-30,209.98541259765625,33.90506362915039,85.78827667236328,58.33977127075195
2017-05-31,209.93325805664062,33.64375305175781,85.87432098388672,58.37529754638672
2017-06-01,211.60272216796875,33.9295539855957,85.83511352539062,58.68069839477539
2017-06-02,212.3070068359375,34.10104751586914,86.11734008789062,59.28441619873047
2017-06-05,212.1504669189453,34.060218811035156,85.98410034179688,59.028709411621094
2017-06-06,211.47225952148438,34.0765495300293,86.15657806396484,58.744606018066406
2017-06-07,211.863525390625,34.03571701049805,86.05464935302734,59.15657424926758
2017-06-08,211.96788024902344,34.2398681640625,85.96837615966797,59.01451110839844
2017-06-09,211.6461944580078,33.978546142578125,85.89784240722656,59.42643737792969
2017-06-12,211.60272216796875,33.798912048339844,85.89784240722656,59.959136962890625
2017-06-13,212.6374053955078,33.96223068237305,85.92133331298828,60.09407424926758
2017-06-14,212.367919921875,33.95405578613281,86.19577026367188,60.17931365966797
2017-06-15,211.95919799804688,33.60292434692383,86.14089965820312,60.48471450805664
2017-06-16,212.0055694580078,33.66008377075195,86.19577026367188,60.32847595214844
2017-06-19,213.7704620361328,33.99488830566406,86.07817077636719,60.3355712890625
2017-06-20,212.32876586914062,33.61915588378906,86.21145629882812,60.19350814819336
2017-06-21,212.27638244628906,33.69300079345703,86.22713470458984,60.072792053222656
2017-06-22,212.18023681640625,33.865272521972656,86.26631927490234,60.129615783691406
2017-06-23,212.4336700439453,34.04575729370117,86.28201293945312,60.338253021240234
2017-06-26,212.5734405517578,34.37390899658203,86.36041259765625,60.768470764160156
2017-06-27,210.86093139648438,33.971920013427734,86.1016616821289,60.22352600097656
2017-06-28,212.74818420410156,34.23444366455078,86.13304901123047,60.366943359375
2017-06-29,210.8783721923828,33.79964065551758,85.96837615966797,59.6785888671875
2017-06-30,211.27157592773438,33.95552062988281,85.858642578125,59.6785888671875
2017-07-03,211.6298065185547,34.15240478515625,85.70545959472656,60.438655853271484
2017-07-05,212.1190643310547,34.086769104003906,85.7525634765625,59.58538055419922
2017-07-06,210.1793975830078,33.67658615112305,85.58758544921875,58.46682357788086
2017-07-07,211.5424346923828,33.742210388183594,85.55613708496094,58.79663848876953
2017-07-10,211.76959228515625,34.062164306640625,85.59549713134766,58.25887680053711
2017-07-11,211.6123046875,34.34109115600586,85.67401123046875,58.19434356689453
2017-07-12,213.2025146484375,35.0056037902832,85.93326568603516,58.91136169433594
2017-07-13,213.56080627441406,35.17787551879883,85.83899688720703,59.00457000732422
2017-07-14,214.55685424804688,35.62088394165039,85.92543029785156,59.571044921875
2017-07-17,214.5306396484375,35.45680618286133,85.96471405029297,60.051456451416016
2017-07-18,214.64422607421875,35.563453674316406,86.1611328125,59.92238235473633
2017-07-19,215.80630493164062,35.85879135131836,86.1846923828125,60.37410354614258
2017-07-20,215.9024658203125,35.81777572631836,86.2082290649414,60.09446716308594
2017-07-21,215.71018981933594,35.79316711425781,86.35749053955078,60.051456451416016
2017-07-24,215.65777587890625,35.89981460571289,86.27894592285156,59.93671417236328
2017-07-25,216.18199157714844,35.80957794189453,85.97260284423828,60.01556396484375
2017-07-26,216.19073486328125,36.10490798950195,86.13754272460938,60.43146896362305
2017-07-27,215.9897918701172,35.90801239013672,86.01184844970703,60.503177642822266
2017-07-28,215.73643493652344,35.8916015625,86.1846923828125,60.338253021240234
2017-07-31,215.61407470703125,35.93260955810547,86.1453857421875,60.41712188720703
2017-08-01,216.09466552734375,36.039276123046875,86.38158416748047,60.689598083496094
2017-08-02,216.19947814941406,36.07209396362305,86.31858825683594,60.13749694824219
2017-08-03,215.7800750732422,35.924434661865234,86.49180603027344,60.01556396484375
2017-08-04,216.1732940673828,36.05569076538086,86.35010528564453,60.21637725830078
2017-08-07,216.57518005371094,36.30179214477539,86.3421859741211,60.15181350708008
2017-08-08,216.04217529296875,36.30999755859375,86.26351928710938,59.8650016784668
2017-08-09,216.0334930419922,35.98185348510742,86.3421859741211,59.66425704956055
2017-08-10,212.9840850830078,35.128658294677734,86.4288330078125,59.23402404785156
2017-08-11,213.29859924316406,35.210689544677734,86.4996566772461,58.86835479736328
2017-08-14,215.4131317138672,35.5716552734375,86.46028900146484,59.85065460205078
2017-08-15,215.38697814941406,35.61267852783203,86.3343505859375,59.67141342163086
2017-08-16,215.7626495361328,35.98185348510742,86.49180603027344,59.90803146362305
2017-08-17,212.39874267578125,35.52244567871094,86.61778259277344,59.53517532348633
2017-08-18,212.0666961669922,35.82597732543945,86.56267547607422,58.932861328125
2017-08-21,212.23263549804688,35.95724868774414,86.6256332397461,59.5638542175293
2017-08-22,214.45199584960938,36.359222412109375,86.54692077636719,59.39176559448242
2017-08-23,213.68313598632812,36.531497955322266,86.74375915527344,60.00122833251953
2017-08-24,213.18508911132812,36.646358489990234,86.63353729248047,59.81483840942383
2017-08-25,213.68313598632812,36.859657287597656,86.69650268554688,60.10164260864258
2017-08-28,213.69186401367188,36.728389739990234,86.7280044555664,59.642738342285156
2017-08-29,213.93650817871094,36.66276550292969,86.85397338867188,59.57819366455078
2017-08-30,214.95001220703125,36.72019577026367,86.8382339477539,59.91521453857422
2017-08-31,216.2432098388672,36.77761459350586,86.95630645751953,60.25939178466797
2017-09-01,216.54904174804688,37.04833984375,86.75910949707031,60.46731948852539
2017-09-05,214.99371337890625,36.5643196105957,87.11408233642578,60.302391052246094
2017-09-06,215.72763061523438,36.8022346496582,87.01943969726562,60.46016311645508
2017-09-07,215.701416015625,37.07294845581055,87.23243713378906,60.84733581542969
2017-09-08,215.4480743408203,36.82683563232422,87.12985229492188,60.897544860839844
2017-09-11,217.7460479736328,37.31906509399414,86.89320373535156,61.456817626953125
2017-09-12,218.47996520996094,37.27804183959961,86.7669677734375,60.73261642456055
2017-09-13,218.58480834960938,37.08115768432617,86.6801986694336,60.57487487792969
2017-09-14,218.51495361328125,37.179603576660156,86.72753143310547,61.07678985595703
2017-09-15,218.80905151367188,37.4011116027832,86.71174621582031,61.191532135009766
2017-09-18,219.27447509765625,37.532371520996094,86.67224884033203,60.861698150634766
2017-09-19,219.49400329589844,37.61440658569336,86.6249771118164,60.46016311645508
2017-09-20,219.57302856445312,37.4421272277832,86.553955078125,60.29524230957031
2017-09-21,218.9846649169922,37.4421272277832,86.53815460205078,60.18049240112305
2017-09-22,219.0286102294922,37.22882843017578,86.601318359375,59.75601577758789
2017-09-25,218.580810546875,36.59712600708008,86.80642700195312,60.103721618652344
2017-09-26,218.7125244140625,36.498687744140625,86.77485656738281,60.20513153076172
2017-09-27,219.5642547607422,36.36742401123047,86.52243041992188,59.66183853149414
2017-09-28,219.82763671875,36.34281921386719,86.5302963256836,60.067501068115234
2017-09-29,220.60035705566406,36.761207580566406,86.45929718017578,60.19063949584961
2017-10-02,221.55747985839844,36.76941680908203,86.51226043701172,60.103721618652344
2017-10-03,222.03167724609375,37.35187530517578,86.58336639404297,60.01680374145508
2017-10-04,222.2950439453125,37.34367752075195,86.55968475341797,60.32103729248047
2017-10-05,223.61216735839844,37.62260818481445,86.5201644897461,60.53836441040039
2017-10-06,223.3575439453125,37.433921813964844,86.39364624023438,60.3427734375
2017-10-09,222.98875427246094,37.40930938720703,86.51226043701172,60.487648010253906
2017-10-10,223.57708740234375,37.778480529785156,86.5201644897461,60.66875457763672
2017-10-11,223.92832946777344,37.95075988769531,86.53596496582031,60.87160110473633
2017-10-12,223.59463500976562,37.93435287475586,86.63875579833984,61.26276397705078
2017-10-13,223.8668212890625,38.27891540527344,86.8521728515625,61.4221305847168
2017-10-16,224.1654052734375,38.254302978515625,86.76525115966797,61.117889404296875
2017-10-17,224.32342529296875,38.05740737915039,86.73362731933594,61.19035339355469
2017-10-18,224.54293823242188,38.14765930175781,86.59920501708984,61.125125885009766
2017-10-19,224.60440063476562,37.81129455566406,86.6624755859375,60.944026947021484
2017-10-20,225.76348876953125,37.95075988769531,86.40948486328125,60.5963249206543
2017-10-23,224.88539123535156,37.64722442626953,86.50428009033203,60.364501953125
2017-10-24,225.2805633544922,37.64722442626953,86.3225326538086,60.00230026245117
2017-10-25,224.1654052734375,37.565189361572266,86.2672348022461,59.82843780517578
2017-10-26,224.45516967773438,37.31086349487305,86.17233276367188,59.33586120605469
2017-10-27,226.29034423828125,37.852317810058594,86.3620376586914,59.60390090942383
2017-10-30,225.44737243652344,37.61440658569336,86.59920501708984,59.553165435791016
2017-10-31,225.79861450195312,37.9671745300293,86.54385375976562,59.54591369628906
2017-11-01,226.0971221923828,38.1640625,86.5818862915039,59.835689544677734
2017-11-02,226.1849365234375,38.213287353515625,86.62942504882812,60.3427734375
2017-11-03,226.94015502929688,38.01639175415039,86.7086181640625,60.19063949584961
2017-11-06,227.2913818359375,38.4429931640625,86.78787994384766,60.5963249206543
2017-11-07,227.13330078125,38.196876525878906,86.81163787841797,61.08891296386719
2017-11-08,227.51962280273438,38.37736129760742,86.75615692138672,61.39315414428711
2017-11-09,226.69424438476562,38.139442443847656,86.69281005859375,61.458343505859375
2017-11-10,226.62400817871094,37.97536849975586,86.34424591064453,61.5235595703125
2017-11-13,226.83474731445312,37.89334487915039,86.34424591064453,61.835044860839844
2017-11-14,226.30789184570312,37.6390266418457,86.43138122558594,61.704654693603516
2017-11-15,225.1751708984375,37.4421272277832,86.59774017333984,61.08167266845703
2017-11-16,227.0894012451172,38.22148132324219,86.50273132324219,61.588748931884766
2017-11-17,226.42202758789062,38.41017532348633,86.59774017333984,61.32072448730469
2017-11-20,226.8083953857422,38.60707473754883,86.55018615722656,61.13961410522461
2017-11-21,228.29232788085938,39.123905181884766,86.6373291015625,61.59599304199219
2017-11-22,228.09039306640625,39.22233963012695,86.78787994384766,61.458343505859375
2017-11-24,228.61721801757812,39.14031219482422,86.77205657958984,61.53806686401367
2017-11-27,228.5031280517578,38.56604766845703,86.77205657958984,61.248252868652344
2017-11-28,230.82125854492188,38.853172302246094,86.77205657958984,61.0164794921875
2017-11-29,230.68072509765625,38.23789978027344,86.55815124511719,61.038211822509766
2017-11-30,232.70033264160156,37.81949996948242,86.41554260253906,61.132362365722656
2017-12-01,232.21739196777344,37.606204986572266,86.6624526977539,61.277278900146484
2017-12-04,231.9364013671875,37.68003463745117,86.65450286865234,60.97300338745117
2017-12-05,231.1022491455078,37.65542984008789,86.7418441772461,60.465919494628906
2017-12-06,231.14608764648438,37.146793365478516,86.82911682128906,60.407981872558594
2017-12-07,231.875,37.25343704223633,86.71803283691406,60.560096740722656
2017-12-08,233.1393280029297,37.688236236572266,86.6863021850586,60.87160110473633
2017-12-11,233.8418426513672,37.876922607421875,86.65450286865234,60.864341735839844
2017-12-12,234.25453186035156,37.62260818481445,86.61481475830078,61.1613655090332
2017-12-13,234.22824096679688,38.07382583618164,86.86090850830078,61.26276397705078
2017-12-14,233.2710723876953,37.794891357421875,86.88469696044922,61.248252868652344
2017-12-15,235.2135772705078,37.876922607421875,86.90856170654297,61.63220977783203
2017-12-18,236.70521545410156,38.30352020263672,86.79740142822266,62.03788375854492
2017-12-19,235.79611206054688,38.10115432739258,86.5433578491211,60.719486236572266
2017-12-20,235.6725616455078,38.151126861572266,86.3448715209961,60.01680374145508
2017-12-21,236.15797424316406,38.40095901489258,86.42115020751953,59.78432846069336
2017-12-22,236.0962371826172,38.725765228271484,86.46085357666016,60.1963005065918
2017-12-26,235.81375122070312,38.69245147705078,86.53228759765625,60.49787521362305
2017-12-27,235.9285430908203,38.792388916015625,86.80230712890625,60.696495056152344
2017-12-28,236.41390991210938,39.05888366699219,86.73877716064453,61.02020263671875
2017-12-29,235.5225067138672,39.24209976196289,86.82612609863281,61.042266845703125
2018-01-02,237.20822143554688,39.983299255371094,86.6990737915039,60.81422424316406
2018-01-03,238.70860290527344,40.36640167236328,86.70703125,60.63765335083008
2018-01-04,239.71469116210938,40.56626510620117,86.65142822265625,59.59307098388672
2018-01-05,241.31216430664062,40.91606140136719,86.59587097167969,59.62251281738281
2018-01-08,241.7534637451172,40.91606140136719,86.57203674316406,59.93146514892578
2018-01-09,242.30064392089844,40.849422454833984,86.33380126953125,59.159053802490234
2018-01-10,241.92996215820312,40.59125518798828,86.33380126953125,58.49699020385742
2018-01-11,243.6951446533203,40.84109878540039,86.37347412109375,58.29838943481445
2018-01-12,245.2837677001953,41.23252487182617,86.35755157470703,57.82757568359375
2018-01-16,244.44528198242188,41.07428741455078,86.38140106201172,57.93791961669922
2018-01-17,246.7753143310547,41.61562728881836,86.28607940673828,58.34251022338867
2018-01-18,246.3605194091797,41.66558074951172,86.09555053710938,57.59217834472656
2018-01-19,247.48126220703125,42.00703811645508,85.912841796875,57.9011344909668
2018-01-22,249.49354553222656,42.24855422973633,85.8811264038086,58.43077087402344
2018-01-23,250.023193359375,42.44842529296875,86.08757781982422,59.23997497558594
2018-01-24,249.92613220214844,42.806541442871094,86.00020599365234,58.93101119995117
2018-01-25,250.031982421875,42.781551361083984,86.22259521484375,58.82801818847656
2018-01-26,252.92684936523438,43.37284851074219,86.06375122070312,58.62204360961914
2018-01-29,251.24993896484375,42.71492385864258,85.912841796875,57.83491897583008
2018-01-30,248.67288208007812,42.13196563720703,85.77782440185547,57.415618896484375
2018-01-31,248.7962646484375,42.4984016418457,85.84931945800781,58.44549560546875
2018-02-01,248.51388549804688,41.92375564575195,85.58030700683594,57.18758010864258
2018-02-02,243.10377502441406,40.849422454833984,85.32556915283203,56.70206069946289
2018-02-05,232.93658447265625,39.416996002197266,85.6678466796875,55.017486572265625
2018-02-06,237.52597045898438,40.699520111083984,85.42105865478516,55.024837493896484
2018-02-07,236.23741149902344,39.416996002197266,85.2300796508789,54.78943634033203
2018-02-08,227.3764190673828,38.05118179321289,85.08676147460938,53.215187072753906
2018-02-09,230.7919464111328,38.65912628173828,84.97537994384766,54.54667663574219
2018-02-12,234.18093872070312,39.26708984375,84.99925231933594,54.56875228881836
2018-02-13,234.76348876953125,39.56690216064453,85.02312469482422,54.95127868652344
2018-02-14,237.93191528320312,40.557945251464844,84.73657989501953,54.554039001464844
2018-02-15,240.96798706054688,41.3907585144043,84.84004974365234,55.08367919921875
2018-02-16,241.03857421875,41.25749969482422,85.00721740722656,55.38529586791992
2018-02-20,239.52943420410156,40.69119644165039,84.91968536376953,54.730587005615234
2018-02-21,238.337890625,40.65787887573242,84.64903259277344,53.64924240112305
2018-02-22,238.64683532714844,40.68286895751953,84.656982421875,54.25978088378906
2018-02-23,242.45071411132812,41.407413482666016,84.87189483642578,55.12782287597656
2018-02-26,245.26609802246094,41.79051208496094,84.93556213378906,55.28231430053711
2018-02-27,242.2035369873047,40.57461166381836,84.75249481201172,53.99496841430664
2018-02-28,239.74998474121094,39.99163055419922,84.98332214355469,53.95818328857422
2018-03-01,236.26393127441406,39.91667938232422,85.05909729003906,54.00968551635742
2018-03-02,237.4817657470703,40.083248138427734,84.92349243164062,53.98761749267578
2018-03-05,240.22654724121094,40.14154052734375,84.87565612792969,54.59817886352539
2018-03-06,240.83563232421875,40.51630783081055,84.89161682128906,54.85564422607422
2018-03-07,240.74732971191406,40.557945251464844,84.87565612792969,55.194034576416016
2018-03-08,241.9123077392578,40.56626510620117,85.01123809814453,55.29700469970703
2018-03-09,246.12213134765625,41.43239974975586,84.8516616821289,55.59862518310547
2018-03-12,245.81332397460938,41.53233337402344,84.8995590209961,55.84138870239258
2018-03-13,244.22462463378906,41.15757369995117,85.01123809814453,55.89288330078125
2018-03-14,242.97142028808594,41.22419357299805,85.15483093261719,55.94437789916992
2018-03-15,242.70664978027344,41.07428741455078,85.162841796875,55.92966842651367
2018-03-16,242.9698486328125,40.98268127441406,85.11495208740234,56.31953430175781
2018-03-19,239.6822967529297,40.54129409790039,85.02719116210938,55.83403396606445
2018-03-20,240.0900115966797,40.99100875854492,84.89161682128906,55.642757415771484
2018-03-21,239.62921142578125,41.23252487182617,84.88359832763672,55.23081970214844
2018-03-22,233.6392059326172,39.85838317871094,85.04315948486328,54.907142639160156
2018-03-23,228.65921020507812,39.050559997558594,85.04315948486328,53.92875289916992
2018-03-26,234.91506958007812,40.31642532348633,85.01123809814453,54.54229736328125
2018-03-27,230.9188232421875,39.583560943603516,85.2585220336914,54.75025939941406
2018-03-28,230.2364959716797,39.3836784362793,85.30642700195312,56.12441635131836
2018-03-29,233.17835998535156,40.20816421508789,85.55369567871094,56.05756759643555
2018-04-02,228.14529418945312,39.483619689941406,85.46815490722656,55.2999153137207
2018-04-03,231.06944274902344,39.87504196166992,85.37220764160156,55.76786804199219
2018-04-04,233.54165649414062,39.891700744628906,85.40418243408203,56.35468292236328
2018-04-05,235.38475036621094,39.99163055419922,85.28427124023438,56.332374572753906
2018-04-06,230.13905334472656,39.20878982543945,85.47611236572266,55.909000396728516
2018-04-09,231.27325439453125,39.25043487548828,85.548095703125,55.73072052001953
2018-04-10,234.95057678222656,40.0166130065918,85.484130859375,55.67130661010742
2018-04-11,233.71884155273438,40.033267974853516,85.55610656738281,55.790164947509766
2018-04-12,235.64173889160156,40.0166130065918,85.3641586303711,55.16621780395508
2018-04-13,234.95057678222656,39.61687088012695,85.3882064819336,55.455909729003906
2018-04-16,236.88223266601562,39.66683578491211,85.40418243408203,55.79759979248047
2018-04-17,239.41653442382812,39.750118255615234,85.42817687988281,56.45122528076172
2018-04-18,239.59381103515625,40.09157180786133,85.18829345703125,56.332374572753906
2018-04-19,238.2646026611328,39.85838317871094,84.98042297363281,55.51532745361328
2018-04-20,236.2442169189453,39.35869598388672,84.74856567382812,55.00281524658203
2018-04-23,236.2088623046875,39.04222869873047,84.7085952758789,54.958248138427734
2018-04-24,233.02774047851562,38.859012603759766,84.59669494628906,55.16621780395508
2018-04-25,233.6037139892578,38.559200286865234,84.4847412109375,55.06222152709961
2018-04-26,235.97842407226562,39.117183685302734,84.628662109375,55.78272247314453
2018-04-27,236.20004272460938,39.35869598388672,84.73259735107422,56.740901947021484
2018-04-30,234.38348388671875,39.07554244995117,84.74856567382812,56.518089294433594
2018-05-01,234.79991149902344,38.88398742675781,84.67644500732422,57.030609130859375
2018-05-02,233.2227325439453,38.57585525512695,84.67644500732422,56.822635650634766
2018-05-03,232.70875549316406,38.49257278442383,84.77262878417969,56.78548049926758
2018-05-04,235.72149658203125,38.667457580566406,84.82872009277344,57.40941619873047
2018-05-07,236.5189666748047,38.44261169433594,84.78868103027344,57.7956657409668
2018-05-08,236.5189666748047,38.65912628173828,84.69245910644531,57.50597381591797
2018-05-09,238.80517578125,38.73408508300781,84.59630584716797,57.89222717285156
2018-05-10,241.03811645507812,39.54191589355469,84.78868103027344,58.34531784057617
2018-05-11,241.77354431152344,39.47529220581055,84.82872009277344,58.14476013183594
2018-05-14,241.88876342773438,39.5252571105957,84.74858856201172,57.647117614746094
2018-05-15,240.222900390625,38.709102630615234,84.3719711303711,56.71120071411133
2018-05-16,241.2330322265625,39.292076110839844,84.2757797241211,56.540367126464844
2018-05-17,241.0292205810547,38.69245147705078,84.1635971069336,56.258121490478516
2018-05-18,240.42665100097656,38.367652893066406,84.37996673583984,56.332374572753906
2018-05-21,242.23434448242188,38.6008415222168,84.38798522949219,57.00087356567383
2018-05-22,241.56082153320312,38.73408508300781,84.38798522949219,57.08258819580078
2018-05-23,242.22549438476562,38.71742630004883,84.62032318115234,57.654537200927734
2018-05-24,241.729248046875,38.50922775268555,84.85277557373047,57.53569412231445
2018-05-25,241.15325927734375,38.667457580566406,85.03705596923828,57.73624038696289
2018-05-29,238.37979125976562,37.76802444458008,85.59797668457031,58.01106643676758
2018-05-30,241.56082153320312,38.067832946777344,85.38160705566406,58.79841232299805
2018-05-31,240.0811004638672,38.05118179321289,85.30950927734375,58.59787368774414
2018-06-01,242.4381103515625,38.58418655395508,85.20428466796875,58.85784149169922
2018-06-04,243.590087890625,38.97560119628906,85.00349426269531,59.370357513427734
2018-06-05,243.76727294921875,38.67578887939453,85.06774139404297,59.214359283447266
2018-06-06,245.80531311035156,39.25875473022461,84.87498474121094,59.35551071166992
2018-06-07,245.7787322998047,38.65912628173828,85.05974578857422,59.35551071166992
2018-06-08,246.50538635253906,38.58418655395508,84.93922424316406,59.57088851928711
2018-06-11,246.8332061767578,38.58418655395508,84.85086059570312,59.48176956176758
2018-06-12,247.1521759033203,38.484249114990234,84.87498474121094,59.838314056396484
2018-06-13,246.36354064941406,38.226078033447266,84.79464721679688,58.672142028808594
2018-06-14,246.98385620117188,37.96790313720703,85.01148986816406,59.22924041748047
2018-06-15,246.66885375976562,37.668087005615234,85.04364776611328,59.19209289550781
2018-06-18,246.16151428222656,37.21004867553711,85.05974578857422,59.208595275878906
2018-06-19,245.21800231933594,36.79929733276367,85.14806365966797,59.14861297607422
2018-06-20,245.63629150390625,36.95856857299805,84.98747253417969,59.808319091796875
2018-06-21,244.09640502929688,36.43885040283203,85.01148986816406,60.09319305419922
2018-06-22,244.54147338867188,36.81605529785156,85.09182739257812,60.56545639038086
2018-06-25,241.2126007080078,36.321495056152344,85.04364776611328,60.40803527832031
2018-06-26,241.74659729003906,36.178985595703125,85.18020629882812,60.602962493896484
2018-06-27,239.74391174316406,35.48324203491211,85.33279418945312,60.370548248291016
2018-06-28,241.11465454101562,35.785003662109375,85.32477569580078,60.910335540771484
2018-06-29,241.46180725097656,36.321495056152344,85.39707946777344,61.06026077270508
2018-07-02,241.9779815673828,35.96104431152344,85.31576538085938,60.722904205322266
2018-07-03,241.1235809326172,35.98618698120117,85.49285125732422,61.180206298828125
2018-07-05,243.0906219482422,35.89398193359375,85.57333374023438,61.90736770629883
2018-07-06,245.14666748046875,36.38855743408203,85.661865234375,62.23720932006836
2018-07-09,247.35415649414062,37.042396545410156,85.58137512207031,61.74244689941406
2018-07-10,248.2442169189453,36.95856857299805,85.51699829101562,61.869869232177734
2018-07-11,246.42845153808594,36.23766326904297,85.5492172241211,61.667476654052734
2018-07-12,248.66250610351562,36.732234954833984,85.65379333496094,61.85490798950195
2018-07-13,248.8583221435547,36.75737762451172,85.73429870605469,61.667476654052734
2018-07-16,248.63589477539062,36.55620574951172,85.63772583007812,61.33762741088867
2018-07-17,249.6416473388672,36.82444381713867,85.60552978515625,60.932796478271484
2018-07-18,250.1668243408203,36.78253173828125,85.58137512207031,60.6629524230957
2018-07-19,249.2233123779297,36.329872131347656,85.71019744873047,61.3751106262207
2018-07-20,248.9384765625,36.84959030151367,85.54113006591797,60.78288650512695
2018-07-23,249.40139770507812,36.60649490356445,85.24329376220703,60.65542984008789
2018-07-24,250.65631103515625,37.14297866821289,85.36404418945312,60.34806823730469
2018-07-25,252.79254150390625,37.74652099609375,85.37211608886719,60.827850341796875
2018-07-26,252.19622802734375,37.327396392822266,85.32382202148438,61.0302619934082
2018-07-27,250.48724365234375,37.46152114868164,85.3882064819336,60.37805938720703
2018-07-30,249.17877197265625,37.402835845947266,85.29966735839844,60.41555404663086
2018-07-31,250.40713500976562,37.60402297973633,85.37211608886719,61.42759323120117
2018-08-01,249.98876953125,37.26871109008789,85.28416442871094,61.862396240234375
2018-08-02,251.35060119628906,36.77415084838867,85.31642150878906,61.615020751953125
2018-08-03,252.4275665283203,37.05915451049805,85.50202178955078,62.28221130371094
2018-08-06,253.3533172607422,36.77415084838867,85.5584945678711,62.19974136352539
2018-08-07,254.1900177001953,37.15135955810547,85.40513610839844,62.0872917175293
2018-08-08,254.0832061767578,37.1010627746582,85.40513610839844,61.72745895385742
2018-08-09,253.7360382080078,36.99209976196289,85.5262451171875,61.7574348449707
2018-08-10,252.0360107421875,36.204132080078125,85.71173858642578,61.28517150878906
2018-08-13,251.09246826171875,35.60897445678711,85.76018524169922,61.165218353271484
2018-08-14,252.6946258544922,35.82692337036133,85.67952728271484,61.4650764465332
2018-08-15,250.80764770507812,34.79587173461914,85.80052185058594,61.93734359741211
2018-08-16,252.83705139160156,35.013824462890625,85.84894561767578,62.439632415771484
2018-08-17,253.7272186279297,35.38264846801758,85.89739227294922,63.016876220703125
2018-08-20,254.27001953125,35.54191970825195,86.0667953491211,63.06186294555664
2018-08-21,254.86648559570312,35.99456787109375,85.99418640136719,62.6795539855957
2018-08-22,254.71517944335938,36.279579162597656,86.0667953491211,62.32718276977539
2018-08-23,254.37692260742188,35.692813873291016,86.01837921142578,62.16974639892578
2018-08-24,255.9078369140625,36.35502243041992,86.11524200439453,62.53709411621094
2018-08-27,257.92828369140625,36.8747444152832,86.00224304199219,62.31218719482422
2018-08-28,258.0529479980469,36.74061965942383,85.84088134765625,63.15180969238281
2018-08-29,259.44146728515625,36.966949462890625,85.82474517822266,63.16681671142578
2018-08-30,258.39111328125,36.00295639038086,85.86507415771484,62.76201248168945
2018-08-31,258.4000244140625,36.18737030029297,85.85699462890625,63.0093994140625
2018-09-04,257.95501708984375,35.48324203491211,85.7616195678711,62.25971984863281
2018-09-05,257.2608642578125,34.97191619873047,85.7211685180664,62.61955642700195
2018-09-06,256.4863586425781,35.00543212890625,85.86672973632812,62.79947280883789
2018-09-07,255.98788452148438,34.82940673828125,85.55943298339844,62.11728286743164
2018-09-10,256.4329833984375,34.485713958740234,85.64031982421875,62.3946647644043
2018-09-11,257.278564453125,34.561161041259766,85.49474334716797,62.38716125488281
2018-09-12,257.3408508300781,34.73719024658203,85.55139923095703,62.417137145996094
2018-09-13,258.8629150390625,35.20661544799805,85.60796356201172,62.72450637817383
2018-09-14,258.907470703125,35.1730842590332,85.44622039794922,62.32718276977539
2018-09-17,257.5367431640625,34.85455322265625,85.44622039794922,62.52959442138672
2018-09-18,258.9341735839844,35.18985366821289,85.26026153564453,62.22974395751953
2018-09-19,259.2100524902344,35.6760368347168,85.09851837158203,61.50255584716797
2018-09-20,261.31060791015625,36.070011138916016,85.21174621582031,62.07979965209961
2018-09-21,261.07196044921875,36.23766326904297,85.27642822265625,62.05730056762695
2018-09-24,260.20465087890625,35.82692337036133,85.19556427001953,60.94288635253906
2018-09-25,259.9632263183594,35.96943283081055,85.15512084960938,60.95048522949219
2018-09-26,259.1853332519531,36.04487228393555,85.35730743408203,60.22073745727539
2018-09-27,259.9095153808594,36.22090530395508,85.41389465332031,60.50960922241211
2018-09-28,259.9364013671875,35.97779846191406,85.32495880126953,61.330596923828125
2018-10-01,260.83953857421875,35.98618698120117,85.30225372314453,60.76045608520508
2018-10-02,260.6874694824219,35.533538818359375,85.39950561523438,60.62363052368164
2018-10-03,260.83050537109375,35.24014663696289,84.99427032470703,59.977481842041016
2018-10-04,258.7918701171875,34.3599853515625,84.75109100341797,59.47575759887695
2018-10-05,257.3435363769531,34.23423767089844,84.56466674804688,59.44536590576172
2018-10-08,257.3435363769531,34.284542083740234,84.53221130371094,60.304351806640625
2018-10-09,256.9679260253906,34.15879821777344,84.65382385253906,60.38797378540039
2018-10-10,248.83151245117188,33.14451217651367,84.62950897216797,59.49097442626953
2018-10-11,243.35061645507812,32.8092155456543,84.88077545166016,57.78817367553711
2018-10-12,246.73036193847656,33.77320861816406,84.90511322021484,57.63615036010742
2018-10-15,245.34445190429688,33.412757873535156,84.84837341308594,58.02383041381836
2018-10-16,250.70913696289062,34.25101089477539,84.89698791503906,59.217315673828125
2018-10-17,250.7537841796875,33.83189010620117,84.7267837524414,58.9892578125
2018-10-18,247.1327362060547,32.94333267211914,84.67003631591797,58.875240325927734
2018-10-19,246.9986114501953,33.25348663330078,84.59709930419922,59.38454818725586
2018-10-22,245.88986206054688,33.613929748535156,84.58087921142578,58.55595397949219
2018-10-23,244.63809204101562,33.2451057434082,84.686279296875,58.814414978027344
2018-10-24,237.2259521484375,32.172142028808594,84.90511322021484,59.369361877441406
2018-10-25,241.48193359375,32.79245376586914,84.83216094970703,60.129520416259766
2018-10-26,237.23484802246094,32.41523742675781,85.02667236328125,58.68518829345703
2018-10-29,235.9205322265625,31.85359764099121,84.93755340576172,59.43015670776367
2018-10-30,239.41651916503906,32.47391128540039,84.81593322753906,60.24354934692383
2018-10-31,241.97369384765625,32.82598114013672,84.77542114257812,59.536590576171875
2018-11-01,244.54873657226562,33.999534606933594,84.98963165283203,59.81782913208008
2018-11-02,243.1002960205078,34.21748352050781,84.73712921142578,59.32373046875
2018-11-05,244.44143676757812,34.3096809387207,84.7941665649414,60.20553970336914
2018-11-06,245.98817443847656,34.25101089477539,84.80229949951172,60.50960922241211
2018-11-07,251.25453186035156,34.89646911621094,84.87556457519531,61.23176193237305
2018-11-08,250.798583984375,33.991146087646484,84.72081756591797,61.27736282348633
2018-11-09,248.34873962402344,33.36245346069336,84.82671356201172,61.26976776123047
2018-11-12,243.7082977294922,32.893035888671875,84.96517944335938,61.39139938354492
2018-11-13,243.2521514892578,33.27024841308594,84.99777221679688,61.330596923828125
2018-11-14,241.58920288085938,33.471431732177734,85.00590515136719,61.178558349609375
2018-11-15,244.1105499267578,34.21748352050781,85.11180877685547,60.76045608520508
2018-11-16,244.74542236328125,34.284542083740234,85.25028991699219,61.414207458496094
2018-11-19,240.6057586669922,33.82349395751953,85.24211120605469,61.49783706665039
2018-11-20,236.15298461914062,33.094215393066406,85.2095718383789,60.866886138916016
2018-11-21,236.9576416015625,33.70615005493164,85.26657104492188,60.920108795166016
2018-11-23,235.37513732910156,33.312164306640625,85.24211120605469,60.79846954345703
2018-11-26,239.1751708984375,33.722904205322266,85.22584533691406,60.91249465942383
2018-11-27,239.97976684570312,33.95761489868164,85.25028991699219,61.17094802856445
2018-11-28,245.50538635253906,34.77072525024414,85.4131851196289,61.71826934814453
2018-11-29,244.96890258789062,34.46895217895508,85.45392608642578,61.73347473144531
2018-11-30,246.4621124267578,34.435428619384766,85.42948913574219,62.318817138671875
2018-12-03,249.7256622314453,35.13117599487305,85.5691146850586,62.65327835083008
2018-12-04,241.63392639160156,34.38512420654297,85.79776763916016,61.72585678100586
2018-12-06,241.26727294921875,34.066585540771484,86.010009765625,63.25382614135742
2018-12-07,235.66122436523438,33.429527282714844,86.12432098388672,62.425235748291016
2018-12-10,236.10833740234375,33.07745361328125,86.18147277832031,62.022342681884766
2018-12-11,236.16197204589844,33.32892608642578,86.20594024658203,62.052757263183594
2018-12-12,237.3510284423828,33.87379837036133,86.14067840576172,61.094947814941406
2018-12-13,237.27066040039062,33.865413665771484,86.16513061523438,61.44801712036133
2018-12-14,232.8894805908203,33.387611389160156,86.18962097167969,61.271095275878906
2018-12-17,228.32057189941406,33.07745361328125,86.33660125732422,58.96331787109375
2018-12-18,228.0702362060547,33.30207824707031,86.59024047851562,59.57106018066406
2018-12-19,224.65469360351562,32.7490348815918,86.67204284667969,58.917179107666016
2018-12-20,220.997802734375,33.00428009033203,86.59024047851562,58.032527923583984
2018-12-21,216.46963500976562,32.77455139160156,86.54936981201172,57.22480392456055
2018-12-24,210.74990844726562,32.4682502746582,86.60660552978516,55.1862907409668
2018-12-26,221.39797973632812,33.114891052246094,86.44297790527344,57.032493591308594
2018-12-27,223.09774780273438,33.07234573364258,86.5820083618164,57.02480697631836
2018-12-28,222.80992126464844,33.38715744018555,86.90108489990234,57.20942687988281
2018-12-31,224.76148986816406,33.2340087890625,87.12200927734375,57.3632698059082
2019-01-02,224.99530029296875,33.319091796875,87.1874771118164,56.11709213256836
2019-01-03,219.62632751464844,32.71499252319336,87.54742431640625,56.5094108581543
2019-01-04,226.9828643798828,33.77003479003906,87.28565216064453,57.170963287353516
2019-01-07,228.7725067138672,33.846614837646484,87.13834381103516,57.73252868652344
2019-01-08,230.92190551757812,33.974246978759766,87.07289123535156,58.924869537353516
2019-01-09,232.00115966796875,34.578346252441406,87.14654541015625,58.84025192260742
2019-01-10,232.8195343017578,34.82508850097656,87.04838562011719,59.64026641845703
2019-01-11,232.90945434570312,34.65492248535156,87.17109680175781,59.80950927734375
2019-01-14,231.488525390625,34.36563491821289,87.04838562011719,59.6094970703125
2019-01-15,234.1415557861328,34.6038703918457,87.06471252441406,60.178749084472656
2019-01-16,234.7081298828125,35.02928924560547,87.13834381103516,60.60184860229492
2019-01-17,236.48880004882812,35.182437896728516,87.07289123535156,60.8941535949707
2019-01-18,239.63648986816406,35.35261535644531,87.00745391845703,61.10185241699219
2019-01-22,236.3988800048828,34.740013122558594,87.08113098144531,60.917232513427734
2019-01-23,236.89352416992188,35.097354888916016,87.17109680175781,60.9249267578125
2019-01-24,237.0194091796875,35.437705993652344,87.318359375,61.13262939453125
2019-01-25,239.02493286132812,35.90565872192383,87.2774429321289,61.89418029785156
2019-01-28,237.20826721191406,35.531288146972656,87.22836303710938,62.50189208984375
2019-01-29,236.89352416992188,35.59085464477539,87.45748138427734,62.994197845458984
2019-01-30,240.64376831054688,36.36511993408203,87.65379333496094,63.501922607421875
2019-01-31,242.7571563720703,36.67142105102539,87.91557312011719,64.16349029541016
2019-02-01,242.87413024902344,36.38213348388672,87.7335205078125,63.755775451660156
2019-02-04,244.58277893066406,36.44169235229492,87.65970611572266,64.23271942138672
2019-02-05,245.60806274414062,36.94369125366211,87.84832763671875,64.60195922851562
2019-02-06,245.2842559814453,36.44169235229492,87.79914855957031,64.17887115478516
2019-02-07,242.94602966308594,36.075828552246094,87.84012603759766,64.70964050292969
2019-02-08,243.24278259277344,35.87162399291992,88.03700256347656,64.70964050292969
2019-02-11,243.3777313232422,35.75251388549805,87.94673919677734,64.88658142089844
2019-02-12,246.50743103027344,36.0503044128418,87.96316528320312,64.47889709472656
2019-02-13,247.30772399902344,35.79505157470703,87.80735778808594,64.8096694946289
2019-02-14,246.75921630859375,35.86311721801758,87.93854522705078,65.01734924316406
2019-02-15,249.44818115234375,35.81207275390625,88.00415802001953,65.4558334350586
2019-02-19,249.87989807128906,36.09284591674805,88.05339050292969,65.44046020507812
2019-02-20,250.3834686279297,36.29704284667969,88.06157684326172,65.03275299072266
2019-02-21,249.4932098388672,36.22047424316406,87.86473846435547,65.09428405761719
2019-02-22,251.0400848388672,36.62037658691406,88.08617401123047,65.47891998291016
2019-02-25,251.38172912597656,37.02877426147461,88.06157684326172,64.96351623535156
2019-02-26,251.20191955566406,36.90114974975586,88.15998840332031,64.76350402832031
2019-02-27,251.093994140625,36.586334228515625,87.9713363647461,64.44041442871094
2019-02-28,250.62640380859375,36.10987091064453,87.8155288696289,64.60966491699219
2019-03-01,252.19114685058594,36.152408599853516,87.67330932617188,64.40962982177734
2019-03-04,251.27386474609375,36.20345687866211,87.78020477294922,64.70195007324219
2019-03-05,250.93203735351562,36.56081771850586,87.83773803710938,64.87887573242188
2019-03-06,249.4122314453125,36.35660171508789,87.96930694580078,64.57886505126953
2019-03-07,247.32582092285156,35.6844367980957,88.21592712402344,64.44041442871094
2019-03-08,246.83116149902344,35.42919921875,88.33109283447266,64.50963592529297
2019-03-11,250.4104766845703,36.09284591674805,88.33926391601562,65.4558334350586
2019-03-12,251.35482788085938,36.28003692626953,88.50371551513672,65.75582885742188
2019-03-13,253.01852416992188,36.32257080078125,88.46257019042969,66.07891845703125
2019-03-14,252.85675048828125,36.12689208984375,88.33109283447266,66.17892456054688
2019-03-15,254.10595703125,36.65440368652344,88.55303192138672,65.97124481201172
2019-03-18,255.0272674560547,37.06280517578125,88.53658294677734,65.64045715332031
2019-03-19,255.09043884277344,37.07982635498047,88.48729705810547,65.44046020507812
2019-03-20,254.3227081298828,37.13938522338867,88.84907531738281,65.64045715332031
2019-03-21,257.19525146484375,37.1904411315918,88.86549377441406,66.80972290039062
2019-03-22,252.2451934814453,36.10136413574219,89.30948638916016,66.3250732421875
2019-03-25,252.05552673339844,36.186439514160156,89.47390747070312,66.40971374511719
2019-03-26,253.934326171875,36.29704284667969,89.49040222167969,66.94047546386719
2019-03-27,252.6063995361328,35.90565872192383,89.67948150634766,66.74820709228516
2019-03-28,253.56394958496094,36.143898010253906,89.68770599365234,67.39586639404297
2019-03-29,255.16278076171875,36.51826477050781,89.67948150634766,67.33390808105469
2019-04-01,258.18878173828125,37.12236785888672,89.26904296875,67.295166015625
2019-04-02,258.3153076171875,37.00325012207031,89.36795043945312,67.76775360107422
2019-04-03,258.7218322753906,37.258506774902344,89.203125,67.69027709960938
2019-04-04,259.4082946777344,37.48823928833008,89.26904296875,67.58182525634766
2019-04-05,260.66387939453125,37.77752685546875,89.33494567871094,68.05438995361328
2019-04-08,260.86260986328125,37.77752685546875,89.29379272460938,67.67478942871094
2019-04-09,259.5257263183594,37.70094299316406,89.34320831298828,67.31841278076172
2019-04-10,260.4109191894531,37.87962341308594,89.51631164550781,67.93819427490234
2019-04-11,260.33868408203125,37.47121810913086,89.4091796875,67.89170837402344
2019-04-12,262.10015869140625,37.743492126464844,89.23606872558594,68.21710968017578
2019-04-15,261.9285583496094,37.54779815673828,89.21958923339844,67.86849212646484
2019-04-16,262.10015869140625,37.82856750488281,89.06298828125,66.33445739746094
2019-04-17,261.4587707519531,37.93918228149414,89.05477905273438,65.73014831542969
2019-04-18,261.97369384765625,37.91365432739258,89.1701431274414,66.23375701904297
2019-04-22,262.1994934082031,37.66691589355469,89.06298828125,65.50544738769531
2019-04-23,264.55706787109375,37.75199890136719,89.21958923339844,66.3731918334961
2019-04-24,263.969970703125,37.24148941040039,89.42566680908203,66.86128234863281
2019-04-25,263.8072509765625,37.1904411315918,89.41740417480469,66.72183227539062
2019-04-26,265.03582763671875,37.335086822509766,89.59874725341797,67.2486801147461
2019-04-29,265.4512939453125,37.41166305541992,89.442138671875,66.59012603759766
2019-04-30,265.5868225097656,37.37762451171875,89.49984741210938,67.2254409790039
2019-05-01,263.5905456542969,37.09684371948242,89.55766296386719,67.27965545654297
2019-05-02,263.0213928222656,37.18192672729492,89.359375,67.34938049316406
2019-05-03,265.5958251953125,37.6243782043457,89.50806427001953,67.9227066040039
2019-05-06,264.5029602050781,36.85010528564453,89.62376403808594,67.70577239990234
2019-05-07,260.08575439453125,36.12689208984375,89.73117065429688,66.48165893554688
2019-05-08,259.7244567871094,36.075828552246094,89.71466827392578,66.41194152832031
2019-05-09,258.9385681152344,35.505767822265625,89.76422119140625,66.58238220214844
2019-05-10,260.2394104003906,35.71847915649414,89.78076171875,67.295166015625
2019-05-13,253.6994171142578,34.52729034423828,89.92942810058594,67.2254409790039
2019-05-14,255.993896484375,35.01227951049805,90.0037841796875,67.47334289550781
2019-05-15,257.4933166503906,35.08034133911133,90.1607894897461,67.9304428100586
2019-05-16,259.8780822753906,34.91017532348633,90.0533447265625,68.20160675048828
2019-05-17,258.19781494140625,34.28055191040039,90.07817840576172,68.0699234008789
2019-05-20,256.4906311035156,34.135902404785156,89.95423126220703,67.08598327636719
2019-05-21,258.80316162109375,34.56983184814453,89.94591522216797,67.6592788696289
2019-05-22,258.0081481933594,34.39966583251953,90.09467315673828,67.86072540283203
2019-05-23,254.8556671142578,33.95722579956055,90.35906219482422,68.01569366455078
2019-05-24,255.43380737304688,33.99126052856445,90.39208984375,68.22486114501953
2019-05-28,253.05804443359375,34.110382080078125,90.52428436279297,67.55081939697266
2019-05-29,251.3599090576172,34.33159637451172,90.54903411865234,66.652099609375
2019-05-30,252.0464630126953,34.5187873840332,90.78865814208984,66.9310302734375
2019-05-31,248.65000915527344,34.63790512084961,91.21001434326172,67.31841278076172
2019-06-03,248.0177764892578,34.95271301269531,91.42532348632812,67.48109436035156
2019-06-04,253.40139770507812,35.02928924560547,91.3425064086914,67.1789321899414
2019-06-05,255.5963592529297,34.748504638671875,91.29281616210938,68.58126068115234
2019-06-06,257.25848388671875,34.76552963256836,91.27623748779297,68.71295166015625
2019-06-07,259.8328552246094,35.03779602050781,91.5329818725586,68.96861267089844
2019-06-10,261.02520751953125,35.403663635253906,91.29281616210938,68.74393463134766
2019-06-11,260.9619140625,35.80356216430664,91.27623748779297,68.92990112304688
2019-06-12,260.5013122558594,35.420684814453125,91.39218139648438,69.16230773925781
2019-06-13,261.57611083984375,35.36112594604492,91.5909194946289,69.45672607421875
2019-06-14,261.28717041015625,34.96973419189453,91.56611633300781,69.4954605102539
2019-06-17,261.3865051269531,35.107765197753906,91.54124450683594,70.23921966552734
2019-06-18,264.1235656738281,35.956520080566406,91.7896957397461,70.16950225830078
2019-06-19,264.7196350097656,36.256587982177734,92.10438537597656,70.54914093017578
2019-06-20,267.2489013671875,36.78813934326172,92.26172637939453,70.9054946899414
2019-06-21,266.8603820800781,36.66810989379883,92.0215835571289,69.90607452392578
2019-06-24,266.53369140625,36.61667251586914,92.18724822998047,69.66590881347656
2019-06-25,263.9194641113281,36.23943328857422,92.20375061035156,68.6354751586914
2019-06-26,263.6562194824219,36.582374572753906,91.9967269897461,67.26416778564453
2019-06-27,264.5911560058594,36.83958053588867,92.25344848632812,68.13008117675781
2019-06-28,265.9526672363281,36.78813934326172,92.21206665039062,68.36471557617188
2019-07-01,268.3671875,37.22536849975586,92.28011322021484,68.33343505859375
2019-07-02,269.06610107421875,37.131072998046875,92.4461441040039,69.52238464355469
2019-07-03,271.2172546386719,37.062477111816406,92.59549713134766,70.35152435302734
2019-07-05,270.9085998535156,36.8052864074707,92.20539855957031,70.10122680664062
2019-07-08,269.4200744628906,36.582374572753906,92.15560913085938,70.35152435302734
2019-07-09,269.7558898925781,36.470924377441406,92.13069915771484,70.58619689941406
2019-07-10,271.0447692871094,36.779563903808594,92.19712829589844,70.9929428100586
2019-07-11,271.68017578125,36.71097183227539,91.85679626464844,70.06993103027344
2019-07-12,272.89642333984375,36.7366943359375,91.95640563964844,69.97608947753906
2019-07-15,272.9873046875,36.873863220214844,92.08918762207031,69.92131805419922
2019-07-16,272.1068420410156,36.82243347167969,91.98959350585938,69.75704193115234
2019-07-17,270.255126953125,36.71097183227539,92.23031616210938,69.52238464355469
2019-07-18,271.2445983886719,36.93387985229492,92.37974548339844,69.52238464355469
2019-07-19,269.7377624511719,36.74526596069336,92.27178192138672,68.38818359375
2019-07-22,270.4003601074219,36.753841400146484,92.38800048828125,68.32561492919922
2019-07-23,272.3337707519531,36.79669952392578,92.29670715332031,69.09999084472656
2019-07-24,273.61358642578125,36.85672378540039,92.42949676513672,69.1547622680664
2019-07-25,272.30657958984375,36.530941009521484,92.2884292602539,68.74800109863281
2019-07-26,274.1309814453125,36.608097076416016,92.30500793457031,69.06088256835938
2019-07-29,273.6317443847656,36.53950119018555,92.34650421142578,69.24862670898438
2019-07-30,272.9601135253906,36.256587982177734,92.33820343017578,69.80399322509766
2019-07-31,269.9737548828125,35.81078338623047,92.37974548339844,69.53023529052734
2019-08-01,267.6228942871094,35.107765197753906,93.10348510742188,69.53023529052734
2019-08-02,265.6078186035156,34.76483154296875,93.13679504394531,69.8665771484375
2019-08-05,257.6200866699219,33.47883605957031,93.54443359375,68.4898681640625
2019-08-06,261.2327880859375,33.95893478393555,93.79400634765625,69.24862670898438
2019-08-07,261.386962890625,34.11326217651367,93.74414825439453,69.92131805419922
2019-08-08,266.5155029296875,34.53335189819336,93.83560943603516,71.14938354492188
2019-08-09,264.70013427734375,34.181846618652344,93.71082305908203,71.06331634521484
2019-08-12,261.47784423828125,33.770328521728516,94.05194854736328,70.8756103515625
2019-08-13,265.5442810058594,34.19898986816406,93.91885375976562,70.977294921875
2019-08-14,257.69268798828125,33.21306228637695,94.21001434326172,69.89785766601562
2019-08-15,258.3735046386719,33.43596649169922,94.64260864257812,70.59402465820312
2019-08-16,262.1857604980469,33.898921966552734,94.5677490234375,71.32146453857422
2019-08-19,265.3445739746094,34.03609848022461,94.31816864013672,71.83772277832031
2019-08-20,263.3113098144531,34.104679107666016,94.57608032226562,71.32929992675781
2019-08-21,265.4533996582031,34.43046951293945,94.5261459350586,71.62651062011719
2019-08-22,265.3717956542969,33.98465347290039,94.27657318115234,71.95503234863281
2019-08-23,258.5550231933594,33.47883605957031,94.65926361083984,70.94600677490234
2019-08-26,261.414306640625,33.65886688232422,94.61766815185547,71.49353790283203
2019-08-27,260.3885192871094,33.71888732910156,94.91719055175781,71.2901611328125
2019-08-28,262.22210693359375,33.81319046020508,94.92546081542969,71.52484130859375
2019-08-29,265.5714111328125,34.19042205810547,94.86725616455078,72.08020782470703
2019-08-30,265.4533996582031,34.45619201660156,94.95043182373047,72.13495635986328
2019-09-03,263.9012756347656,34.241859436035156,94.92791748046875,72.85458374023438
2019-09-04,266.8966979980469,34.8162727355957,95.09473419189453,73.4646987915039
2019-09-05,270.3277893066406,35.21064376831055,94.68609619140625,72.93280792236328
2019-09-06,270.5365295410156,35.364959716796875,94.78611755371094,73.0970687866211
2019-09-09,270.6726989746094,35.476417541503906,94.38591003417969,72.74506378173828
2019-09-10,270.6091613769531,35.50213623046875,93.87723541259766,71.99415588378906
2019-09-11,272.53350830078125,35.750770568847656,93.89388275146484,72.0723876953125
2019-09-12,273.4775390625,36.00796127319336,93.74382019042969,72.45563507080078
2019-09-13,273.2959289550781,36.213722229003906,93.18511199951172,71.6812744140625
2019-09-16,272.45172119140625,35.93080520629883,93.43525695800781,72.30706024169922
2019-09-17,273.1415710449219,35.93080520629883,93.57705688476562,73.08924865722656
2019-09-18,273.3049621582031,35.785057067871094,93.68544006347656,72.83895111083984
2019-09-19,273.2868347167969,35.63931655883789,93.81888580322266,73.0970687866211
2019-09-20,271.9956359863281,35.673606872558594,94.16077423095703,73.0970687866211
2019-09-23,271.9317932128906,35.70790100097656,94.20243835449219,73.21438598632812
2019-09-24,269.79791259765625,35.330665588378906,94.46094512939453,73.0519790649414
2019-09-25,271.3937683105469,35.30494689941406,94.06901550292969,73.19388580322266
2019-09-26,270.8283996582031,35.2963752746582,94.22748565673828,73.80891418457031
2019-09-27,269.369384765625,34.84199142456055,94.34419250488281,73.39889526367188
2019-09-30,270.61865234375,35.0391845703125,94.3692398071289,73.5250473022461
2019-10-01,267.39971923828125,34.790550231933594,94.5405502319336,72.83120727539062
2019-10-02,262.67620849609375,34.524784088134766,94.607421875,72.5237045288086
2019-10-03,264.8282775878906,34.9705924987793,94.97515106201172,73.22541809082031
2019-10-04,268.4119873046875,35.12491226196289,95.1255874633789,73.6669921875
2019-10-07,267.2537841796875,34.833412170410156,94.86650848388672,73.50929260253906
2019-10-08,263.1047668457031,34.58479690551758,94.89990234375,73.12293243408203
2019-10-09,265.60333251953125,34.850563049316406,94.84976959228516,73.26485443115234
2019-10-10,267.39971923828125,35.21064376831055,94.52384185791016,73.38312530517578
2019-10-11,270.171875,35.776485443115234,94.21456909179688,73.35157775878906
2019-10-14,269.8708801269531,35.62216567993164,94.3734130859375,73.38312530517578
2019-10-15,272.54278564453125,35.93937683105469,94.0641860961914,73.47775268554688
2019-10-16,272.1051025390625,36.042259216308594,94.23133087158203,73.48562622070312
2019-10-17,272.9075012207031,36.17942428588867,94.20625305175781,73.96659851074219
2019-10-18,271.7129211425781,35.990821838378906,94.2730941772461,74.53429412841797
2019-10-21,273.5549011230469,36.31659698486328,94.01403045654297,75.10198974609375
2019-10-22,272.6612243652344,36.342323303222656,94.15609741210938,74.88124084472656
2019-10-23,273.45458984375,36.350894927978516,94.23133087158203,75.04680633544922
2019-10-24,273.9013977050781,36.350894927978516,94.25639343261719,74.8575668334961
2019-10-25,275.0231018066406,36.608097076416016,94.12267303466797,74.21891784667969
2019-10-28,276.5732727050781,36.82243347167969,93.92206573486328,73.76948547363281
2019-10-29,276.4911193847656,36.63380813598633,93.93041229248047,74.21891784667969
2019-10-30,277.3392333984375,36.79669952392578,94.19791412353516,74.48698425292969
2019-10-31,276.6006164550781,36.50522232055664,94.56561279296875,74.35295867919922
2019-11-01,279.1629638671875,37.05390548706055,94.59159851074219,74.3371810913086
2019-11-04,280.2845764160156,37.42256164550781,94.35706329345703,73.81678771972656
2019-11-05,279.974609375,37.636898040771484,94.00527954101562,72.5631103515625
2019-11-06,280.0384216308594,37.516868591308594,94.14765930175781,72.72081756591797
2019-11-07,281.0231628417969,37.791221618652344,93.70377349853516,71.99542236328125
2019-11-08,281.7162780761719,37.448280334472656,93.65345001220703,71.82195281982422
2019-11-11,281.17828369140625,37.18251419067383,93.6702651977539,71.97962188720703
2019-11-12,281.77099609375,36.94245529174805,93.77075958251953,71.43561553955078
2019-11-13,281.8620910644531,36.65953063964844,93.9382553100586,72.09004211425781
2019-11-14,282.2724304199219,36.68526077270508,94.2062759399414,72.64984893798828
2019-11-15,284.31512451171875,36.976749420166016,94.1560287475586,73.04407501220703
2019-11-18,284.5248718261719,36.9167366027832,94.33192443847656,73.39889526367188
2019-11-19,284.4427490234375,36.993892669677734,94.39894104003906,73.5250473022461
2019-11-20,283.3849792480469,36.83100128173828,94.62508392333984,73.48562622070312
2019-11-21,282.92901611328125,36.753841400146484,94.4910888671875,72.45272827148438
2019-11-22,283.5582275390625,36.753841400146484,94.54134368896484,72.18466186523438
2019-11-25,285.755859375,37.12249755859375,94.63350677490234,72.4133071899414
2019-11-26,286.4033203125,37.01103973388672,94.76751708984375,73.37522888183594
2019-11-27,287.67999267578125,37.05390548706055,94.65026092529297,73.72216796875
2019-11-29,286.6130676269531,36.470924377441406,94.53295135498047,73.38312530517578
2019-12-02,284.1783142089844,36.46234893798828,94.42884063720703,72.27136993408203
2019-12-03,282.2724304199219,36.27373504638672,94.85700988769531,72.73658752441406
2019-12-04,284.0141906738281,36.54808807373047,94.69750213623047,73.03618621826172
2019-12-05,284.5248718261719,36.71097183227539,94.5883560180664,73.07562255859375
2019-12-06,287.1237487792969,36.9253044128418,94.45407104492188,73.22541809082031
2019-12-09,286.220947265625,36.779563903808594,94.50438690185547,73.36735534667969
2019-12-10,285.9017333984375,36.908164978027344,94.47085571289062,72.94158172607422
2019-12-11,286.71331787109375,37.448280334472656,94.72267150878906,72.20040893554688
2019-12-12,289.18450927734375,38.099853515625,94.31973266601562,71.22272491455078
2019-12-13,289.3578186035156,38.082706451416016,94.69750213623047,71.23846435546875
2019-12-16,291.34564208984375,38.405818939208984,94.50438690185547,71.75099182128906
2019-12-17,291.40960693359375,38.756072998046875,94.5128173828125,71.07290649414062
2019-12-18,291.4277648925781,38.96623611450195,94.328125,71.93917846679688
2019-12-19,292.62237548828125,38.98374938964844,94.42987823486328,72.57671356201172
2019-12-20,293.90521240234375,39.06255340576172,94.44671630859375,72.97518157958984
2019-12-23,294.3542175292969,39.11509704589844,94.37942504882812,72.60861206054688
2019-12-24,294.36334228515625,39.027530670166016,94.49717712402344,72.79985809326172
2019-12-26,295.9303894042969,39.3077392578125,94.58123779296875,73.11864471435547
2019-12-27,295.85711669921875,39.46535110473633,94.70735931396484,73.34973907470703
2019-12-30,294.2259521484375,39.20265197753906,94.70735931396484,73.42146301269531
2019-12-31,294.940673828125,39.290218353271484,94.48873138427734,73.94745635986328
2020-01-02,297.69891357421875,40.087059020996094,94.74942016601562,73.07879638671875
2020-01-03,295.44476318359375,39.34276580810547,95.02691650390625,73.5330581665039
2020-01-06,296.5718994140625,39.246437072753906,94.95124816894531,73.62071228027344
2020-01-07,295.73797607421875,39.22017288208008,94.85030364990234,72.79985809326172
2020-01-08,297.314208984375,39.44784164428711,94.74099731445312,73.02300262451172
2020-01-09,299.33013916015625,39.710533142089844,94.84191131591797,72.98314666748047
2020-01-10,298.4686584472656,39.92068862915039,95.00169372558594,73.541015625
2020-01-13,300.5213623046875,40.54240036010742,94.94279479980469,74.42560577392578
2020-01-14,300.06317138671875,40.31473159790039,95.02691650390625,74.14669036865234
2020-01-15,300.7413330078125,39.9995002746582,95.16984558105469,74.81610107421875
2020-01-16,303.2430725097656,40.25343322753906,95.16984558105469,75.4137954711914
2020-01-17,304.1868591308594,40.481101989746094,95.06055450439453,75.48551940917969
2020-01-21,303.5911560058594,39.456600189208984,95.32962799072266,76.2027587890625
2020-01-22,303.62786865234375,39.780582427978516,95.38005828857422,75.69273376464844
2020-01-23,303.9760437011719,39.36903762817383,95.50618743896484,76.33028411865234
2020-01-24,301.27276611328125,39.05379867553711,95.68278503417969,76.0672836303711
2020-01-27,296.4435729980469,37.70530319213867,95.9770736694336,75.7007064819336
2020-01-28,299.5500183105469,38.020538330078125,95.89299774169922,76.00354766845703
2020-01-29,299.3026428222656,38.20442199707031,96.11160278320312,75.72460174560547
2020-01-30,300.2738952636719,37.635257720947266,96.1200180053711,75.78038024902344
2020-01-31,294.8215637207031,36.873435974121094,96.40592193603516,74.8559341430664
2020-02-03,297.0117492675781,37.285003662109375,96.37476348876953,75.10301208496094
2020-02-04,301.53857421875,38.24820327758789,96.0545425415039,75.87602233886719
2020-02-05,305.020751953125,38.46711730957031,95.91132354736328,75.923828125
2020-02-06,306.04705810546875,38.502140045166016,95.97026062011719,76.17884826660156
2020-02-07,304.41595458984375,37.9680061340332,96.24835205078125,76.16291046142578
2020-02-10,306.6885681152344,38.17815399169922,96.3578872680664,77.01564025878906
2020-02-11,307.22003173828125,38.67727279663086,96.23992919921875,77.59739685058594
2020-02-12,309.1993408203125,39.20265197753906,96.13880920410156,78.05961608886719
2020-02-13,308.86956787109375,38.68602752685547,96.20623016357422,78.52982330322266
2020-02-14,309.36431884765625,38.70354461669922,96.307373046875,79.34268951416016
2020-02-18,308.5670166015625,38.44960403442383,96.43374633789062,79.25503540039062
2020-02-19,310.0423889160156,38.72981643676758,96.4084701538086,78.18714141845703
2020-02-20,308.7686462402344,38.12561798095703,96.62753295898438,79.11955261230469
2020-02-21,305.5888977050781,37.90670394897461,96.82136535644531,79.35065460205078
2020-02-24,295.4539489746094,36.488155364990234,97.1331558227539,78.2668228149414
2020-02-25,286.5009765625,36.199195861816406,97.30165100097656,76.14697265625
2020-02-26,285.44720458984375,36.488155364990234,97.20056915283203,75.3261489868164
2020-02-27,272.6273193359375,35.612510681152344,97.2174301147461,71.31756591796875
2020-02-28,271.4818115234375,35.481163024902344,97.93366241455078,69.59619903564453
2020-03-02,283.23870849609375,36.25173568725586,97.89906311035156,72.56876373291016
2020-03-03,275.1290283203125,36.00654983520508,98.56612396240234,72.4013900756836
2020-03-04,286.693359375,36.64577865600586,98.49011993408203,75.13487243652344
2020-03-05,277.1632080078125,35.875205993652344,98.79409790039062,73.52507019042969
2020-03-06,272.5813903808594,35.13966369628906,99.52025604248047,72.2579574584961
2020-03-09,251.29440307617188,32.74039077758789,99.39360809326172,66.68738555908203
2020-03-10,264.2974853515625,34.40412521362305,98.27055358886719,69.50485229492188
2020-03-11,251.4134521484375,32.80168151855469,96.86886596679688,65.32844543457031
2020-03-12,227.35894775390625,29.518014907836914,92.99311828613281,58.71046447753906
2020-03-13,246.79501342773438,31.645837783813477,94.4538803100586,63.83457565307617
2020-03-16,219.78977966308594,27.696674346923828,96.0329360961914,52.51816177368164
2020-03-17,231.65667724609375,29.60558319091797,93.5503921508789,55.5540657043457
2020-03-18,219.92723083496094,27.048696517944336,89.987060546875,50.26933288574219
2020-03-19,220.39459228515625,27.25885009765625,91.99668884277344,50.44602966308594
2020-03-20,210.89683532714844,27.460250854492188,92.9086685180664,47.93216323852539
2020-03-23,205.5045928955078,26.803516387939453,95.11254119873047,45.707427978515625
2020-03-24,224.1239776611328,28.817501068115234,95.8978500366211,49.81956481933594
2020-03-25,227.47915649414062,29.833250045776367,96.87733459472656,52.502113342285156
2020-03-26,240.7615966796875,30.96283531188965,97.17286682128906,56.20463943481445
2020-03-27,233.59034729003906,29.20278549194336,97.58662414550781,56.2608757019043
2020-03-30,241.17637634277344,29.68439292907715,97.67950439453125,57.489688873291016
2020-03-31,237.58152770996094,29.885787963867188,97.4177474975586,56.1002197265625
2020-04-01,226.88922119140625,28.60734748840332,97.08686828613281,52.41375732421875
2020-04-02,232.1248016357422,29.570558547973633,97.230712890625,52.59044647216797
2020-04-03,228.76959228515625,29.010143280029297,97.29843139648438,51.827449798583984
2020-04-06,244.13519287109375,30.595062255859375,97.77230834960938,55.66653060913086
2020-04-07,244.384033203125,30.752676010131836,97.90771484375,56.1805419921875
2020-04-08,252.58766174316406,31.06791114807129,98.00077056884766,60.0115852355957
2020-04-09,256.4314270019531,30.95407485961914,99.21932983398438,63.37679672241211
2020-04-13,254.0901641845703,30.99785804748535,98.75391387939453,60.710323333740234
2020-04-14,261.5838928222656,31.70713233947754,98.8047103881836,62.41299819946289
2020-04-15,256.0257873535156,30.89277458190918,99.21087646484375,59.939292907714844
2020-04-16,257.26092529296875,31.05915641784668,99.33782196044922,59.2566032409668
2020-04-17,264.21099853515625,31.75090980529785,99.21932983398438,61.12793731689453
2020-04-20,259.5560607910156,31.34811019897461,99.07547760009766,58.85502624511719
2020-04-21,251.67510986328125,30.481229782104492,99.126220703125,57.786834716796875
2020-04-22,257.26092529296875,31.313093185424805,99.126220703125,58.67030334472656
2020-04-23,257.24249267578125,31.19925308227539,99.3631820678711,58.180381774902344
2020-04-24,260.828125,31.155471801757812,99.31242370605469,58.429359436035156
2020-04-27,264.5888366699219,31.78593635559082,98.85545349121094,60.429222106933594
2020-04-28,263.3721923828125,31.84723663330078,99.24471282958984,60.92716979980469
2020-04-29,270.2668762207031,32.77541732788086,99.31242370605469,61.84276580810547
2020-04-30,267.7505187988281,32.08366394042969,99.09239196777344,61.12793731689453
2020-05-01,260.6622314453125,30.927806854248047,99.09750366210938,59.063865661621094
2020-05-04,261.381103515625,31.26055908203125,99.18228912353516,58.77471160888672
2020-05-05,263.7961730957031,31.435680389404297,99.10598754882812,59.063865661621094
2020-05-06,262.0079650878906,31.3393611907959,98.70745086669922,58.00369644165039
2020-05-07,265.16949462890625,31.593297958374023,99.01268005371094,58.8309440612793
2020-05-08,269.55706787109375,32.2587890625,98.74982452392578,60.228416442871094
2020-05-11,269.6124267578125,32.04863357543945,98.45306396484375,59.352996826171875
2020-05-12,264.2386779785156,31.926044464111328,98.70745086669922,56.65439987182617
2020-05-13,259.56524658203125,31.864749908447266,98.86852264404297,55.281002044677734
2020-05-14,262.6716613769531,31.987335205078125,99.17381286621094,55.47377395629883
2020-05-15,263.87908935546875,31.549510955810547,99.23316955566406,55.25691223144531
2020-05-18,271.9167785644531,32.7841796875,99.08899688720703,58.5257453918457
2020-05-19,269.1239318847656,32.521484375,99.1992416381836,57.73866271972656
2020-05-20,273.69580078125,32.95054626464844,99.45365142822266,58.25267791748047
2020-05-21,271.8061218261719,32.57402038574219,99.52995300292969,58.30086135864258
2020-05-22,272.32244873046875,31.899778366088867,99.58080291748047,59.087955474853516
2020-05-26,275.677490234375,32.60028839111328,99.41970825195312,61.29662322998047
2020-05-27,279.7793884277344,32.70536804199219,99.56385803222656,62.517417907714844
2020-05-28,279.2630615234375,32.47770309448242,99.49603271484375,62.8145751953125
2020-05-29,280.5075988769531,33.03811264038086,99.75885772705078,62.18812942504883
2020-06-01,281.6412658691406,33.7999267578125,99.70281982421875,63.62575912475586
2020-06-02,283.9732666015625,34.60551071166992,99.78778839111328,64.13978576660156
2020-06-03,287.75250244140625,35.411109924316406,99.54144287109375,66.19585418701172
2020-06-04,286.9966125488281,34.9119987487793,99.24413299560547,65.53726959228516
2020-06-05,294.3522644042969,35.831417083740234,99.30354309082031,68.01900482177734
2020-06-08,297.91021728515625,36.050331115722656,99.41397857666016,69.70563507080078
2020-06-09,295.68878173828125,35.805152893066406,99.54144287109375,68.5490951538086
2020-06-10,294.0388488769531,36.06785202026367,99.94917297363281,66.80623626708984
2020-06-11,277.0877685546875,34.185203552246094,99.77928161621094,62.517417907714844
2020-06-12,280.40618896484375,34.9119987487793,99.88118743896484,64.75820922851562
2020-06-15,283.02392578125,34.59493637084961,100.2125244140625,65.6738052368164
2020-06-16,288.471435546875,34.81511688232422,100.01712036132812,66.96686553955078
2020-06-17,287.273193359375,35.14979553222656,99.93213653564453,65.99505615234375
2020-06-18,287.38385009765625,35.167415618896484,100.03411102294922,65.2722396850586
2020-06-19,285.7414855957031,35.15859603881836,100.06807708740234,64.32451629638672
2020-06-22,287.5745544433594,35.590152740478516,100.0426025390625,64.26026153564453
2020-06-23,288.8984375,35.93363952636719,100.02562713623047,63.99522018432617
2020-06-24,281.529052734375,35.45804977416992,100.00862121582031,62.17205810546875
2020-06-25,284.5471496582031,35.60777282714844,100.1275405883789,62.966121673583984
2020-06-26,277.7886962890625,35.17621994018555,100.24646759033203,61.75758361816406
2020-06-29,281.87164306640625,35.334747314453125,100.33143615722656,62.949913024902344
2020-06-30,285.4822692871094,35.22025680541992,100.41637420654297,63.69611740112305
2020-07-01,287.4819030761719,35.6165771484375,100.4699935913086,65.16423034667969
2020-07-02,289.0650329589844,36.42684555053711,100.58915710449219,64.97767639160156
2020-07-06,293.5274353027344,37.99454116821289,100.58062744140625,64.94524383544922
2020-07-07,290.5001220703125,37.36041259765625,100.73383331298828,63.655582427978516
2020-07-08,292.72198486328125,38.3292121887207,100.69976806640625,63.566349029541016
2020-07-09,291.0555725097656,38.3292121887207,100.96359252929688,63.16891098022461
2020-07-10,294.02734375,38.08260726928711,100.84443664550781,63.363582611083984
2020-07-13,291.4814147949219,37.82720184326172,100.83594512939453,62.609256744384766
2020-07-14,295.2587585449219,37.88003921508789,100.99766540527344,63.1364631652832
2020-07-15,297.97137451171875,37.99454116821289,101.00617980957031,63.75291061401367
2020-07-16,296.989990234375,37.457298278808594,101.07425689697266,62.99046325683594
2020-07-17,297.85101318359375,37.668663024902344,101.17638397216797,63.80967330932617
2020-07-20,300.2581481933594,38.1530647277832,101.28703308105469,63.04725646972656
2020-07-21,300.8969421386719,38.5053596496582,101.34661865234375,63.20135498046875
2020-07-22,302.609619140625,38.33802032470703,101.43170166015625,64.16654968261719
2020-07-23,298.9989929199219,38.02976608276367,101.55084991455078,63.89889907836914
2020-07-24,297.07330322265625,37.99454116821289,101.5168228149414,63.428466796875
2020-07-27,299.2397155761719,38.584625244140625,101.4487533569336,64.02867889404297
2020-07-28,297.3418273925781,38.2675666809082,101.5168228149414,65.3021240234375
2020-07-29,300.9987487792969,38.884071350097656,101.63597869873047,66.56744384765625
2020-07-30,299.92486572265625,38.39086151123047,101.71256256103516,66.13754272460938
2020-07-31,302.29486083984375,38.12664794921875,101.75511169433594,66.01588439941406
2020-08-03,304.396484375,38.39086151123047,101.7951889038086,65.13990020751953
2020-08-04,305.5722961425781,38.90169143676758,101.99130249023438,66.11321258544922
2020-08-05,307.4701232910156,39.324432373046875,101.7951889038086,65.78067016601562
2020-08-06,309.525390625,39.44773483276367,101.94013977050781,65.88611602783203
2020-08-07,309.7475891113281,38.6374626159668,101.82076263427734,66.82699584960938
2020-08-10,310.6734313964844,38.73434829711914,101.72697448730469,66.93243408203125
2020-08-11,308.1089172363281,38.628662109375,101.44561767578125,65.96722412109375
2020-08-12,312.40478515625,39.14828872680664,101.24102020263672,66.63232421875
2020-08-13,311.83990478515625,39.03379821777344,100.86593627929688,65.81312561035156
2020-08-14,311.8491516113281,38.963340759277344,100.7721176147461,65.82122802734375
2020-08-17,312.8398742675781,39.456539154052734,100.90853881835938,66.35655975341797
2020-08-18,313.51568603515625,39.41250991821289,101.053466796875,66.04022216796875
2020-08-19,312.2102966308594,38.9281120300293,100.90000915527344,64.88033294677734
2020-08-20,313.18243408203125,38.8048095703125,101.07904052734375,65.49678802490234
2020-08-21,314.2933349609375,38.99856948852539,101.18136596679688,65.60223388671875
2020-08-24,317.4781494140625,39.43012237548828,101.13868713378906,66.02399444580078
2020-08-25,318.5890808105469,39.82645034790039,100.92559814453125,66.19432830810547
2020-08-26,321.7831115722656,39.93213653564453,100.90853881835938,65.58599853515625
2020-08-27,322.4867248535156,39.59746551513672,100.55899047851562,66.55122375488281
2020-08-28,324.5698547363281,40.117088317871094,100.69538116455078,66.98921966552734
2020-08-31,323.3940124511719,39.22755432128906,100.91705322265625,66.30789947509766
2020-09-01,326.44000244140625,39.896907806396484,101.12628936767578,66.35655975341797
2020-09-02,331.16156005859375,39.791221618652344,101.33122253417969,67.58943939208984
2020-09-03,319.764892578125,39.03379821777344,101.35686492919922,66.77832794189453
2020-09-04,317.15411376953125,39.05141067504883,100.85301208496094,66.42955780029297
2020-09-08,308.4885559082031,38.373252868652344,100.96401977539062,65.61843872070312
2020-09-09,314.5803527832031,38.94572067260742,100.95550537109375,66.26731872558594
2020-09-10,309.1180725097656,38.32040786743164,100.96401977539062,65.45620727539062
2020-09-11,309.2754821777344,38.690311431884766,101.08357238769531,65.09123229980469
2020-09-14,313.3489990234375,39.31563186645508,101.09213256835938,66.68099975585938
2020-09-15,314.9322204589844,39.72956466674805,101.10066986083984,67.4839859008789
2020-09-16,313.68231201171875,39.676727294921875,101.04939270019531,67.84088134765625
2020-09-17,310.9234619140625,39.518192291259766,101.0750503540039,66.5187759399414
2020-09-18,307.3438720703125,39.20994186401367,100.95550537109375,65.01823425292969
2020-09-21,303.9232177734375,38.84884262084961,100.9725570678711,63.06346893310547
2020-09-22,307.0185241699219,38.55819320678711,101.04939270019531,63.817787170410156
2020-09-23,299.8984069824219,37.95930862426758,100.8359146118164,61.89548110961914
2020-09-24,300.69775390625,37.78316879272461,100.84443664550781,62.22802734375
2020-09-25,305.5592041015625,37.818389892578125,100.87859344482422,63.511329650878906
2020-09-28,310.6343078613281,38.24114227294922,100.96401977539062,64.81098937988281
2020-09-29,308.942626953125,38.21471405029297,100.98110961914062,64.34506225585938
2020-09-30,311.28497314453125,38.83123016357422,100.8188705444336,64.5412368774414
2020-10-01,313.2835693359375,39.19232940673828,100.95743560791016,65.83272552490234
2020-10-02,310.3089294433594,38.7431526184082,100.85478973388672,66.96890258789062
2020-10-05,315.8117980957031,39.26278305053711,100.52971649169922,67.35308074951172
2020-10-06,311.3221435546875,39.3332405090332,100.6152572631836,66.91168975830078
2020-10-07,316.7412414550781,39.764801025390625,100.54684448242188,67.00977325439453
2020-10-08,319.54840087890625,40.090660095214844,100.67514038085938,68.12958526611328
2020-10-09,322.40203857421875,40.36368942260742,100.7008056640625,67.8598403930664
2020-10-12,327.5887451171875,40.71598434448242,100.8975601196289,68.17864990234375
2020-10-13,325.4507751464844,40.548648834228516,100.92324829101562,67.00977325439453
2020-10-14,323.4058532714844,40.27561569213867,100.98311614990234,66.19239044189453
2020-10-15,323.006103515625,39.9849853515625,100.8975601196289,66.53568267822266
2020-10-16,322.8110046386719,40.12588882446289,100.84622955322266,66.06157684326172
2020-10-19,317.9031677246094,40.01139831542969,100.7264404296875,65.03168487548828
2020-10-20,319.1765441894531,40.45176696777344,100.64093017578125,65.49760437011719
2020-10-21,318.5723876953125,40.566261291503906,100.52115631103516,65.30139923095703
2020-10-22,320.3199157714844,40.55745315551758,100.34152221679688,65.29324340820312
2020-10-23,321.4074401855469,40.795249938964844,100.48694610595703,65.68560028076172
2020-10-26,315.4678039550781,40.266815185546875,100.62380981445312,64.74559020996094
2020-10-27,314.3802490234375,40.442955017089844,100.85478973388672,63.70751953125
2020-10-28,303.63507080078125,39.43012237548828,100.7093505859375,62.18715286254883
2020-10-29,306.7211608886719,39.82645034790039,100.52971649169922,63.020896911621094
2020-10-30,303.5235595703125,39.37727737426758,100.25598907470703,62.604042053222656
2020-11-02,306.92559814453125,39.879295349121094,100.43762969970703,64.099853515625
2020-11-03,312.3446350097656,40.05543518066406,100.39481353759766,65.33412170410156
2020-11-04,319.3253173828125,41.314876556396484,101.06311798095703,65.44854736328125
2020-11-05,325.5530700683594,42.01946258544922,101.1573715209961,65.75916290283203
2020-11-06,325.47869873046875,42.213218688964844,100.93457794189453,65.3095932006836
2020-11-09,329.56854248046875,42.50385284423828,100.46331024169922,67.62281036376953
2020-11-10,329.0851745605469,42.01946258544922,100.30056762695312,68.61185455322266
2020-11-11,331.5298767089844,42.292484283447266,100.36051940917969,68.87342834472656
2020-11-12,328.313720703125,41.975425720214844,100.78038024902344,67.97431182861328
2020-11-13,332.8590087890625,42.56550216674805,100.79747009277344,69.78888702392578
2020-11-16,337.0138854980469,43.09394073486328,100.78892517089844,70.57361602783203
2020-11-17,335.20135498046875,43.049903869628906,100.99456024169922,70.63898468017578
2020-11-18,331.167236328125,42.90018844604492,101.06311798095703,69.26577758789062
2020-11-19,332.5616149902344,42.97064208984375,101.25162506103516,69.5354995727539
2020-11-20,330.2842712402344,43.208438873291016,101.35446166992188,69.15951538085938
2020-11-23,332.2640686035156,43.32292938232422,101.3287582397461,69.29029846191406
2020-11-24,337.6181335449219,43.90420913696289,101.1916275024414,69.65812683105469
2020-11-25,337.0975646972656,43.657615661621094,101.1573715209961,69.69898223876953
2020-11-27,338.0364074707031,44.07154846191406,101.3287582397461,69.38835906982422
2020-11-30,336.53985595703125,42.91779708862305,101.4658432006836,68.660888671875
2020-12-01,340.2206726074219,43.76329803466797,101.14483642578125,69.54367065429688
2020-12-02,340.93646240234375,43.824947357177734,101.03324127197266,68.99604797363281
2020-12-03,340.84356689453125,44.326961517333984,101.20491790771484,69.57638549804688
2020-12-04,343.7808532714844,44.78493881225586,100.93020629882812,70.63898468017578
2020-12-07,343.0743408203125,44.78493881225586,101.08474731445312,70.02594757080078
2020-12-08,344.0782470703125,44.80255126953125,101.09331512451172,69.78073120117188
2020-12-09,340.9923400878906,44.415035247802734,100.94741821289062,69.34750366210938
2020-12-10,340.8807373046875,44.987510681152344,101.1963119506836,69.0450668334961
2020-12-11,340.4810791015625,44.670448303222656,101.3078842163086,68.97967529296875
2020-12-14,338.9566345214844,44.438201904296875,101.24781036376953,68.67724609375
2020-12-15,343.5391540527344,44.91870880126953,101.3078842163086,70.08314514160156
2020-12-16,344.0782470703125,45.132266998291016,101.26497650146484,70.16490173339844
2020-12-17,346.0022888183594,45.42591094970703,101.26068115234375,70.84333038330078
2020-12-18,344.62078857421875,45.37252426147461,101.2091293334961,69.42106628417969
2020-12-21,343.38848876953125,44.70515060424805,101.2091293334961,69.02873229980469
2020-12-22,342.8099060058594,44.34921646118164,101.35518646240234,69.510986328125
2020-12-23,343.117919921875,44.80302810668945,101.28646850585938,69.06140899658203
2020-12-24,344.4527893066406,44.60727310180664,101.38096618652344,69.66604614257812
2020-12-28,347.41192626953125,44.73183822631836,101.39816284179688,70.0813217163086
2020-12-29,346.74908447265625,45.39921569824219,101.41535949707031,69.48335266113281
2020-12-30,347.2438659667969,46.00429916381836,101.47549438476562,69.8653793334961
2020-12-31,349.008056640625,45.97760772705078,101.55280303955078,70.53812408447266
2021-01-04,344.2568359375,46.27125549316406,101.42393493652344,68.2458267211914
2021-01-05,346.62774658203125,47.383544921875,101.32083892822266,68.34548950195312
2021-01-06,348.7000732421875,46.983116149902344,100.82246398925781,68.46177673339844
2021-01-07,353.8808898925781,47.42803192138672,100.71935272216797,68.32887268066406
2021-01-08,355.89715576171875,48.68269348144531,100.59906768798828,68.99331665039062
2021-01-11,353.4981689453125,48.024227142333984,100.4358139038086,68.07972717285156
2021-01-12,353.5728759765625,48.49583435058594,100.52172088623047,68.2375259399414
2021-01-13,354.5249938964844,48.602603912353516,100.83963775634766,69.06806945800781
2021-01-14,353.2834777832031,49.05642318725586,100.64202117919922,69.47502899169922
2021-01-15,350.70697021484375,48.36235427856445,100.7451171875,70.2723617553711
2021-01-19,353.4608459472656,49.163204193115234,100.88261413574219,70.07301330566406
2021-01-20,358.3522644042969,50.026344299316406,100.8912124633789,71.41020202636719
2021-01-21,358.67889404296875,50.11532211303711,100.7451171875,71.06966400146484
2021-01-22,357.4094543457031,49.6793098449707,100.7451171875,71.23578643798828
2021-01-25,358.8189697265625,50.05303955078125,101.0029296875,71.77565002441406
2021-01-26,358.2589416503906,49.68820571899414,100.96856689453125,72.28227996826172
2021-01-27,349.5028991699219,48.3089599609375,100.97711944580078,71.00321960449219
2021-01-28,352.5086669921875,48.64710235595703,100.90841674804688,71.3852767944336
2021-01-29,345.45159912109375,47.43693542480469,100.79669189453125,70.56304931640625
2021-02-01,351.2017517089844,48.71828842163086,100.89307403564453,72.17430114746094
2021-02-02,356.1678466796875,49.350067138671875,100.73820495605469,72.60618591308594
2021-02-03,356.4479675292969,49.599220275878906,100.6176986694336,72.42345428466797
2021-02-04,360.4992370605469,49.61701965332031,100.57462310791016,72.9217758178711
2021-02-05,361.91815185546875,50.04414367675781,100.44554138183594,73.17925262451172
2021-02-08,364.5319519042969,50.133121490478516,100.54884338378906,73.57791900634766
2021-02-09,364.28912353515625,50.667015075683594,100.59185028076172,73.83541107177734
2021-02-10,364.1304016113281,50.84498977661133,100.6865234375,74.23404693603516
2021-02-11,364.71856689453125,51.38778305053711,100.5660629272461,74.39186096191406
2021-02-12,366.5201721191406,51.43227767944336,100.33369445800781,74.40845489501953
2021-02-16,366.2027282714844,51.55685043334961,99.86032104492188,73.83541107177734
2021-02-17,366.28680419921875,51.57465362548828,100.05827331542969,73.74403381347656
2021-02-18,364.7278747558594,50.86278533935547,100.0066146850586,73.42842864990234
2021-02-19,364.08380126953125,51.192020416259766,99.69676208496094,73.85201263427734
2021-02-22,361.28338623046875,49.68820571899414,99.38697052001953,74.46659851074219
2021-02-23,361.7220153808594,49.91066360473633,99.41279602050781,74.93170928955078
2021-02-24,365.70806884765625,49.5903205871582,99.37837219238281,75.50477600097656
2021-02-25,356.8959655761719,48.46023941040039,98.46607208251953,74.05963897705078
2021-02-26,355.0570373535156,47.81065368652344,99.2664794921875,72.97994232177734
2021-03-01,363.66375732421875,49.09202194213867,99.21476745605469,73.3038558959961
2021-03-02,360.825927734375,48.611507415771484,99.23197937011719,72.59788513183594
2021-03-03,356.0465393066406,48.51362609863281,98.86993408203125,72.18260955810547
2021-03-04,351.6405334472656,47.383544921875,98.58544921875,71.36036682128906
2021-03-05,358.10955810546875,47.89964294433594,98.51647186279297,72.1410903930664
2021-03-08,356.3265686035156,46.60939025878906,98.12854766845703,72.76399230957031
2021-03-09,361.41412353515625,47.63269805908203,98.49921417236328,73.24569702148438
2021-03-10,363.66375732421875,47.41912841796875,98.66303253173828,73.97657012939453
2021-03-11,367.3509521484375,48.9140510559082,98.65436553955078,74.84034729003906
2021-03-12,367.8456726074219,48.042015075683594,98.09406280517578,76.094482421875
2021-03-15,370.039306640625,48.15769577026367,98.19752502441406,77.2240219116211
2021-03-16,369.5726318359375,48.36235427856445,98.16301727294922,76.90839385986328
2021-03-17,370.832763671875,48.424644470214844,98.15442657470703,76.974853515625
2021-03-18,365.4373474121094,47.53480911254883,97.77510070800781,76.19412994384766
2021-03-19,364.7611999511719,48.122100830078125,97.8526840209961,75.15595245361328
2021-03-22,367.6737365722656,47.9797248840332,98.0423355102539,75.6875
2021-03-23,364.7799072265625,47.063209533691406,98.29236602783203,75.57952117919922
2021-03-24,362.925537109375,45.98650360107422,98.41305541992188,75.15595245361328
2021-03-25,364.9671630859375,46.200069427490234,98.36132049560547,75.92118835449219
2021-03-26,370.8486022949219,47.401336669921875,98.19752502441406,77.55856323242188
2021-03-29,370.6612854003906,47.07210159301758,98.03377532958984,77.10745239257812
2021-03-30,369.67803955078125,47.2233772277832,98.11131286621094,77.20771026611328
2021-03-31,371.1764221191406,47.46363067626953,98.12854766845703,76.73988342285156
2021-04-01,375.18475341796875,47.92634963989258,98.4583511352539,78.13497924804688
2021-04-05,380.5697326660156,48.11320495605469,98.2597885131836,78.43573760986328
2021-04-06,380.3450622558594,48.38014602661133,98.60514068603516,78.63623809814453
2021-04-07,380.78521728515625,47.66828155517578,98.44973754882812,78.69470977783203
2021-04-08,382.59271240234375,48.05980682373047,98.69144439697266,78.40232849121094
2021-04-09,385.374267578125,47.65048599243164,98.57923126220703,78.3104248046875
2021-04-12,385.5147399902344,47.365745544433594,98.5533447265625,78.76991271972656
2021-04-13,386.6572570800781,47.56151580810547,98.83824920654297,79.16252899169922
2021-04-14,385.33685302734375,47.80176544189453,98.76053619384766,78.74484252929688
2021-04-15,389.47625732421875,48.23777770996094,99.14905548095703,80.12326049804688
2021-04-16,390.778076171875,48.36235427856445,98.89006805419922,80.29867553710938
2021-04-19,388.8581237792969,48.184391021728516,98.81234741210938,80.45742797851562
2021-04-20,386.0111083984375,47.792869567871094,98.96773529052734,81.11736297607422
2021-04-21,389.66351318359375,48.08651351928711,99.06269836425781,81.65203094482422
2021-04-22,386.1047058105469,47.91743850708008,99.08859252929688,81.20925903320312
2021-04-23,390.291015625,48.611507415771484,99.07133483886719,81.6854476928711
2021-04-26,391.10589599609375,48.67379379272461,98.9850082397461,81.92770385742188
2021-04-27,391.0215148925781,48.64710235595703,98.74324798583984,81.9193344116211
2021-04-28,390.9091491699219,49.01193618774414,98.79508972167969,81.74392700195312
2021-04-29,393.4002990722656,48.89625549316406,98.74324798583984,82.44566345214844
2021-04-30,390.8155212402344,48.03311538696289,98.84685516357422,82.77145385742188
2021-05-03,391.65838623046875,48.03311538696289,98.90995025634766,82.61272430419922
2021-05-04,389.2421875,47.49031448364258,99.03104400634766,82.07808685302734
2021-05-05,389.3638610839844,47.7127799987793,99.10887145996094,80.71638488769531
2021-05-06,392.47320556640625,48.16659164428711,99.12617492675781,81.16749572753906
2021-05-07,395.32958984375,48.66489791870117,99.10023498535156,82.2367935180664
2021-05-10,391.4149169921875,47.792869567871094,98.94458770751953,82.21175384521484
2021-05-11,387.9216003417969,47.659393310546875,98.72840881347656,81.17584991455078
2021-05-12,379.68011474609375,46.34244155883789,98.38250732421875,79.12076568603516
2021-05-13,384.2410888671875,46.2801513671875,98.60735321044922,80.14830780029297
2021-05-14,390.1412048339844,47.1165885925293,98.83216857910156,81.1006851196289
2021-05-17,389.1484680175781,47.07210159301758,98.74569702148438,81.1842041015625
2021-05-18,385.795654296875,47.70388412475586,98.62467193603516,81.20092010498047
2021-05-19,384.7842712402344,47.56151580810547,98.48631286621094,80.94193267822266
2021-05-20,388.9237060546875,47.83734893798828,98.82353210449219,81.85253143310547
2021-05-21,388.6053161621094,47.28566360473633,98.86676025390625,81.76899719238281
2021-05-24,392.5668029785156,47.677188873291016,98.96186828613281,82.78816986083984
2021-05-25,391.69586181640625,48.148799896240234,99.2039566040039,82.76309967041016
2021-05-26,392.47320556640625,48.50472640991211,99.16938781738281,83.13068389892578
2021-05-27,392.67919921875,48.51362609863281,99.04837799072266,82.93852996826172
2021-05-28,393.381591796875,48.82506561279297,99.04837799072266,83.4397964477539
2021-06-01,393.0350646972656,49.8305778503418,99.0024642944336,84.94348907470703
2021-06-02,393.6531982421875,49.91066360473633,99.1323471069336,85.93766021728516
2021-06-03,392.1922302246094,49.37676239013672,98.89852905273438,85.62018585205078
2021-06-04,395.7791748046875,49.82168197631836,99.30552673339844,85.66194915771484
2021-06-07,395.3951721191406,49.57252502441406,99.23625946044922,86.67278289794922
2021-06-08,395.4794006347656,49.332271575927734,99.41806030273438,87.39122009277344
2021-06-09,394.889404296875,49.18990707397461,99.61727905273438,87.50818634033203
2021-06-10,396.72503662109375,49.58403396606445,99.82508087158203,88.1347427368164
2021-06-11,397.3805847167969,49.41422653198242,99.78178405761719,87.78386688232422
2021-06-14,398.2703857421875,49.548282623291016,99.53065490722656,88.12638092041016
2021-06-15,397.539794921875,49.20866394042969,99.57393646240234,87.18238067626953
2021-06-16,395.3201599121094,48.53837966918945,99.25358581542969,86.61431121826172
2021-06-17,395.1891174316406,48.806488037109375,99.56529235839844,86.50570678710938
2021-06-18,389.85784912109375,48.46686553955078,99.83375549316406,85.035400390625
2021-06-21,395.4390563964844,48.67243194580078,99.57393646240234,86.78974151611328
2021-06-22,397.55316162109375,48.448997497558594,99.67787170410156,86.33863067626953
2021-06-23,397.073974609375,48.743927001953125,99.62592315673828,86.1882553100586
2021-06-24,399.4229431152344,49.190792083740234,99.66059875488281,86.0023193359375
2021-06-25,400.8416748046875,49.60191345214844,99.46138763427734,86.58285522460938
2021-06-28,401.6497802734375,49.6465950012207,99.74713134765625,86.3304443359375
2021-06-29,401.8659973144531,49.61083984375,99.7990951538086,86.09485626220703
2021-06-30,402.2040710449219,49.289100646972656,99.86836242675781,85.64054107666016
2021-07-01,404.4309997558594,49.01204299926758,99.81290435791016,86.01072692871094
2021-07-02,407.5223083496094,48.95842361450195,100.02967071533203,86.27154541015625
2021-07-06,406.780029296875,48.100440979003906,100.35049438476562,86.9025650024414
2021-07-07,408.21759033203125,48.04682159423828,100.52394104003906,87.20545196533203
2021-07-08,404.8914489746094,47.04584503173828,100.63665008544922,86.96145629882812
2021-07-09,409.21356201171875,47.85913848876953,100.3071517944336,88.39173889160156
2021-07-12,410.67938232421875,47.9038200378418,100.2464370727539,89.1489486694336
2021-07-13,409.27935791015625,47.94851303100586,100.02967071533203,87.90376281738281
2021-07-14,409.89007568359375,48.15406799316406,100.36781311035156,88.51792907714844
2021-07-15,408.49005126953125,48.2702522277832,100.58460235595703,88.66097259521484
2021-07-16,405.2860107421875,47.89488983154297,100.49789428710938,88.60208129882812
2021-07-19,399.30084228515625,47.09052658081055,101.02685546875,86.98668670654297
2021-07-20,405.0230407714844,47.242469787597656,100.93145751953125,89.03956604003906
2021-07-21,408.3020935058594,47.54634094238281,100.60193634033203,89.03114318847656
2021-07-22,409.1571350097656,47.635704040527344,100.83609771728516,88.32443237304688
2021-07-23,413.36663818359375,46.92965316772461,100.76670837402344,89.056396484375
2021-07-26,414.38140869140625,46.03593444824219,100.67998504638672,89.09847259521484
2021-07-27,412.4927673339844,45.10645294189453,100.91413116455078,89.60326385498047
2021-07-28,412.3236083984375,46.33086013793945,101.0094985961914,89.29197692871094
2021-07-29,414.03369140625,46.563232421875,100.84477996826172,89.3088150024414
2021-07-30,412.02301025390625,46.11636734008789,100.98348236083984,89.42658233642578
2021-08-02,411.1584777832031,46.44704818725586,101.19795227050781,89.23307800292969
2021-08-03,414.50347900390625,46.64366912841797,101.2326889038086,89.34246063232422
2021-08-04,412.46453857421875,46.88497543334961,101.22400665283203,89.06483459472656
2021-08-05,415.07659912109375,46.8134765625,100.99821472167969,90.10807800292969
2021-08-06,415.76251220703125,46.42023468017578,100.54669189453125,89.94823455810547
2021-08-09,415.42425537109375,46.572166442871094,100.3643569946289,89.46864318847656
2021-08-10,415.9410705566406,46.63473129272461,100.23409271240234,88.61890411376953
2021-08-11,416.974609375,46.75985336303711,100.32962036132812,89.14053344726562
2021-08-12,418.22418212890625,46.34873962402344,100.33829498291016,89.33404541015625
2021-08-13,418.9854431152344,46.23255157470703,100.70301055908203,89.82203674316406
2021-08-16,419.9719543457031,45.812496185302734,100.75508880615234,89.71266174316406
2021-08-17,417.21893310546875,44.97239303588867,100.67696380615234,89.62010192871094
2021-08-18,412.6524658203125,45.04389572143555,100.6856460571289,88.80399322509766
2021-08-19,413.2914123535156,44.27528762817383,100.85931396484375,89.23307800292969
2021-08-20,416.58001708984375,44.23954391479492,100.86798858642578,89.67899322509766
2021-08-23,420.244384765625,44.90983581542969,100.86798858642578,89.51072692871094
2021-08-24,420.9114990234375,45.928680419921875,100.72037506103516,89.11528778076172
2021-08-25,421.79473876953125,45.9823112487793,100.52932739257812,89.056396484375
2021-08-26,419.304931640625,45.54438781738281,100.53801727294922,89.0900650024414
2021-08-27,423.05389404296875,46.10742950439453,100.81587982177734,90.0239486694336
2021-08-30,424.9141845703125,46.20573806762695,100.92877197265625,90.92417907714844
2021-08-31,424.2846984863281,46.84029006958008,100.78116607666016,91.353271484375
2021-09-01,424.5101623535156,47.43909454345703,100.81334686279297,92.81720733642578
2021-09-02,425.8162841796875,47.224586486816406,100.9177017211914,93.3051986694336
2021-09-03,425.7128601074219,47.47483444213867,100.74374389648438,93.32201385498047
2021-09-07,424.1907958984375,47.75188446044922,100.47418212890625,92.27033996582031
2021-09-08,423.6739807128906,47.05478286743164,100.6394271850586,92.73307800292969
2021-09-09,421.86053466796875,46.965415954589844,100.96116638183594,90.84845733642578
2021-09-10,418.5343017578125,46.91179275512695,100.76116180419922,89.51914978027344
2021-09-13,419.60546875,47.03690719604492,100.89159393310547,90.12490844726562
2021-09-14,417.341064453125,46.64366912841797,101.1176528930664,89.96504211425781
2021-09-15,420.8270263671875,46.63473129272461,101.02204132080078,90.25111389160156
2021-09-16,420.1599426269531,46.10742950439453,100.84813690185547,90.32682800292969
2021-09-17,416.0670166015625,45.91080856323242,100.76116180419922,89.51914978027344
2021-09-20,409.1294860839844,44.67747116088867,100.95247650146484,88.97227478027344
2021-09-21,408.7430725097656,45.00814437866211,100.9959487915039,89.01432800292969
2021-09-22,412.730224609375,45.57120132446289,101.03075408935547,89.88092803955078
2021-09-23,417.7449645996094,45.928680419921875,100.53506469726562,89.7042465209961
2021-09-24,418.43304443359375,45.383506774902344,100.36113739013672,88.74507141113281
2021-09-27,417.23590087890625,45.67844009399414,100.22200775146484,87.55143737792969
2021-09-28,408.827880859375,45.08857727050781,99.8045654296875,86.95884704589844
2021-09-29,409.5159606933594,44.66852569580078,99.87415313720703,87.61067962646484
2021-09-30,404.5107116699219,45.02602005004883,99.85677337646484,86.16307830810547
2021-10-01,409.3179931640625,44.9813346862793,100.16162109375,87.38211822509766
2021-10-04,404.03948974609375,44.31997299194336,100.09193420410156,87.39904022216797
2021-10-05,408.2434387207031,44.63277816772461,99.8567886352539,86.79798126220703
2021-10-06,409.9400939941406,44.38253402709961,99.90031433105469,87.62762451171875
2021-10-07,413.4844055175781,45.24945068359375,99.62158966064453,87.86465454101562
2021-10-08,412.730224609375,45.41925811767578,99.40385437011719,87.03501892089844
2021-10-11,409.7422180175781,45.32988739013672,99.24710083007812,87.25513458251953
2021-10-12,408.733642578125,45.09751510620117,99.61286926269531,88.39800262451172
2021-10-13,410.2040710449219,45.7231330871582,99.83934020996094,89.0413818359375
2021-10-14,417.10394287109375,45.86612319946289,100.03096771240234,90.12498474121094
2021-10-15,420.280517578125,46.42023468017578,99.7870864868164,90.0572509765625
2021-10-18,421.5247497558594,46.30405807495117,99.71739196777344,90.28583526611328
2021-10-19,424.77679443359375,46.920719146728516,99.43000030517578,90.32815551757812
2021-10-20,426.44525146484375,46.91179275512695,99.3603286743164,91.75038146972656
2021-10-21,427.5574951171875,46.60791778564453,99.15129089355469,91.87734985351562
2021-10-22,427.114501953125,46.509605407714844,99.34288787841797,92.3091049194336
2021-10-25,429.40496826171875,46.75091552734375,99.4386978149414,92.60540008544922
2021-10-26,429.79144287109375,46.509605407714844,99.62158966064453,92.8593521118164
2021-10-27,427.8874206542969,46.13424301147461,99.95257568359375,92.07205963134766
2021-10-28,432.0160217285156,46.17892837524414,99.87417602539062,93.35884094238281
2021-10-29,432.8926086425781,45.508636474609375,99.84806823730469,92.3091049194336
2021-11-01,433.6373596191406,45.86612319946289,99.7870101928711,92.76625061035156
2021-11-02,435.39056396484375,45.45500946044922,99.9876480102539,93.20645904541016
2021-11-03,438.04876708984375,45.66950225830078,99.7870101928711,93.51970672607422
2021-11-04,440.1130065917969,45.56224822998047,100.11846923828125,92.63079071044922
2021-11-05,441.64007568359375,45.508636474609375,100.51103973388672,93.10489654541016
2021-11-08,442.0170593261719,45.928680419921875,100.32784271240234,93.02867126464844
2021-11-09,440.5560607910156,45.749935150146484,100.60697937011719,93.18954467773438
2021-11-10,437.0118103027344,45.56224822998047,99.92654418945312,92.75776672363281
2021-11-11,437.1531982421875,46.34873962402344,99.74336242675781,92.9101791381836
2021-11-12,440.4523010253906,46.47386169433594,99.72595977783203,92.84245300292969
2021-11-15,440.60321044921875,46.321929931640625,99.3595199584961,93.49429321289062
2021-11-16,442.3469543457031,46.38447952270508,99.32464599609375,92.87631225585938
2021-11-17,441.2724609375,46.14318084716797,99.56018829345703,93.16413116455078
2021-11-18,442.77117919921875,45.58013153076172,99.6474380493164,93.18106842041016
2021-11-19,441.9794006347656,45.508636474609375,99.83932495117188,92.63079071044922
2021-11-22,440.735107421875,45.1422004699707,99.3595199584961,92.17365264892578
2021-11-23,441.3195495605469,45.09751510620117,98.96699523925781,92.91864013671875
2021-11-24,442.497802734375,45.03495788574219,99.19379425048828,94.04454040527344
2021-11-26,432.6287841796875,43.524559020996094,99.90038299560547,91.4286880493164
2021-11-29,437.935546875,43.694358825683594,99.95274353027344,92.10591888427734
2021-11-30,429.4143981933594,43.64967346191406,100.11846923828125,90.36200714111328
2021-12-01,424.6448059082031,43.810543060302734,100.13770294189453,88.8720703125
2021-12-02,431.1488037109375,44.34678649902344,100.12023162841797,91.53873443603516
2021-12-03,427.397216796875,43.7211799621582,100.52206420898438,91.23396301269531
2021-12-06,432.4590148925781,44.060794830322266,100.17262268066406,92.83397674560547
2021-12-07,441.4043884277344,44.757904052734375,100.01539611816406,94.17154693603516
2021-12-08,442.5732116699219,44.93665313720703,99.7533187866211,94.84879302978516
2021-12-09,439.58514404296875,44.72215270996094,99.76207733154297,93.47736358642578
2021-12-10,443.72320556640625,44.757904052734375,99.78828430175781,93.76518249511719
2021-12-13,439.7925109863281,44.048091888427734,100.13770294189453,94.64562225341797
2021-12-14,436.76678466796875,43.94837188720703,99.94550323486328,93.43502807617188
2021-12-15,443.5912780761719,43.82146072387695,99.86691284179688,94.74720001220703
2021-12-16,439.6794128417969,43.8758544921875,100.00418090820312,94.71333312988281
2021-12-17,434.9999694824219,43.65829086303711,100.12661743164062,94.59481811523438
2021-12-20,430.3744201660156,43.005592346191406,99.97794342041016,93.85832214355469
2021-12-21,438.0174560546875,43.73081588745117,99.89924621582031,94.91651916503906
2021-12-22,442.3970031738281,43.939308166503906,99.98668670654297,95.89006042480469
2021-12-23,445.149658203125,44.16593933105469,99.86426544189453,95.7884750366211
2021-12-27,451.4494934082031,44.36537170410156,99.9167251586914,97.41462707519531
2021-12-28,451.0805969238281,44.2203369140625,99.87298583984375,97.77350616455078
2021-12-29,451.6575927734375,44.02090072631836,99.5757064819336,98.43150329589844
2021-12-30,450.4089660644531,44.52519226074219,99.7943344116211,98.85875701904297
2021-12-31,449.27392578125,44.307518005371094,99.75933074951172,99.1321792602539
2022-01-03,451.8750915527344,44.62496566772461,99.07723999023438,98.3545913696289
2022-01-04,451.7237548828125,44.47077178955078,99.0685043334961,98.23493194580078
2022-01-05,443.0497741699219,43.74516296386719,98.762451171875,95.42359161376953
2022-01-06,442.6335144042969,43.944705963134766,98.65750122070312,95.509033203125
2022-01-07,440.8835754394531,44.34379196166992,98.36891174316406,94.876708984375
2022-01-10,440.3349304199219,44.34379196166992,98.28147888183594,94.3298110961914
2022-01-11,444.3456115722656,45.368717193603516,98.46511840820312,94.47509002685547
2022-01-12,445.5469055175781,46.12152862548828,98.46511840820312,94.586181640625
2022-01-13,439.40789794921875,45.4684944152832,98.64004516601562,94.39817810058594
2022-01-14,439.5876770019531,45.450347900390625,98.08910369873047,93.54366302490234
2022-01-18,431.8027648925781,44.64310836791992,97.49445343017578,92.56098175048828
2022-01-19,427.3190612792969,44.833580017089844,97.70433807373047,91.31339263916016
2022-01-20,422.5895080566406,45.096614837646484,97.75678253173828,90.14269256591797
2022-01-21,414.29376220703125,44.443565368652344,98.14156341552734,89.92052459716797
2022-01-24,416.05322265625,43.81772994995117,98.02788543701172,90.0914306640625
2022-01-25,410.9736328125,43.73609161376953,97.93169403076172,89.73253631591797
2022-01-26,409.9425964355469,43.18281936645508,97.38079833984375,88.33113098144531
2022-01-27,407.9183044433594,42.68396759033203,97.70433807373047,86.86990356445312
2022-01-28,418.0490417480469,42.89257049560547,97.7742919921875,89.68128204345703
2022-01-31,425.5786437988281,44.298439025878906,97.76554870605469,90.78359985351562
2022-02-01,428.45416259765625,44.5705451965332,97.73139190673828,90.45887756347656
2022-02-02,432.6162414550781,44.49798583984375,97.83649444580078,91.61247253417969
2022-02-03,422.4476318359375,44.02634048461914,97.44237518310547,90.63829803466797
2022-02-04,424.4340515136719,44.13517761230469,96.8293685913086,89.74107360839844
2022-02-07,423.0719299316406,44.04447937011719,96.91696166992188,89.61289978027344
2022-02-08,426.55291748046875,44.47077178955078,96.61922454833984,89.19418334960938
2022-02-09,432.79595947265625,45.16917037963867,96.68049621582031,91.21082305908203
2022-02-10,425.02056884765625,44.86985778808594,95.78726959228516,89.05745697021484
2022-02-11,416.63970947265625,44.189605712890625,96.41780853271484,88.24566650390625
2022-02-14,415.27752685546875,43.88121795654297,95.85733795166016,87.44242858886719
2022-02-15,421.97467041015625,44.833580017089844,95.69969940185547,88.22859191894531
2022-02-16,422.4476318359375,45.16010665893555,95.81351470947266,88.63875579833984
2022-02-17,413.4235534667969,44.634037017822266,96.01496887207031,87.69879150390625
2022-02-18,410.7465515136719,44.189605712890625,96.21638488769531,87.16899108886719
2022-02-22,406.3386535644531,43.56376266479492,96.11128234863281,86.85282897949219
2022-02-23,399.13067626953125,43.05583572387695,95.68217468261719,85.41722869873047
2022-02-24,405.13726806640625,42.166961669921875,95.85733795166016,86.85282897949219
2022-02-25,414.0762634277344,42.946990966796875,95.95367431640625,88.94637298583984
2022-02-28,413.0168151855469,42.3846435546875,96.6454849243164,87.62188720703125
2022-03-01,406.7264709472656,41.82229995727539,97.19011688232422,87.16043853759766
2022-03-02,414.2086486816406,41.894859313964844,96.0237045288086,88.79258728027344
2022-03-03,412.14654541015625,41.3053092956543,96.34819793701172,89.51890563964844
2022-03-04,408.7979736328125,40.470855712890625,96.73407745361328,89.92906951904297
2022-03-07,396.7469787597656,38.95615005493164,96.17277526855469,88.15169525146484
2022-03-08,393.7389221191406,39.083126068115234,95.83074188232422,87.72443389892578
2022-03-09,404.29547119140625,40.18967819213867,95.62905883789062,89.07455444335938
2022-03-10,402.4698486328125,39.43685531616211,95.09403991699219,89.29673767089844
2022-03-11,397.3524169921875,38.61147689819336,95.07654571533203,88.58747863769531
2022-03-14,394.4483947753906,37.6772575378418,94.15568542480469,87.89533233642578
2022-03-15,403.1225280761719,37.7316780090332,94.36613464355469,88.4849624633789
2022-03-16,412.0614013671875,40.77016830444336,94.43630981445312,89.53600311279297
2022-03-17,417.2166748046875,40.56155776977539,94.59415435791016,90.92029571533203
2022-03-18,421.7863464355469,41.14204406738281,94.80464172363281,90.92029571533203
2022-03-21,421.6630554199219,40.50712966918945,93.87503051757812,90.36487579345703
2022-03-22,426.5970764160156,41.24181365966797,93.62067413330078,90.5956039428711
2022-03-23,421.1031188964844,40.969703674316406,94.0065689086914,89.57916259765625
2022-03-24,427.4510498046875,41.18739318847656,93.79607391357422,90.14623260498047
2022-03-25,429.53851318359375,40.860870361328125,93.05062103271484,91.27178192138672
2022-03-28,432.5938720703125,40.996917724609375,93.27864837646484,92.24266052246094
2022-03-29,437.9454040527344,41.69532012939453,93.7171401977539,94.9491195678711
2022-03-30,435.2411804199219,41.57740020751953,93.97148895263672,94.26175689697266
2022-03-31,428.5422668457031,40.951568603515625,93.92765808105469,93.1104507446289
2022-04-01,429.75677490234375,41.63182830810547,93.76077270507812,94.92333984375
2022-04-04,433.4383850097656,42.366512298583984,93.83978271484375,94.45938873291016
2022-04-05,427.9634094238281,41.58647918701172,92.89122009277344,93.99541473388672
2022-04-06,423.6839904785156,41.042266845703125,92.65408325195312,95.11236572265625
2022-04-07,425.8189697265625,40.71574783325195,92.45208740234375,94.16725158691406
2022-04-08,424.6803894042969,40.75202941894531,91.9865493774414,94.3218994140625
2022-04-11,417.4216613769531,40.24409866333008,91.59127807617188,93.30805969238281
2022-04-12,415.875,40.117122650146484,91.88114166259766,93.17059326171875
2022-04-13,420.63824462890625,40.643192291259766,92.06559753417969,93.83214569091797
2022-04-14,415.40057373046875,40.117122650146484,91.31903839111328,93.42835235595703
2022-04-18,415.57135009765625,39.9810676574707,91.03797149658203,93.05030822753906
2022-04-19,422.27978515625,39.781524658203125,90.48462677001953,95.07799530029297
2022-04-20,421.9666748046875,39.54570388793945,91.0028305053711,96.65892028808594
2022-04-21,415.65679931640625,38.783809661865234,90.5022201538086,95.98870849609375
2022-04-22,404.2514343261719,38.439151763916016,90.41434478759766,94.30471801757812
2022-04-25,406.59515380859375,38.15797424316406,91.0203857421875,94.06416320800781
2022-04-26,394.81982421875,37.323524475097656,91.30142974853516,92.51759338378906
2022-04-27,395.9300231933594,37.758888244628906,90.93256378173828,91.9075927734375
2022-04-28,405.9309387207031,38.303096771240234,90.89743041992188,93.60018157958984
2022-04-29,390.92950439453125,38.439151763916016,90.3528823852539,89.30424499511719
2022-05-02,393.28271484375,38.384727478027344,89.86101531982422,87.14765930175781
2022-05-03,395.08551025390625,38.6659049987793,90.06341552734375,88.23023986816406
2022-05-04,407.1170349121094,39.083126068115234,90.64411163330078,89.24408721923828
2022-05-05,392.6469421386719,37.6409797668457,89.74662017822266,86.8641357421875
2022-05-06,390.30322265625,37.123985290527344,89.36830139160156,85.8331069946289
2022-05-09,377.8067626953125,36.053707122802734,89.80824279785156,82.05267333984375
2022-05-10,378.6797790527344,36.22603988647461,90.08099365234375,80.55769348144531
2022-05-11,372.66400146484375,35.97207260131836,90.41534423828125,80.38583374023438
2022-05-12,372.27496337890625,35.73625564575195,90.58252716064453,81.01305389404297
2022-05-13,381.17529296875,36.72489547729492,90.19539642333984,83.15243530273438
2022-05-16,379.6286315917969,36.579776763916016,90.39773559570312,82.6283187866211
2022-05-17,387.4377136230469,37.477718353271484,89.90504455566406,83.75385284423828
2022-05-18,371.8194580078125,36.579776763916016,90.26573944091797,81.32234954833984
2022-05-19,369.542236328125,37.16026306152344,90.4945068359375,80.96151733398438
2022-05-20,369.7035827636719,37.314449310302734,90.76728820800781,81.47699737548828
2022-05-23,376.6207275390625,37.59562683105469,90.4681625366211,82.42212677001953
2022-05-24,373.7456970214844,36.94257736206055,91.16327667236328,83.11805725097656
2022-05-25,377.0476989746094,37.123985290527344,91.54158782958984,83.82260131835938
2022-05-26,384.5816650390625,37.704471588134766,91.47118377685547,83.92569732666016
2022-05-27,394.0228576660156,38.139835357666016,91.62076568603516,86.17677307128906
2022-05-31,391.8119201660156,38.67497634887695,91.0400619506836,85.11996459960938
2022-06-01,388.6427307128906,38.402870178222656,90.66630554199219,84.41544342041016
2022-06-02,396.0438537597656,39.06498336791992,90.78089904785156,85.57534790039062
2022-06-03,389.544189453125,38.430076599121094,90.63109588623047,84.43262481689453
2022-06-06,390.73028564453125,38.6386833190918,90.07574462890625,84.1662826538086
2022-06-07,394.478271484375,38.756595611572266,90.41950225830078,85.32617950439453
2022-06-08,390.18939208984375,38.965213775634766,90.04930114746094,83.35862731933594
2022-06-09,380.90960693359375,38.04317855834961,89.95235443115234,81.38249969482422
2022-06-10,369.8648376464844,37.62240982055664,89.25598907470703,79.57820129394531
2022-06-13,355.82171630859375,36.30521011352539,87.79277801513672,75.60014343261719
2022-06-14,354.74945068359375,36.80830764770508,87.272705078125,75.02449798583984
2022-06-15,359.8070068359375,37.29310989379883,88.2423324584961,76.80302429199219
2022-06-16,347.8988037109375,36.14970779418945,88.45384979248047,74.7839126586914
2022-06-17,348.64874267578125,36.28691482543945,88.44505310058594,75.35098266601562
2022-06-21,357.42547607421875,36.87233352661133,88.09247589111328,76.39920043945312
2022-06-22,356.7774963378906,36.2137336730957,88.84172058105469,77.37008666992188
2022-06-23,360.27490234375,36.3234977722168,89.21192169189453,78.84001159667969
2022-06-24,371.7293701171875,37.18334197998047,89.0708999633789,80.51744842529297
2022-06-27,370.3094787597656,37.22908401489258,88.67422485351562,80.39640808105469
2022-06-28,362.7430419921875,37.00039291381836,88.7094955444336,79.41932678222656
2022-06-29,362.4476013183594,36.854042053222656,89.22073364257812,78.92646789550781
2022-06-30,359.5029602050781,36.68024444580078,89.626220703125,78.77947998046875
2022-07-01,363.3052062988281,36.45156478881836,90.37328338623047,80.19751739501953
2022-07-05,363.9913024902344,36.16800308227539,90.54106903076172,79.97271728515625
2022-07-06,365.2206726074219,35.948463439941406,89.93175506591797,79.82572174072266
2022-07-07,370.6906433105469,36.67109680175781,89.72865295410156,80.04190826416016
2022-07-08,370.38568115234375,36.67109680175781,89.39307403564453,79.61820220947266
2022-07-11,366.1545715332031,35.692352294921875,89.80810546875,79.44526672363281
2022-07-12,362.9145202636719,35.55514144897461,89.93175506591797,79.13397979736328
2022-07-13,361.0085754394531,35.47281265258789,90.2584457397461,78.75354766845703
2022-07-14,360.1318359375,35.15266418457031,89.94058227539062,78.04451751708984
2022-07-15,367.0123291015625,35.33561325073242,90.29379272460938,79.36744689941406
2022-07-18,363.9818420410156,35.582576751708984,90.00239562988281,78.80542755126953
2022-07-19,373.81640625,36.16800308227539,89.8787612915039,80.84601593017578
2022-07-20,376.1987609863281,36.01250076293945,89.8169174194336,80.65579223632812
2022-07-21,380.0296325683594,36.42411804199219,90.56754302978516,81.29566192626953
2022-07-22,376.50372314453125,36.058231353759766,91.27400970458984,81.71932983398438
2022-07-25,376.9610595703125,36.18629837036133,90.93844604492188,81.8576889038086
2022-07-26,372.5013427734375,35.90273666381836,90.92076873779297,81.94415283203125
2022-07-27,382.1737976074219,36.57048034667969,91.23868560791016,82.43701171875
2022-07-28,386.96722412109375,36.725982666015625,91.89215850830078,85.10881805419922
2022-07-29,392.608642578125,36.55218505859375,91.90100860595703,85.56709289550781
2022-08-01,391.44610595703125,36.241172790527344,92.21949768066406,84.87535095214844
2022-08-02,388.8635559082031,36.0673828125,91.2728042602539,83.78587341308594
2022-08-03,394.95294189453125,36.350948333740234,91.6797866821289,84.05391693115234
2022-08-04,394.6861877441406,36.60706329345703,91.90100860595703,83.9242172241211
2022-08-05,394.01904296875,36.64365768432617,90.8746337890625,84.1576919555664
2022-08-08,393.5616455078125,36.689388275146484,91.29047393798828,84.9099349975586
2022-08-09,391.99884033203125,36.55218505859375,91.08698272705078,85.3768539428711
2022-08-10,400.2322998046875,37.00954818725586,91.31706237792969,86.6738510131836
2022-08-11,400.2322998046875,37.15589904785156,90.83042907714844,86.46633911132812
2022-08-12,407.00787353515625,37.549232482910156,91.2374038696289,87.95356750488281
2022-08-15,408.6850280761719,37.37543487548828,91.35244750976562,88.30805969238281
2022-08-16,409.4855651855469,37.36628341674805,91.2197265625,88.07461547851562
2022-08-17,406.5790100097656,37.210777282714844,90.68000793457031,87.54718017578125
2022-08-18,407.76068115234375,37.00039291381836,90.8746337890625,86.96784210205078
2022-08-19,402.2811584472656,36.4973030090332,90.23760986328125,86.05130767822266
2022-08-22,393.90472412109375,36.177146911621094,89.84832763671875,84.17498016357422
2022-08-23,392.95172119140625,36.36923599243164,89.81293487548828,83.09416198730469
2022-08-24,394.2096252441406,36.36009216308594,89.57403564453125,83.56971740722656
2022-08-25,399.7749328613281,37.146759033203125,90.06953430175781,84.81481170654297
2022-08-26,386.2429504394531,36.597923278808594,89.90139770507812,82.67912292480469
2022-08-29,383.6889953613281,36.36923599243164,89.46786499023438,81.93550109863281
2022-08-30,379.4769287109375,35.9393310546875,89.5829086303711,80.80278778076172
2022-08-31,376.5894775390625,36.0673828125,89.10509490966797,80.4223403930664
2022-09-01,377.7711181640625,35.78382110595703,88.71858215332031,80.56932830810547
2022-09-02,373.7878112792969,35.45452117919922,88.9756851196289,79.44526672363281
2022-09-06,372.3774108886719,35.03375244140625,88.14229583740234,80.16293334960938
2022-09-07,379.067138671875,35.34475326538086,88.75403594970703,81.72798156738281
2022-09-08,381.54486083984375,35.15266418457031,88.47032165527344,81.95278930664062
2022-09-09,387.47222900390625,35.67405319213867,88.46145629882812,82.84339904785156
2022-09-12,391.6366271972656,36.204593658447266,88.32847595214844,83.64752197265625
2022-09-13,374.6073303222656,35.08863830566406,87.83201599121094,80.44828033447266
2022-09-14,376.0367431640625,35.26243209838867,87.9472427368164,79.53173828125
2022-09-15,371.7674865722656,34.88739013671875,87.6812973022461,78.06180572509766
2022-09-16,368.9313049316406,34.56724548339844,87.6192398071289,78.07046508789062
2022-09-19,371.7923583984375,34.67700958251953,87.4862289428711,77.95805358886719
2022-09-20,367.52471923828125,34.48492431640625,87.09617614746094,76.0644302368164
2022-09-21,361.1137390136719,33.90863800048828,87.37098693847656,74.86255645751953
2022-09-22,358.0803527832031,33.743995666503906,86.4400863647461,73.91143035888672
2022-09-23,352.080810546875,32.911598205566406,86.17414093017578,72.92901611328125
2022-09-26,348.59783935546875,32.50912094116211,85.06587982177734,70.8837890625
2022-09-27,347.70794677734375,32.472537994384766,84.70243072509766,69.93984985351562
2022-09-28,354.5495300292969,32.756103515625,86.0677490234375,71.39073181152344
2022-09-29,347.1433410644531,32.02431869506836,85.6155776977539,69.29305267333984
2022-09-30,341.7752990722656,31.90540885925293,85.41167449951172,70.07093811035156
2022-10-03,350.798583984375,32.42680740356445,86.1056137084961,71.32080841064453
2022-10-04,361.6687316894531,33.48787307739258,86.33661651611328,72.76295471191406
2022-10-05,360.8266296386719,33.506168365478516,85.88346862792969,71.33829498291016
2022-10-06,357.1044006347656,33.30492401123047,85.54583740234375,69.35423278808594
2022-10-07,347.1433410644531,32.60974884033203,85.09268188476562,67.68485260009766
2022-10-10,344.49285888671875,32.15238571166992,84.71066284179688,67.04679870605469
2022-10-11,342.3111572265625,31.640146255493164,84.7639389038086,67.72853088378906
2022-10-12,341.1820983886719,31.676734924316406,84.83506774902344,67.02058410644531
2022-10-13,350.18621826171875,31.76820182800293,84.56846618652344,68.24422454833984
2022-10-14,342.2059326171875,31.29254722595215,84.10645294189453,66.54859924316406
2022-10-17,350.99957275390625,32.15238571166992,84.28416442871094,69.05706024169922
2022-10-18,355.1236877441406,32.16153335571289,84.42631530761719,69.8087387084961
2022-10-19,352.6071472167969,31.576114654541016,83.6977310180664,68.06941986083984
2022-10-20,349.6503601074219,31.7773494720459,83.1912841796875,67.77224731445312
2022-10-21,358.1473693847656,32.262149810791016,83.31568908691406,68.30540466308594
2022-10-24,362.52984619140625,31.03643226623535,83.20018768310547,68.29666137695312
2022-10-25,368.3189392089844,31.29254722595215,84.01761627197266,70.97991943359375
2022-10-26,365.5439453125,31.804786682128906,84.39078521728516,70.93622589111328
2022-10-27,363.592041015625,31.55781364440918,84.81725311279297,71.04112243652344
2022-10-28,372.2420654296875,31.365726470947266,84.60403442382812,72.60562896728516
2022-10-31,369.5533142089844,31.274250030517578,84.31971740722656,72.5269775390625
2022-11-01,367.93621826171875,31.850526809692383,84.47645568847656,72.50074005126953
2022-11-02,358.7023620605469,31.58526039123535,84.33395385742188,70.50794982910156
2022-11-03,355.0088806152344,31.76820182800293,84.02226257324219,70.41179656982422
2022-11-04,360.1185607910156,33.11283493041992,84.01335906982422,71.37324523925781
2022-11-07,363.5632629394531,33.13113784790039,83.74620056152344,71.37324523925781
2022-11-08,365.52484130859375,33.368961334228516,84.10240936279297,71.59174346923828
2022-11-09,357.9942321777344,32.792686462402344,84.20037078857422,70.8575668334961
2022-11-10,377.6676025390625,33.9818229675293,86.00814819335938,76.04055786132812
2022-11-11,381.3227844238281,34.90569305419922,85.94583892822266,76.03181457519531
2022-11-14,378.07904052734375,34.6953010559082,85.70539093017578,74.17887115478516
2022-11-15,381.3036804199219,35.491111755371094,86.33768463134766,74.98297882080078
2022-11-16,378.3948059082031,34.923980712890625,86.87197875976562,74.30123901367188
2022-11-17,377.2369689941406,34.988014221191406,86.50687408447266,73.79429626464844
2022-11-18,378.94976806640625,34.78677749633789,86.38219451904297,74.72952270507812
2022-11-21,377.5719299316406,34.34770965576172,86.32877349853516,75.12284088134766
2022-11-22,382.6528625488281,34.43003463745117,86.7740478515625,75.53362274169922
2022-11-23,385.064208984375,34.713600158691406,87.2905044555664,75.59481048583984
2022-11-25,384.9781188964844,34.5489501953125,87.30833435058594,76.07552337646484
2022-11-28,378.8349304199219,34.3934440612793,87.16586303710938,74.03903198242188
2022-11-29,378.1842956542969,35.13436508178711,86.8541488647461,75.2626724243164
2022-11-30,390.0973815917969,36.14970779418945,87.53096008300781,76.9845199584961
2022-12-01,389.8102722167969,36.030792236328125,88.25933837890625,76.81844329833984
2022-12-02,389.360595703125,36.16800308227539,88.62528228759766,76.59121704101562
2022-12-05,382.3562316894531,35.75638198852539,87.92906188964844,75.19276428222656
2022-12-06,376.84466552734375,35.71064376831055,88.18794250488281,74.48478698730469
2022-12-07,376.2035217285156,35.50025939941406,88.97341918945312,74.63338470458984
2022-12-08,379.15069580078125,35.930171966552734,88.70562744140625,75.15778350830078
2022-12-09,376.318359375,35.692352294921875,88.17900848388672,75.0179443359375
2022-12-12,381.7438049316406,35.582576751708984,88.19684600830078,75.59481048583984
2022-12-13,384.633544921875,35.837032318115234,88.78596496582031,76.9932632446289
2022-12-14,382.1744384765625,35.85560989379883,88.9823226928711,76.46884155273438
2022-12-15,372.8257751464844,35.02909851074219,89.11293029785156,75.44622802734375
2022-12-16,368.4242248535156,35.131256103515625,88.88035583496094,73.49713134765625
2022-12-19,365.300048828125,35.159114837646484,88.33462524414062,72.56192016601562
2022-12-20,365.7999572753906,35.14982604980469,87.7352294921875,72.37837219238281
2022-12-21,371.26953125,35.46556854248047,87.976806640625,72.99893188476562
2022-12-22,365.9729309082031,35.14982604980469,87.949951171875,72.69224548339844
2022-12-23,368.0780944824219,35.1033935546875,87.64575958251953,73.33931732177734
2022-12-27,366.6266174316406,35.623443603515625,87.01058959960938,73.3127212524414
2022-12-28,362.0701904296875,35.1033935546875,86.85848999023438,72.06291961669922
2022-12-29,368.587646484375,35.688453674316406,87.1805648803711,73.64067840576172
2022-12-30,367.61669921875,35.19626235961914,86.76904296875,73.10884857177734
2023-01-03,366.0690612792969,35.493431091308594,87.27896118164062,73.17975616455078
2023-01-04,368.8951721191406,36.56139373779297,87.76207733154297,74.83729553222656
2023-01-05,364.6848449707031,36.449951171875,87.69051361083984,72.8252182006836
2023-01-06,373.0478515625,37.21145248413086,88.64775085449219,74.78412628173828
2023-01-09,372.8363952636719,37.49005126953125,88.87141418457031,74.81071472167969
2023-01-10,375.4510498046875,37.75936508178711,88.53143310546875,74.97911834716797
2023-01-11,380.19964599609375,37.917240142822266,89.07717895507812,77.66485595703125
2023-01-12,381.5838623046875,38.10296630859375,89.72128295898438,78.64874267578125
2023-01-13,383.0643005371094,38.353702545166016,89.39028930664062,78.1612319946289
2023-01-17,382.36248779296875,38.14011764526367,89.2292251586914,78.38282775878906
2023-01-18,376.32574462890625,37.880088806152344,90.11492919921875,77.23939514160156
2023-01-19,373.5862121582031,38.16796875,89.9091567993164,76.81392669677734
2023-01-20,380.5458068847656,38.75303649902344,89.54236602783203,77.7269058227539
2023-01-23,385.11175537109375,39.0316276550293,89.31871795654297,78.08147430419922
2023-01-24,384.6983947753906,39.05949020385742,89.71234893798828,78.27645874023438
2023-01-25,384.8425598144531,39.09663009643555,89.81967163085938,78.31190490722656
2023-01-26,389.0721740722656,39.468101501464844,89.6676025390625,79.18943786621094
2023-01-27,389.96612548828125,39.28236770629883,89.53341674804688,80.07582092285156
2023-01-30,385.0733337402344,38.49300765991211,89.29188537597656,79.05647277832031
2023-01-31,390.73516845703125,38.409427642822266,89.65867614746094,80.7140121459961
2023-02-01,394.8877868652344,38.8830451965332,90.2908935546875,81.21040344238281
2023-02-02,400.63616943359375,38.650875091552734,90.38955688476562,83.05406188964844
2023-02-03,396.37774658203125,37.96366500854492,89.51966094970703,81.49403381347656
2023-02-06,393.9553527832031,37.406471252441406,89.02639770507812,80.90016174316406
2023-02-07,399.1077880859375,37.555057525634766,88.87396240234375,80.7228775024414
2023-02-08,394.7435607910156,37.508628845214844,88.99951171875,80.34173583984375
2023-02-09,391.321533203125,37.68507385253906,88.64976501464844,79.4642105102539
2023-02-10,392.2347106933594,37.32289505004883,88.26412200927734,79.73899841308594
2023-02-13,396.8391418457031,37.62935256958008,88.53315734863281,80.44808959960938
2023-02-14,396.65655517578125,37.56434631347656,88.21927642822266,79.8099136352539
2023-02-15,397.94464111328125,37.24860382080078,88.0489273071289,80.1290054321289
2023-02-16,392.4654235839844,37.25788879394531,87.68120574951172,79.34898376464844
2023-02-17,391.48492431640625,36.849281311035156,87.887451171875,79.03873443603516
2023-02-21,383.63140869140625,36.38494873046875,87.06239318847656,77.45211029052734
2023-02-22,383.1026611328125,36.208499908447266,87.29553985595703,76.75187683105469
2023-02-23,385.1405944824219,36.38494873046875,87.60944366455078,77.3280258178711
2023-02-24,381.0263671875,35.567726135253906,87.10723876953125,75.97186279296875
2023-02-27,382.3240966796875,35.75345230102539,87.27762603759766,76.08710479736328
2023-02-28,380.9110412597656,35.502716064453125,87.26864624023438,75.98072814941406
2023-03-01,379.44989013671875,36.264217376708984,86.76882934570312,75.0234375
2023-03-02,382.4009704589844,36.39423370361328,86.58904266357422,75.90094757080078
2023-03-03,388.5338439941406,36.71926498413086,87.27225494384766,77.05326843261719
2023-03-06,388.802978515625,36.58925247192383,87.05650329589844,76.75187683105469
2023-03-07,382.8431396484375,35.97633743286133,86.93962097167969,74.96139526367188
2023-03-08,383.468017578125,36.12491989135742,86.84974670410156,75.82117462158203
2023-03-09,376.3930969238281,35.326271057128906,87.16439056396484,74.08386993408203
2023-03-10,370.9619140625,35.14054489135742,88.18022918701172,71.62857818603516
2023-03-13,370.43316650390625,35.19626235961914,88.88143157958984,72.56815338134766
2023-03-14,376.5565185546875,35.2148323059082,88.36002349853516,73.26840209960938
2023-03-15,374.20135498046875,34.61119842529297,89.24100494384766,73.2152099609375
2023-03-16,380.766845703125,35.14054489135742,88.89041900634766,73.0556640625
2023-03-17,376.3146057128906,34.92695236206055,89.44778442382812,71.39813995361328
2023-03-20,379.93310546875,35.05695724487305,89.08818817138672,72.2136001586914
2023-03-21,384.921875,35.37270736694336,88.81846618652344,71.8945083618164
2023-03-22,378.3603210449219,35.512001037597656,89.67253875732422,69.20877075195312
2023-03-23,379.3830871582031,36.00419616699219,89.88825988769531,68.7744369506836
2023-03-24,381.8726501464844,35.91133117675781,90.04108428955078,70.53812408447266
2023-03-27,382.586669921875,35.71630859375,89.0701904296875,70.45752716064453
2023-03-28,381.7279052734375,36.22706985473633,88.93536376953125,70.28743743896484
2023-03-29,387.27630615234375,36.3292236328125,89.0432357788086,71.84520721435547
2023-03-30,389.5439147949219,36.6913948059082,89.14212799072266,72.78523254394531
2023-03-31,395.0343933105469,36.64496994018555,89.57361602783203,74.34300231933594
2023-04-03,396.53961181640625,36.71926498413086,89.96296691894531,73.75212860107422
2023-04-04,394.339599609375,36.71926498413086,90.29643249511719,73.65364837646484
2023-04-05,393.30712890625,36.43137741088867,90.60283660888672,73.25971984863281
2023-04-06,394.8413391113281,36.5799674987793,90.521728515625,73.76106262207031
2023-04-10,395.24658203125,36.61711120605469,89.89990234375,74.10128021240234
2023-04-11,395.3527526855469,36.839988708496094,89.95397186279297,74.41461944580078
2023-04-12,393.7413024902344,36.5799674987793,90.06208801269531,74.0565185546875
2023-04-13,398.9713134765625,37.081443786621094,90.02605438232422,73.83270263671875
2023-04-14,397.9967346191406,36.886417388916016,89.5844497680664,72.68675994873047
2023-04-17,399.42474365234375,37.04429626464844,89.13379669189453,74.19975280761719
2023-04-18,399.6853332519531,36.997859954833984,89.26000213623047,74.0296630859375
2023-04-19,399.6178283691406,36.62639617919922,89.12480926513672,74.46834564208984
2023-04-20,397.4369812011719,36.570682525634766,89.53034973144531,73.73422241210938
2023-04-21,397.745849609375,36.22706985473633,89.37715148925781,73.7431869506836
2023-04-24,398.1607666015625,36.14349365234375,89.72864532470703,73.46564483642578
2023-04-25,391.84039306640625,35.46556854248047,90.28740692138672,72.74046325683594
2023-04-26,390.18072509765625,35.66987991333008,89.95397186279297,72.04216766357422
2023-04-27,397.94842529296875,36.15278244018555,89.6294937133789,73.67155456542969
2023-04-28,401.3450012207031,36.33851623535156,90.08914184570312,74.57576751708984
2023-05-01,400.939697265625,36.2177848815918,89.16667175292969,74.02069854736328
2023-05-02,396.43353271484375,35.86489486694336,90.03404235839844,72.76732635498047
2023-05-03,393.71234130859375,35.80917739868164,90.43157958984375,72.4808578491211
2023-05-04,390.9237365722656,36.09706115722656,90.32315826416016,73.08065795898438
2023-05-05,398.1607666015625,36.5799674987793,90.03404235839844,74.29823303222656
2023-05-08,398.266845703125,36.59853744506836,89.53710174560547,73.86849975585938
2023-05-09,396.5203552246094,36.37565994262695,89.45579528808594,73.55517578125
2023-05-10,398.37298583984375,36.35708999633789,90.03404235839844,74.26242065429688
2023-05-11,397.67822265625,36.22706985473633,90.30508422851562,73.44772338867188
2023-05-12,397.1571960449219,35.799888610839844,89.79911041259766,73.43876647949219
2023-05-15,398.5273742675781,36.459232330322266,89.5732650756836,73.3134536743164
2023-05-16,395.86419677734375,36.199214935302734,89.36542510986328,71.47814178466797
2023-05-17,400.6695861816406,36.366371154785156,89.22991180419922,72.44502258300781
2023-05-18,404.529296875,36.171356201171875,88.81430053710938,72.09588623046875
2023-05-19,403.940673828125,36.199214935302734,88.61553192138672,71.9794921875
2023-05-22,404.104736328125,36.49637985229492,88.53421020507812,72.41816711425781
2023-05-23,399.56951904296875,35.929901123046875,88.63359832763672,71.73777770996094
2023-05-24,396.67474365234375,35.660587310791016,88.40772247314453,70.19791412353516
2023-05-25,400.1098937988281,35.58629608154297,88.08247375488281,70.18895721435547
2023-05-26,405.29156494140625,36.2177848815918,88.15471649169922,70.99470520019531
2023-05-30,405.4460144042969,35.799888610839844,88.74203491210938,71.26327514648438
2023-05-31,403.1976623535156,35.46556854248047,89.05824279785156,71.62139129638672
2023-06-01,407.02850341796875,36.09706115722656,89.32818603515625,71.63033294677734
2023-06-02,412.9145812988281,36.71926498413086,88.85714721679688,73.3760986328125
2023-06-05,412.1233215332031,36.7099723815918,88.84809112548828,72.86580657958984
2023-06-06,413.02069091796875,37.03501510620117,88.95677185058594,73.56412506103516
2023-06-07,411.59259033203125,36.87590026855469,88.48573303222656,74.91596984863281
2023-06-08,414.08209228515625,37.13796615600586,88.95677185058594,74.45042419433594
2023-06-09,414.8251037597656,37.30643081665039,88.7484130859375,74.02069854736328
2023-06-12,418.5884094238281,37.38130569458008,88.90242767333984,74.03860473632812
2023-06-13,421.3481140136719,37.75568389892578,88.48573303222656,74.51310729980469
2023-06-14,421.84991455078125,38.03645706176758,88.56726837158203,74.79061889648438
2023-06-15,427.0798034667969,38.39211654663086,89.1832504272461,75.18455505371094
2023-06-16,425.62506103515625,38.26108169555664,88.90242767333984,75.13082885742188
2023-06-20,423.4168701171875,37.51233673095703,89.06549835205078,74.2445297241211
2023-06-21,421.2473449707031,37.33450698852539,89.21041107177734,73.79688262939453
2023-06-22,422.7679748535156,37.2034797668457,88.7484130859375,72.74046325683594
2023-06-23,419.57183837890625,36.6606330871582,89.01114654541016,71.73777770996094
2023-06-26,417.85760498046875,36.78230285644531,89.11983489990234,73.39401245117188
2023-06-27,422.43865966796875,37.156681060791016,88.94772338867188,74.29823303222656
2023-06-28,422.6517639160156,36.93205261230469,89.21041107177734,74.40567016601562
2023-06-29,424.3175964355469,36.73550796508789,88.52196502685547,75.23680114746094
2023-06-30,429.3247985839844,37.0256462097168,88.73031616210938,75.65328216552734
2023-07-03,429.81878662109375,37.43746566772461,88.62586975097656,76.39569091796875
2023-07-05,429.1795349121094,37.212833404541016,88.22623443603516,76.56771087646484
2023-07-06,425.8187255859375,36.45472717285156,87.65406799316406,75.97921752929688
2023-07-07,424.7437438964844,36.866539001464844,87.67222595214844,75.80719757080078
2023-07-10,425.8187255859375,36.894622802734375,87.91742706298828,76.13312530517578
2023-07-11,428.53070068359375,37.26898956298828,88.1081771850586,77.21957397460938
2023-07-12,431.97857666015625,38.10197830200195,88.82566833496094,77.63605499267578
2023-07-13,435.4071350097656,38.598026275634766,89.37970733642578,78.1340103149414
2023-07-14,435.13592529296875,38.38275146484375,88.95282745361328,77.98009490966797
2023-07-17,436.6468200683594,38.4295539855957,89.05274963378906,77.47308349609375
2023-07-18,439.8913879394531,38.148773193359375,89.12541198730469,77.04756164550781
2023-07-19,440.86956787109375,38.07389450073242,89.39787292480469,77.9167251586914
2023-07-20,437.9446716308594,37.793113708496094,88.93466186523438,77.66322326660156
2023-07-21,437.9446716308594,37.736961364746094,88.99821472167969,78.02537536621094
2023-07-24,439.90106201171875,38.25172805786133,88.8347396850586,78.66818237304688
2023-07-25,441.1019592285156,38.569942474365234,88.73484802246094,78.10684204101562
2023-07-26,441.1697692871094,38.79457092285156,89.02549743652344,78.4599380493164
2023-07-27,438.2448425292969,38.31724166870117,88.2625961303711,76.75782775878906
2023-07-28,442.535400390625,39.24381637573242,88.60768127441406,76.69447326660156
2023-07-31,443.3780212402344,39.26253890991211,88.7166976928711,77.1924057006836
2023-08-01,442.1092529296875,38.7664909362793,88.12928771972656,77.06566619873047
2023-08-02,435.9591979980469,37.839908599853516,87.91980743408203,76.62203216552734
2023-08-03,434.7098083496094,37.989662170410156,87.3278579711914,75.78907012939453
2023-08-04,432.74365234375,37.942867279052734,88.04729461669922,75.17341613769531
2023-08-07,436.5208740234375,37.88670349121094,88.06553649902344,76.11502075195312
2023-08-08,434.6226806640625,37.428104400634766,88.27500915527344,75.6261215209961
2023-08-09,431.71710205078125,37.52169418334961,88.33876037597656,75.61705780029297
2023-08-10,431.8720397949219,37.57785415649414,87.76500701904297,75.32733917236328
2023-08-11,431.6201477050781,37.0256462097168,87.4917984008789,75.44503784179688
2023-08-14,434.00274658203125,36.84782028198242,87.42804718017578,74.94708251953125
2023-08-15,428.9471435546875,36.42665100097656,87.19125366210938,74.10508728027344
2023-08-16,425.7994079589844,36.09907150268555,86.98180389404297,73.19065856933594
2023-08-17,422.5549011230469,36.18330383300781,86.8907241821289,72.6021499633789
2023-08-18,422.7582702636719,35.939964294433594,87.08197784423828,72.82850646972656
2023-08-21,425.50885009765625,36.024200439453125,86.64484405517578,72.15851593017578
2023-08-22,424.3563232421875,35.94932174682617,86.73590850830078,72.36676025390625
2023-08-23,429.0826721191406,36.52024841308594,87.56466674804688,73.50753784179688
2023-08-24,423.135986328125,36.379852294921875,87.36430358886719,73.22686767578125
2023-08-25,426.11907958984375,36.41728973388672,87.30965423583984,73.28118133544922
2023-08-28,428.82122802734375,36.77294921875,87.50090789794922,73.96926879882812
2023-08-29,435.0196838378906,37.24091720581055,88.06553649902344,74.86561584472656
2023-08-30,436.8114929199219,37.119239807128906,88.02912902832031,75.13722229003906
2023-08-31,436.1722717285156,36.6606330871582,88.15660095214844,74.58492279052734
2023-09-01,436.9858093261719,37.09116744995117,87.70004272460938,74.71168518066406
2023-09-05,435.0971984863281,36.791664123535156,87.22518157958984,73.84252166748047
2023-09-06,432.17230224609375,36.58576202392578,87.14299774169922,73.68861389160156
2023-09-07,430.84539794921875,36.15522766113281,87.41694641113281,74.15034484863281
2023-09-08,431.4942932128906,36.230098724365234,87.46260833740234,73.86063385009766
2023-09-11,434.33203125,36.679351806640625,87.36215209960938,73.86968994140625
2023-09-12,431.9494934082031,36.56704330444336,87.3895492553711,73.8334732055664
2023-09-13,432.4530944824219,36.52024841308594,87.51741027832031,73.0276870727539
2023-09-14,436.1819152832031,36.763587951660156,87.39869689941406,74.34952545166016
2023-09-15,430.9266052246094,36.623199462890625,87.19776916503906,74.06885528564453
2023-09-18,431.179443359375,36.57640075683594,87.32563018798828,73.4079360961914
2023-09-19,430.28515625,36.36113357543945,87.06995391845703,73.07294464111328
2023-09-20,426.3294677734375,36.21138381958008,87.0242919921875,73.13634490966797
2023-09-21,419.28289794921875,35.58430862426758,86.43074035644531,70.64653778076172
2023-09-22,418.3401184082031,36.0054817199707,86.7959976196289,70.11238861083984
2023-09-25,420.0993347167969,35.84637451171875,86.11113739013672,70.04899597167969
2023-09-26,413.9275207519531,35.34096145629883,86.00154876708984,68.77242279052734
2023-09-27,414.0927429199219,35.39712142944336,85.70021057128906,68.31067657470703
2023-09-28,416.4934387207031,35.4907112121582,85.95590209960938,68.96614837646484
2023-09-29,415.4826354980469,35.518795013427734,85.87372589111328,69.16726684570312
2023-10-02,415.3174133300781,35.34096145629883,85.27577209472656,67.89653778076172
2023-10-03,409.7579345703125,34.872989654541016,84.60733795166016,66.57098388671875
2023-10-04,412.7418212890625,34.77004623413086,85.20254516601562,67.38459014892578
2023-10-05,412.58624267578125,34.90107345581055,85.25747680664062,67.75941467285156
2023-10-06,417.48480224609375,35.40647888183594,84.9278335571289,67.94224548339844
2023-10-09,420.15765380859375,35.238014221191406,85.80687713623047,68.6827392578125
2023-10-10,422.34454345703125,35.743412017822266,85.72444152832031,69.0118408203125
2023-10-11,424.0745544433594,35.968040466308594,86.11820220947266,70.20943450927734
2023-10-12,421.4891662597656,35.565589904785156,85.37647247314453,69.18553924560547
2023-10-13,419.3898010253906,35.4345588684082,85.74274444580078,69.0118408203125
2023-10-16,423.8024597167969,35.696617126464844,85.2666244506836,69.83460998535156
2023-10-17,423.782958984375,35.603023529052734,84.65312194824219,69.73405456542969
2023-10-18,418.1360168457031,35.0601806640625,84.25939178466797,68.25308227539062
2023-10-19,414.4621276855469,34.854278564453125,83.93891906738281,66.63497161865234
2023-10-20,409.3691711425781,34.43310546875,84.24108123779297,66.18701934814453
2023-10-23,408.65960693359375,34.40502166748047,84.57069396972656,65.5379638671875
2023-10-24,411.74072265625,34.84492111206055,84.87287902832031,66.37899017333984
2023-10-25,405.831298828125,34.38631057739258,84.24108123779297,64.95286560058594
2023-10-26,400.9715881347656,34.217838287353516,84.80880737304688,66.1961669921875
2023-10-27,399.15411376953125,34.18975830078125,84.78133392333984,65.13571166992188
2023-10-30,403.92633056640625,34.54541778564453,84.57987976074219,65.5470962524414
2023-10-31,406.463134765625,34.348873138427734,84.52494812011719,66.66239166259766
2023-11-01,410.79791259765625,34.667091369628906,85.4589614868164,67.07377624511719
2023-11-02,418.67059326171875,35.275447845458984,85.97327423095703,69.27696228027344
2023-11-03,422.49029541015625,35.996116638183594,86.49676513671875,70.931640625
2023-11-06,423.46221923828125,36.286258697509766,86.06512451171875,69.90776824951172
2023-11-07,424.66741943359375,36.22074508666992,86.52434539794922,69.3318099975586
2023-11-08,424.9784240722656,35.97739791870117,86.81822204589844,69.56034851074219
2023-11-09,421.6641845703125,35.64046096801758,86.09268951416016,68.46334075927734
2023-11-10,428.2441101074219,35.89316940307617,86.29471588134766,69.10326385498047
2023-11-13,427.8359069824219,35.88380432128906,86.28556060791016,68.52733612060547
2023-11-14,436.1362609863281,36.83845901489258,87.36927032470703,72.33033752441406
2023-11-15,437.0596008300781,37.147315979003906,86.82740020751953,72.54061126708984
2023-11-16,437.5941467285156,36.791664123535156,87.30497741699219,72.38520050048828
2023-11-17,438.138427734375,36.83845901489258,87.4794692993164,72.33033752441406
2023-11-20,441.5110778808594,37.29706954956055,87.61727142333984,72.86055755615234
2023-11-21,440.54876708984375,37.063087463378906,87.70909881591797,72.34862518310547
2023-11-22,442.2496337890625,36.98821258544922,87.79175567626953,72.70516204833984
2023-11-24,442.5218505859375,37.00693130493164,87.38765716552734,72.9154281616211
2023-11-27,441.7248840332031,36.857181549072266,87.88359069824219,73.18053436279297
2023-11-28,442.1622314453125,37.166038513183594,88.26931762695312,73.66505432128906
2023-11-29,441.8511657714844,36.950775146484375,88.70098876953125,74.177001953125
2023-11-30,443.5909729003906,37.0256462097168,88.40709686279297,74.71636199951172
2023-12-01,446.2151794433594,37.18476104736328,89.1844711303711,76.55387878417969
2023-12-04,443.872802734375,36.763587951660156,88.84368133544922,77.11152648925781
2023-12-05,443.7853698730469,36.538963317871094,89.43312072753906,76.5995864868164
2023-12-06,441.99700927734375,36.49216842651367,89.66339111328125,76.37104797363281
2023-12-07,445.36962890625,36.66999435424805,89.69103240966797,76.59043884277344
2023-12-08,447.28436279296875,36.51087951660156,89.2397232055664,76.46245574951172
2023-12-11,449.02410888671875,36.72615051269531,89.24893188476562,76.6727294921875
2023-12-12,451.07489013671875,36.73550796508789,89.51603698730469,76.62702178955078
2023-12-13,457.29522705078125,37.100521087646484,90.63968658447266,79.56153869628906
2023-12-14,458.7628479003906,37.643367767333984,91.37126159667969,81.85616302490234
2023-12-15,458.007568359375,37.418739318847656,91.1588134765625,80.70427703857422
2023-12-18,460.5838317871094,37.400020599365234,90.97407531738281,80.52145385742188
2023-12-19,463.3846130371094,37.71824264526367,91.08492279052734,81.13394927978516
2023-12-20,456.9633483886719,37.03925323486328,91.4174575805664,80.1466293334961
2023-12-21,461.2962646484375,37.73540496826172,91.40821075439453,80.85739135742188
2023-12-22,462.22332763671875,37.55421829223633,91.28812408447266,81.17203521728516
2023-12-26,464.17510986328125,37.84983825683594,91.47286987304688,81.77359008789062
2023-12-27,465.0143737792969,38.06917953491211,92.05480194091797,82.1715316772461
2023-12-28,465.1900329589844,38.364803314208984,91.85159301757812,82.75457763671875
2023-12-29,463.84332275390625,38.34573745727539,91.67608642578125,81.77359008789062
2024-01-02,461.2474365234375,37.897525787353516,91.24195861816406,82.47694396972656
2024-01-03,457.48052978515625,37.68772506713867,91.28812408447266,80.5057144165039
2024-01-04,456.00701904296875,37.563751220703125,90.91864776611328,80.35762786865234
2024-01-05,456.631591796875,37.61143112182617,90.70619201660156,80.15403747558594
2024-01-08,463.150390625,37.71633529663086,91.04795837402344,81.30160522460938
2024-01-09,462.4477844238281,37.18230056762695,91.02949523925781,80.75558471679688
2024-01-10,465.0631408691406,37.09646987915039,90.85400390625,80.84812927246094
2024-01-11,464.8581848144531,37.24905014038086,91.37126159667969,80.0985107421875
2024-01-12,465.18023681640625,37.38256072998047,91.53752136230469,80.57975006103516
2024-01-16,463.472412109375,36.47660827636719,90.85400390625,79.98745727539062
2024-01-17,460.8961486816406,35.93303298950195,90.60458374023438,78.52522277832031
2024-01-18,464.9947814941406,36.228660583496094,90.52146911621094,78.0995101928711
2024-01-19,470.79150390625,36.61011505126953,90.5399398803711,79.03423309326172
2024-01-22,471.7869567871094,36.2858772277832,90.70619201660156,79.50621032714844
2024-01-23,473.1628723144531,36.60057830810547,90.48451232910156,78.96018981933594
2024-01-24,473.6800842285156,37.01064682006836,90.28131103515625,77.83113098144531
2024-01-25,476.2564392089844,37.058326721191406,90.68772888183594,78.83061981201172
2024-01-26,475.6513671875,37.086936950683594,90.58612823486328,78.6085205078125
2024-01-29,479.4182434082031,37.10600662231445,90.94634246826172,79.12677764892578
2024-01-30,479.0473937988281,36.81037902832031,91.12185668945312,78.38639831542969
2024-01-31,471.2306823730469,36.61011505126953,91.53752136230469,77.63677215576172
2024-02-01,477.398193359375,36.96296310424805,92.05911254882812,79.04348754882812
2024-02-02,482.4239501953125,36.858062744140625,91.2160415649414,78.06248474121094
2024-02-05,480.6673889160156,36.90574264526367,90.46564483642578,76.42443084716797
2024-02-06,482.0628967285156,37.74494552612305,90.93812561035156,77.45169067382812
2024-02-07,486.08349609375,37.79262924194336,90.75283813476562,77.34065246582031
2024-02-08,486.2981872558594,37.58282470703125,90.47491455078125,77.9699478149414
2024-02-09,489.1086730957031,37.74494552612305,90.44711303710938,78.09025573730469
2024-02-12,488.8940124511719,38.04056930541992,90.46564483642578,78.10877227783203
2024-02-13,482.16046142578125,37.32534408569336,89.6318588256836,76.49848175048828
2024-02-14,486.54217529296875,37.859378814697266,90.03023529052734,77.10001373291016
2024-02-15,489.899169921875,38.04056930541992,90.2433090209961,78.8954086303711
2024-02-16,487.45947265625,38.221763610839844,89.95610809326172,78.08100128173828
2024-02-20,484.77581787109375,38.27898025512695,90.03950500488281,77.94218444824219
2024-02-21,485.2149658203125,38.34573745727539,89.77083587646484,78.37716674804688
2024-02-22,495.2567138671875,38.73672103881836,89.8449478149414,78.52522277832031
2024-02-23,495.5982971191406,38.717655181884766,90.17845916748047,78.48819732666016
2024-02-26,493.78314208984375,38.545997619628906,89.98389434814453,77.62752532958984
2024-02-27,494.70050048828125,38.622291564941406,89.86345672607422,77.72007751464844
2024-02-28,494.046630859375,38.11686325073242,90.03950500488281,78.5067138671875
2024-02-29,495.82269287109375,38.13593673706055,90.18771362304688,79.17304992675781
2024-03-01,500.4776306152344,38.60321044921875,90.62071990966797,80.11701202392578
2024-03-04,499.9408874511719,38.517391204833984,90.39769744873047,80.86664581298828
2024-03-05,494.9444274902344,38.174072265625,90.8901596069336,79.8856430053711
2024-03-06,497.452392578125,38.72719192504883,91.02953338623047,80.2835922241211
2024-03-07,502.3903503417969,38.96560287475586,91.22464752197266,80.26509857177734
2024-03-08,499.37493896484375,38.92744827270508,91.30825805664062,81.1905517578125
2024-03-11,498.9455261230469,39.01327896118164,91.2060775756836,80.80184936523438
2024-03-12,504.3128967285156,39.44241714477539,90.97380828857422,80.62602233886719
2024-03-13,503.5223693847656,39.318443298339844,90.8065414428711,80.21881866455078
2024-03-14,502.52703857421875,39.11817932128906,90.23050689697266,79.01570892333984
2024-03-15,499.07635498046875,38.87976837158203,90.22117614746094,78.83988189697266
2024-03-18,502.0424499511719,38.94652557373047,90.12825775146484,78.87689971923828
2024-03-19,504.83233642578125,38.755794525146484,90.35125732421875,78.84913635253906
2024-03-20,509.5016784667969,39.1944694519043,90.53706359863281,79.36739349365234
2024-03-21,511.1853942871094,39.24215316772461,90.60213470458984,79.94117736816406
2024-03-22,510.2163391113281,38.96560287475586,90.8901596069336,78.93501281738281
2024-03-25,508.8067321777344,38.994205474853516,90.72291564941406,78.44964599609375
2024-03-26,507.8669128417969,38.96560287475586,90.8158187866211,78.1323013305664
2024-03-27,512.1348876953125,39.032352447509766,91.1131591796875,80.14839172363281
2024-03-28,512.0370483398438,39.17539978027344,91.00167083740234,80.71774291992188
2024-04-01,511.1462097167969,39.24215316772461,90.34001159667969,79.36434936523438
2024-04-02,507.8963623046875,39.36612319946289,90.27477264404297,78.36566162109375
2024-04-03,508.4541931152344,39.394737243652344,90.33067321777344,78.44964599609375
2024-04-04,502.248046875,39.25168991088867,90.5450210571289,77.94563293457031
2024-04-05,507.494873046875,39.33751678466797,90.09770202636719,78.34698486328125
2024-04-08,507.7787170410156,39.595001220703125,90.0138168334961,79.18699645996094
2024-04-09,508.3661804199219,39.86201095581055,90.32136535644531,80.24171447753906
2024-04-10,503.2759094238281,39.318443298339844,89.24034881591797,76.91893768310547
2024-04-11,507.0740051269531,39.55685043334961,89.25897979736328,77.18026733398438
2024-04-12,500.0748291015625,38.65089416503906,89.42672729492188,76.26557922363281
2024-04-15,493.809814453125,38.4029541015625,88.88619232177734,74.96818542480469
2024-04-16,492.9092102050781,37.897525787353516,88.63459777832031,73.91348266601562
2024-04-17,489.9920654296875,37.86891555786133,89.0446548461914,73.37213897705078
2024-04-18,488.9837951660156,38.0214958190918,88.79304504394531,73.38145446777344
2024-04-19,484.71575927734375,37.86891555786133,88.88619232177734,73.73614501953125
2024-04-22,489.1795959472656,38.27898025512695,88.94212341308594,74.38949584960938
2024-04-23,494.9845275878906,38.59368133544922,89.1285171508789,75.07086181640625
2024-04-24,494.7496337890625,38.72719192504883,88.89551544189453,75.21087646484375
2024-04-25,492.8700866699219,38.813018798828125,88.6439208984375,74.7815170288086
2024-04-26,497.53948974609375,39.26122283935547,88.83961486816406,74.81884765625
2024-04-29,499.30145263671875,39.64268112182617,89.10986328125,75.58422088623047
2024-04-30,491.3919372558594,39.08957290649414,88.74644470214844,74.30550384521484
2024-05-01,489.79632568359375,39.127716064453125,89.05958557128906,74.33349609375
2024-05-02,494.3775634765625,40.13856887817383,89.46156311035156,75.3788833618164
2024-05-03,500.5055847167969,40.500953674316406,89.91961669921875,75.88289642333984
2024-05-06,505.6741638183594,40.53909683227539,89.98504638671875,75.94823455810547
2024-05-07,506.2322082519531,40.31022644042969,90.17201232910156,76.66690826416016
2024-05-08,506.2811279296875,40.31976318359375,89.98504638671875,76.02289581298828
2024-05-09,509.1982116699219,40.44373321533203,90.15331268310547,77.58162689208984
2024-05-10,509.85418701171875,40.529563903808594,89.96636199951172,77.36693572998047
2024-05-13,509.9226379394531,40.8347282409668,90.01309967041016,77.61897277832031
2024-05-14,512.26220703125,41.0540657043457,90.25614166259766,78.21631622314453
2024-05-15,518.60546875,41.492733001708984,90.85441589355469,79.29901885986328
2024-05-16,517.5385131835938,41.57856369018555,90.75160217285156,79.2430191040039
2024-05-17,518.282470703125,41.7597541809082,90.46179962158203,79.23368835449219
2024-05-20,518.879638671875,41.607173919677734,90.377685546875,78.76699829101562
2024-05-21,520.1522827148438,41.349693298339844,90.54593658447266,78.7389907836914
2024-05-22,518.654541015625,41.21617889404297,90.43374633789062,78.0296401977539
2024-05-23,514.8661499023438,40.9110221862793,90.18136596679688,76.34957122802734
2024-05-24,518.2727661132812,41.02545166015625,90.28419494628906,76.40557861328125
2024-05-28,518.635009765625,40.96823501586914,89.86351013183594,75.90155792236328
2024-05-29,515.0031127929688,40.35791015625,89.51766204833984,75.1641845703125
2024-05-30,511.5867614746094,40.24346923828125,89.93831634521484,76.26557922363281
2024-05-31,516.2464599609375,39.85248565673828,90.22811126708984,77.69361877441406
2024-06-03,516.6672973632812,40.2720832824707,90.77388000488281,77.51628875732422
2024-06-04,517.2448120117188,39.709434509277344,91.10208892822266,78.11363983154297
2024-06-05,523.392333984375,40.34837341308594,91.3833999633789,78.0202865600586
2024-06-06,523.3826293945312,40.54863739013672,91.41155242919922,78.16963195800781
2024-06-07,522.7462768554688,40.09088897705078,90.60509490966797,77.43228149414062
2024-06-10,524.3614501953125,40.32929992675781,90.53005981445312,77.69361877441406
2024-06-11,525.6242065429688,40.19486999511719,90.83951568603516,77.41361236572266
2024-06-12,529.9413452148438,40.5981559753418,91.27088165283203,78.10430908203125
2024-06-13,531.0082397460938,40.50213623046875,91.7303695678711,78.4216537475586
2024-06-14,531.3314208984375,40.550148010253906,91.82415771484375,78.40299224853516
2024-06-17,535.5601806640625,40.809410095214844,91.49593353271484,78.09496307373047
2024-06-18,536.9209594726562,41.183895111083984,91.82415771484375,78.40299224853516
2024-06-20,535.4623413085938,41.11668014526367,91.66473388671875,78.17898559570312
2024-06-21,534.7444458007812,40.9726448059082,91.67410278320312,78.37498474121094
2024-06-24,533.0061645507812,40.9726448059082,91.74913787841797,78.98167419433594
2024-06-25,535.0587158203125,40.876625061035156,91.7397689819336,78.0109634399414
2024-06-26,535.7265014648438,40.79020309448242,91.32714080810547,77.76830291748047
2024-06-27,536.571044921875,40.81901168823242,91.47720336914062,78.5243148803711
2024-06-28,534.4596557617188,40.89582824707031,91.02705383300781,79.15084075927734
2024-07-01,535.5595703125,40.99184799194336,90.53885650634766,78.40431213378906
2024-07-02,539.1637573242188,41.11668014526367,90.83987426757812,78.7728500366211
2024-07-03,541.5697631835938,41.72161865234375,91.32901763916016,78.69725799560547
2024-07-05,544.6927490234375,41.89446258544922,91.78994750976562,78.91458892822266
2024-07-08,545.3213500976562,41.90406036376953,91.81815338134766,79.16973114013672
2024-07-09,545.8516845703125,42.076900482177734,91.73350524902344,79.15084075927734
2024-07-10,551.2529296875,42.31695556640625,91.82756805419922,79.73672485351562
2024-07-11,546.499755859375,42.56661605834961,92.29792022705078,82.02355194091797
2024-07-12,549.9468383789062,42.73945236206055,92.5518798828125,82.64722442626953
2024-07-15,551.459228515625,42.288150787353516,92.23206329345703,83.20477294921875
2024-07-16,554.7294311523438,42.52820587158203,92.60832214355469,84.22533416748047
2024-07-17,546.9515380859375,41.836849212646484,92.67414093017578,84.80177307128906
2024-07-18,542.7482299804688,41.44315719604492,92.42021179199219,84.05523681640625
2024-07-19,539.1441650390625,41.03986358642578,92.23206329345703,83.90404510498047
2024-07-22,544.7025756835938,41.38554000854492,92.19444274902344,84.77342224121094
2024-07-23,543.8482666015625,41.020660400390625,92.18502807617188,84.70728302001953
2024-07-24,531.5232543945312,40.425315856933594,91.90282440185547,83.45990753173828
2024-07-25,528.7538452148438,40.262081146240234,92.15679931640625,83.18586730957031
2024-07-26,534.6756591796875,40.67498016357422,92.48603820800781,84.64112854003906
2024-07-29,534.989990234375,40.54054641723633,92.63653564453125,85.07581329345703
2024-07-30,532.2794799804688,40.35810470581055,92.7305908203125,85.7373046875
2024-07-31,540.9315185546875,41.24150848388672,93.2291488647461,85.43490600585938
2024-08-01,533.2713623046875,40.521339416503906,93.61980438232422,86.2948226928711
2024-08-02,523.3427124023438,39.94520950317383,94.66715240478516,86.2475814819336
2024-08-05,508.10107421875,38.8121452331543,94.59165954589844,83.78120422363281
2024-08-06,512.7855224609375,39.03300094604492,94.02554321289062,85.43490600585938
2024-08-07,509.3580017089844,39.27305603027344,93.7424545288086,84.84900665283203
2024-08-08,521.1329956054688,40.16606140136719,93.60092163085938,85.68059539794922
2024-08-09,523.4309692382812,40.38691329956055,93.93115997314453,86.07747650146484
2024-08-12,523.7060546875,40.521339416503906,94.09156036376953,85.44435119628906
2024-08-13,532.3186645507812,40.9726448059082,94.46900177001953,86.19087982177734
2024-08-14,533.9981079101562,40.75179672241211,94.63883972167969,86.41767120361328
2024-08-15,543.1510009765625,41.20309829711914,94.2425308227539,86.35152435302734
2024-08-16,544.36865234375,41.68321228027344,94.46900177001953,86.30427551269531
2024-08-19,549.5736694335938,42.08650588989258,94.57278442382812,87.02245330810547
2024-08-20,548.679931640625,41.760032653808594,94.85584259033203,86.91850280761719
2024-08-21,550.5654907226562,41.92326354980469,95.03514099121094,87.38154602050781
2024-08-22,546.244384765625,41.40474319458008,94.64826202392578,87.63668823242188
2024-08-23,552.0484008789062,42.096107482910156,95.082275390625,89.5644302368164
2024-08-26,550.7324829101562,41.74082565307617,94.99738311767578,89.52661895751953
2024-08-27,551.4887084960938,41.79843521118164,95.02570343017578,89.65892028808594
2024-08-28,548.2870483398438,41.5391731262207,94.94076538085938,89.30929565429688
2024-08-29,548.3362426757812,41.558380126953125,94.818115234375,89.03524017333984
2024-08-30,553.5706787109375,41.644798278808594,94.59165954589844,89.8951644897461
2024-09-03,542.1786499023438,40.81901168823242,94.9910888671875,89.8479232788086
2024-09-04,541.0689697265625,40.809410095214844,95.40754699707031,90.10306549072266
2024-09-05,539.7530517578125,40.86702346801758,95.65364837646484,89.81012725830078
2024-09-06,530.6688232421875,40.11804962158203,95.77668762207031,89.72506713867188
2024-09-09,536.6102905273438,40.45412826538086,95.91865539550781,90.72674560546875
2024-09-10,538.9475708007812,40.30049514770508,96.21206665039062,92.04025268554688
2024-09-11,544.4766845703125,40.5981559753418,96.18367767333984,91.86071014404297
2024-09-12,549.0630493164062,40.93423843383789,96.09846496582031,92.2481460571289
2024-09-13,551.9305419921875,41.12628173828125,96.29725646972656,93.21202087402344
2024-09-16,552.7457275390625,41.26071548461914,96.5244140625,93.52385711669922
2024-09-17,552.9716186523438,41.30872344970703,96.42974853515625,92.87183380126953
2024-09-18,551.33154296875,41.16468811035156,96.12687683105469,92.75843048095703
2024-09-19,560.7396850585938,42.038490295410156,96.13634490966797,92.77733612060547
2024-09-20,559.7704467773438,41.95207214355469,96.05116271972656,92.40879821777344
2024-09-23,561.169189453125,42.27854919433594,96.01329803466797,93.3254165649414
2024-09-24,562.77490234375,43.718875885009766,96.14581298828125,93.45771789550781
2024-09-25,561.5336303710938,43.257972717285156,95.77668762207031,92.83403015136719
2024-09-26,563.7599487304688,44.84233856201172,95.79559326171875,91.99300384521484
2024-09-27,562.9423217773438,44.75592041015625,96.07009887695312,92.11021423339844
2024-09-30,565.1981811523438,44.03575134277344,95.85238647460938,92.83444213867188
2024-10-01,560.1349487304688,44.35262680053711,96.10588073730469,92.23410034179688
2024-10-02,560.3712768554688,45.22642517089844,95.90650177001953,91.91010284423828
2024-10-03,559.3468627929688,44.68870544433594,95.51726531982422,91.07152557373047
2024-10-04,564.4298095703125,45.10159683227539,94.9001693725586,90.6331787109375
2024-10-07,559.3270874023438,45.4760856628418,94.5773696899414,89.83271789550781
2024-10-08,564.616943359375,44.35262680053711,94.73877716064453,90.0137710571289
2024-10-09,568.5277709960938,44.11256790161133,94.49193572998047,90.10906982421875
2024-10-10,567.5328369140625,44.19898986816406,94.43496704101562,89.30860137939453
2024-10-11,570.9312744140625,44.51586151123047,94.46343231201172,90.31871032714844
2024-10-14,575.6005859375,44.33341979980469,94.37800598144531,90.86187744140625
2024-10-15,571.1283569335938,43.39240264892578,94.75775146484375,91.95775604248047
2024-10-16,573.6107788085938,43.728485107421875,94.88119506835938,92.96785736083984
2024-10-17,573.6599731445312,43.6612663269043,94.41597747802734,92.23410034179688
2024-10-18,575.8665771484375,44.09336471557617,94.48242950439453,92.92021179199219
2024-10-21,574.9208984375,43.786094665527344,93.8273696899414,91.10011291503906
2024-10-22,574.6155395507812,43.69007110595703,93.84635925292969,91.2335205078125
2024-10-23,569.364990234375,43.430809020996094,93.6090087890625,91.90056610107422
2024-10-24,570.596435546875,43.36360168457031,93.78938293457031,92.1006851196289
2024-10-25,570.3993530273438,43.32518768310547,93.59952545166016,91.2335205078125
2024-10-28,572.1626586914062,43.51723098754883,93.44762420654297,91.51940155029297
2024-10-29,573.088623046875,43.3828010559082,93.55204010009766,90.86187744140625
2024-10-30,571.3549194335938,42.96030807495117,93.45712280273438,91.26211547851562
2024-10-31,560.1546630859375,42.68183898925781,93.4381103515625,89.71836853027344
2024-11-01,562.5186767578125,42.720252990722656,93.06669616699219,88.7273178100586
2024-11-04,561.30712890625,42.96030807495117,93.45716857910156,89.69930267333984
2024-11-05,568.0942993164062,43.54603958129883,93.67622375488281,90.89046478271484
2024-11-06,582.2203369140625,43.00831604003906,92.94285583496094,88.95601654052734
2024-11-07,586.7221069335938,43.95893096923828,93.64764404296875,90.02330017089844
2024-11-08,589.2637329101562,42.87388610839844,93.80953979492188,91.36692810058594
2024-11-11,589.8251342773438,42.54740905761719,93.60002899169922,90.90953063964844
2024-11-12,587.9928588867188,41.74082565307617,93.05716705322266,89.65165710449219
2024-11-13,588.278564453125,41.47195816040039,93.0381088256836,90.14717864990234
2024-11-14,584.4957885742188,41.24150848388672,93.0000228881836,89.33720397949219
2024-11-15,577.0092163085938,41.24150848388672,93.0095443725586,89.38484191894531
2024-11-18,579.3734741210938,41.71201705932617,93.09524536132812,90.0328369140625
2024-11-19,581.4913940429688,41.68321228027344,93.22858428955078,90.47117614746094
2024-11-20,581.6884155273438,41.63520050048828,93.13336181640625,90.35682678222656
2024-11-21,584.81103515625,41.54877853393555,93.08572387695312,91.02387237548828
2024-11-22,586.6236572265625,41.558380126953125,93.15238952636719,91.70997619628906
2024-11-25,588.613525390625,41.587188720703125,93.9905014038086,92.9869155883789
2024-11-26,591.68701171875,41.41434860229492,93.8476333618164,93.35855865478516
2024-11-27,589.8941040039062,41.47195816040039,94.10478210449219,93.95889282226562
2024-11-29,593.55859375,41.5391731262207,94.47621154785156,93.53961181640625
2024-12-02,594.6224365234375,41.702415466308594,94.4876708984375,92.17693328857422
2024-12-03,594.898193359375,41.78883361816406,94.30615234375,91.70997619628906
2024-12-04,598.59228515625,41.89446258544922,94.61187744140625,91.46221923828125
2024-12-05,597.6072387695312,42.17292022705078,94.6309814453125,91.24304962158203
2024-12-06,598.7400512695312,42.10570526123047,94.89849090576172,91.10964965820312
2024-12-09,595.65673828125,42.969905853271484,94.62142181396484,91.36692810058594
2024-12-10,593.8048095703125,42.27854919433594,94.50678253173828,90.04235076904297
2024-12-11,598.3953247070312,42.451385498046875,94.28704071044922,89.83271789550781
2024-12-12,595.31201171875,42.24013900756836,93.9048843383789,89.68978118896484
2024-12-13,595.19384765625,42.27854919433594,93.55139923095703,89.43248748779297
2024-12-16,597.7352905273438,42.048095703125,93.63738250732422,89.11801147460938
2024-12-17,595.2725830078125,41.9475212097168,93.63738250732422,88.689208984375
2024-12-18,577.5313720703125,40.97108840942383,92.92426300048828,85.02995300292969
2024-12-19,577.35400390625,41.1077880859375,92.68465423583984,83.71490478515625
2024-12-20,584.2886352539062,41.27378463745117,92.93385314941406,85.125244140625
2024-12-23,587.7875366210938,41.50812911987305,92.64630126953125,85.45814514160156
2024-12-24,594.3207397460938,41.63506317138672,92.75173950195312,86.02581787109375
2024-12-26,594.3603515625,41.48860168457031,92.81883239746094,86.25672912597656
2024-12-27,588.103759765625,41.303077697753906,92.62715148925781,85.39079284667969
2024-12-30,581.392578125,40.97108840942383,92.9913558959961,84.96745300292969
