Date,SPY,EEM,AGG,VNQ
2004-09-30,-0.0007150343056354647,0.005244645032155493,0.001463373567589743,0.00802386693332613
2004-10-01,0.01691095894717387,0.019130213981570332,-0.0017883851217870284,0.018507614079836587
2004-10-04,0.0016717590297574692,0.01706499551174878,0.00029390329390133196,0.004298477098153564
2004-10-05,0.0005268541817557981,-0.007382776675837643,-9.860072991008106e-05,-0.00019449406834970429
2004-10-06,0.006848184399775636,0.011550935360465475,-0.0018582297886809984,0.004669789539749614
2004-10-07,-0.010725650877983606,-0.008522346978730555,0.0,-0.010265418184883912
2004-10-08,-0.008285122912223497,-0.007303706200934679,0.004902718449377064,0.004892678215492774
2004-10-11,0.004088373168764203,0.005206576257784423,0.0009743962020614116,-0.0038949733940361053
2004-10-12,-0.0038949565609611714,-0.015763807896552406,-0.0009734476783408441,0.0033243369537987455
2004-10-13,-0.008797617630405208,-0.013556821037601363,0.0014620708342272248,0.0025323628893729744
2004-10-14,-0.008069328656038932,-0.01362734698594159,0.004773873853099353,0.007774713934557198
2004-10-15,0.005604490476094792,0.01334521318183679,-0.0018432982302807321,0.010221858914472248
2004-10-18,0.0037746193191241506,0.010616659811971907,-0.0008734244728340057,0.005345223702826196
2004-10-19,-0.008416735683060339,-0.0048218127510631925,0.0004859684642117834,-0.005316804195019786
2004-10-20,-0.001987104494206915,-0.006287744569227316,0.0034986315591856165,-0.00477293209545937
2004-10-21,0.006515043451910563,0.014396682502594738,-0.0025177010391556065,0.010166680674782658
2004-10-22,-0.011237257793259126,-0.007153728171968354,0.0024265952033017957,-0.00797511545977947
2004-10-25,-0.0011815775704078213,0.002709189264104017,0.00116225759313493,-0.004785538909915288
2004-10-26,0.015292125378674415,0.003620911414166983,-0.002901871009718393,0.009424722012148168
2004-10-27,0.012013408000152825,0.017182361481709485,-0.002231325172268317,0.011814026717478887
2004-10-28,0.003012605250417133,-0.004954884227976963,0.0011676943355865,0.0005649820317337184
2004-10-29,-0.00017677990891329376,0.0039044333188200664,0.0026215842431425163,-0.0005646630072806413
2004-11-01,0.0027380700770931465,0.007440547160695976,-0.002146490360882658,0.009792691589892932
2004-11-02,0.00035225734755606197,0.002293570335354378,-0.0008761989015272365,-0.009697724762173343
2004-11-03,0.01259395586336387,0.014569822977504643,0.002143284133024448,0.010169856731294225
2004-11-04,0.013654951631381751,0.015130867910342571,-0.0008751645805530339,0.015100405416877516
2004-11-05,0.0062631507397865605,0.0037938313907737164,-0.0025289203843976704,-0.026997733732250784
2004-11-08,-0.0014495484656529278,-0.011284855904832525,-0.003609684744695918,0.0026424353741816287
2004-11-09,-0.001963699004650099,0.006444158233457786,0.0023490726852346544,0.0037652806099799374
2004-11-10,0.0007692412864490628,0.0011395254013215617,-0.0011716739479088467,0.007126883281934893
2004-11-11,0.007609470372722971,0.011382140077444092,0.0009776868728792465,0.00819378918457958
2004-11-12,0.007890298000033935,0.016880641684500652,0.0011726346974245683,0.019578814211537177
2004-11-15,0.00245657018990042,0.0009484715874421568,0.0004872821123591553,0.012681160205191055
2004-11-16,-0.007158351533849583,-0.011424903597430425,-0.0009748204278159367,-0.006082429528555422
2004-11-17,0.005937988739255884,0.022581728230129272,0.002537459812884224,-0.0232177093942334
2004-11-18,0.0013492781757233896,0.0018229216414031857,0.00039032778120229317,-0.0016589334385348486
2004-11-19,-0.011116569428882062,-0.014296696956008548,-0.0020441723290376412,-0.010335726371856646
2004-11-22,0.004769174715376856,0.003903039416521814,0.001560024886720468,0.006900209804701074
2004-11-23,0.0015259567328242962,0.0017339844180705999,-0.0005842714505016611,0.004260274822145194
2004-11-24,0.002369222485904876,0.010646732469388187,0.0009744037199088673,0.017336682020649086
2004-11-26,-0.0007601106305865635,0.016606012290198535,-0.002920657347788347,-0.0010878514868098987
2004-11-29,-0.00456231891032155,-0.006125762036551241,-0.002732839146384336,-0.0036292814878604585
2004-11-30,0.0006792882034150072,0.0018491234923421196,0.0004891975597347553,0.005464230920998681
2004-12-01,0.011366279930767664,0.007638349887254758,-0.0037482896906707586,0.019383776929289942
2004-12-02,0.000838950186337506,-0.0014752110249691697,0.0018717010707389736,-0.008530033628973532
2004-12-03,-0.0006705407336686786,0.004535058507308065,0.00580084467022135,0.013443258077083575
2004-12-06,-0.00033563746908127357,-0.0014206175858245684,0.0010752771426216778,0.004774875463319228
2004-12-07,-0.009311711225288066,-0.015340109295395088,0.0013673696994813689,-0.012673642363541737
2004-12-08,0.005842922352933488,-0.005261860805564567,0.0034138292473304688,0.0026742380033448754
2004-12-09,0.0035356532791976925,-0.016283694730095388,-0.0013615829974520377,0.007290377616691712
2004-12-10,0.001006966104874385,-0.0010014732762925194,-0.001263744742032169,0.008473152322372002
2004-12-13,0.008715325013868291,0.01519786784754995,0.0014604713480335096,-0.0028004583816535478
2004-12-14,0.003488773037678916,0.00920025614885267,0.0009729789149368617,-0.0008779787530317495
2004-12-15,0.0007452289815677027,0.013855543748592991,0.002236191925232056,0.001932544718615814
2004-12-16,-0.0005793051665944349,-0.005029637324604264,-0.0038804719557162803,-0.00911795341567212
2004-12-17,-0.006669939793852886,-0.0022973254277754984,-0.0024339972140277055,0.011325497355329839
2004-12-20,0.0002512290259546468,0.01305009584178718,0.0009769662484999664,-0.00349918061188792
2004-12-21,0.007700664441193439,0.009598310068118288,0.0,0.011413026497606449
2004-12-22,0.002409040886525604,-0.00025017877247690556,0.0021445904990597953,0.007456309021985241
2004-12-23,0.0007459426785363377,0.0068039013532055215,0.00048674391657343996,-0.007577190073761453
2004-12-27,-0.002070487465555937,-0.0007547344678793255,-0.0037931567960465262,-0.007457465734088231
2004-12-28,0.005476390136525344,0.005187069945441047,-0.0004883595364909565,0.0037567068510089285
2004-12-29,0.001485544297082031,0.005510186360843772,-0.00019514734098613484,0.005702965747274247
2004-12-30,-0.0018953695229176892,-0.00254056175215267,0.00205207480142211,0.0047846402098778995
2004-12-31,-0.002146228394727001,0.008241771884251348,0.0013095223699812752,-0.0026454666333033394
2005-01-03,-0.004715946612156907,-0.010403735120810498,0.0,-0.01167089514996511
2005-01-04,-0.012219131941363814,-0.030788713821725544,-0.0009759285743956569,-0.015029598784126907
2005-01-05,-0.006900722725534658,-0.012241544385682923,-0.00039155379790434264,-0.033242627025086846
2005-01-06,0.005084035014986776,-0.0006799484169515146,0.0006854329151020355,0.007704375041530431
2005-01-07,-0.0014333403344113371,0.0019361596449705143,-0.00029352455137776623,-0.0022374521863655072
2005-01-10,0.004728475182365965,0.0012533902717484224,-0.0004892055819827323,-0.0031774147329168834
2005-01-11,-0.006891054388406648,-0.0018780730468337392,0.0013693240806513796,-0.010123629868277417
2005-01-12,0.003300322180879167,0.012281374464440331,0.0014650175760637651,-0.004735107472596201
2005-01-13,-0.008012281026756551,-0.0041299135158804345,0.0024376155175698244,0.0
2005-01-14,0.005271289691729963,0.017884544180892803,-0.0035991562398492993,0.012369211092597698
2005-01-18,0.010402356146365532,-0.0017824601787870265,0.002636273789015986,0.009774730220453165
2005-01-19,-0.010462548223292956,-0.013775646885973436,0.0014604473893269354,0.0009305068310312414
2005-01-20,-0.006090575476614624,-0.012415923348946811,0.0013611060786968832,-0.003161530263816048
2005-01-21,-0.006127610745817469,0.01361981021442249,0.0004857585925197583,0.000932590205149797
2005-01-24,-0.0019695115755755666,-0.0015501325927850251,0.00019449831509499305,-0.008014843368199465
2005-01-25,0.002831271558410453,0.009057878161622845,-0.0017469636692858392,-0.01878990666573377
2005-01-26,0.0029948494901210765,0.01461914180187085,-0.00048555367384894854,-0.0030634047202123815
2005-01-27,0.0017059859556927126,0.0009603860273026399,-0.0013631812673173815,-0.007107430382674473
2005-01-28,0.0,0.0009089212300201766,0.003409594312254516,0.0015474070908692017
2005-01-31,0.0062162151808049515,0.01317078921628112,-0.0012619976177210557,-0.0011589203661956926
2005-02-01,0.006347620556056421,0.008566722762220591,0.0010626945630927143,0.00734894821243115
2005-02-02,0.0030275222762987664,0.0031602748758277066,0.0007790172161212805,0.011134281025851456
2005-02-03,-0.00259922952892222,-0.0010336642127766194,-0.0012650259772570838,0.0030379420362862675
2005-02-04,0.010675404271315081,0.015621179657102857,0.004189076796123459,0.013628448595079057
2005-02-07,-0.0013301176273373683,0.0031538821705661135,0.00019410841336764406,-0.0033612809678504885
2005-02-08,0.0011658128519111965,0.00193468046010703,0.0005825724184989056,0.0024362709523158
2005-02-09,-0.007487094015966478,-0.003234575491488534,0.0027127446151706813,0.006354793322325802
2005-02-10,0.0036038982922230733,0.004843280296239039,-0.0051218103836622175,0.007614957658381938
2005-02-11,0.00860238505434574,0.009735515398494154,0.001360135837486398,0.0029493776257047966
2005-02-14,-0.0007453866628124306,0.007160102136604118,0.00019351609372808554,0.00018355222473465105
2005-02-15,0.0037286882340776817,0.0023699191684409815,-0.0019407674292920563,0.004410461949257316
2005-02-16,0.000660720798480563,-0.0030732952782396294,-0.0011669558365372534,0.005854422742569643
2005-02-17,-0.008085609100420776,-0.001660005324276126,-0.00048610695480633126,-0.0007271925339864538
2005-02-18,0.0013309595331425506,0.012304166589505616,0.00029252920898725776,-0.008737343627526317
2005-02-22,-0.014868099242731359,-0.0036607428804036335,-0.002822569334090197,-0.02864462254090805
2005-02-23,0.007167020005864222,0.004616077529400409,0.0004869973448966558,-0.0037807835283899527
2005-02-24,0.006613132768743313,0.015519145791360378,-0.0009752597939041152,0.0007585648549428559
2005-02-25,0.009897089315317187,0.01842109331743469,0.0008794466130788159,0.014411120543361466
2005-02-28,-0.006588105843158054,-0.0016778535429667896,-0.002635804177194112,-0.0028040481817142027
2005-03-01,0.004974453643618926,0.0028155765296866697,-0.0007153914230200176,0.01049700630409589
2005-03-02,-0.0004955953982176409,-0.016482511465546357,-0.0012766280498074378,-0.006678274215588087
2005-03-03,0.00041313906608109185,0.0027625179511872044,0.000786571077250775,0.005415664028790346
2005-03-04,0.012456598184664491,0.011937712148115454,0.002849524765154543,0.018759107522722474
2005-03-07,0.0004886219897672905,0.006578317145918611,0.00029243486740604396,0.004740215193591357
2005-03-08,-0.0037464095992060242,-0.007617313742686815,-0.0021532028212041254,-0.005624974005216776
2005-03-09,-0.011117106569783597,-0.005723296314464554,-0.006085208619941773,-0.02828473485269789
2005-03-10,0.0022321841553323285,-0.009593217071507842,-0.0011847266857986094,0.006760610693272717
2005-03-11,-0.007011420018957604,-0.005627424732455033,0.000790339742125834,-0.01119161240733102
2005-03-14,0.006229949571479043,-0.007653724357429392,-0.00039416282026283334,0.013959497135838106
2005-03-15,-0.008254705923258165,-0.024914888195769147,0.00019730549198659908,-0.0013027308350445077
2005-03-16,-0.0084905162274308,-0.008484746325819414,0.0006921159078658867,-0.011922434115994363
2005-03-17,0.0020146648110626053,0.018227074612521044,-0.00019756885022170767,0.010558183381453201
2005-03-18,-0.00296890191146848,-0.0045106347349248566,-0.0006913350841110111,-0.0035446456833579942
2005-03-21,-0.00371178234543057,-0.01445264892019904,0.0,-0.0067406196626615955
2005-03-22,-0.010160222616521941,-0.018488017099815623,-0.005435415018490097,-0.017907507651556354
2005-03-23,0.0008547371402980453,-0.01267277442417658,0.0012917757556758502,-0.001727459349038729
2005-03-24,0.0011967016306280165,-0.001098664472952704,0.0005951919455442489,0.002023923362351576
2005-03-28,0.0014509089531917763,0.0068997614053518674,-0.001982817491333777,-0.005048915237195306
2005-03-29,-0.006648506046245117,-0.02587044246720749,-0.0005963140681622958,0.0003900852314580039
2005-03-30,0.014159243881513905,0.022785115500875808,0.0029822448188834283,0.013266022675819666
2005-03-31,-0.0018619709078657731,0.01071552137051035,0.0004957831634004872,-0.002310124900889443
2005-04-01,-0.00449237586774931,0.0059172166325285325,0.005896991457133405,0.0005783109573467282
2005-04-04,0.0017032857846233096,0.0022056469357973896,-0.001186899114085982,-0.004435166624096265
2005-04-05,0.004760119265363905,-0.0002444756563413364,-0.0019790064344732405,-0.0023247135950164033
2005-04-06,0.00346931277635254,0.013698656437435508,0.0025770195050387468,0.005242703823810535
2005-04-07,0.005396102915318224,0.010086873427832321,-0.0011868024415181422,0.009078241222578054
2005-04-08,-0.010399247251061783,-0.004730499354724471,0.0,-0.004593805887876057
2005-04-11,0.0007624630813971578,-0.009601421982590286,0.0018811600299277753,0.0009612263018112799
2005-04-12,0.005165923536666339,0.01260317093756802,0.002767022927980589,0.013448685766455304
2005-04-13,-0.011794492241672727,-0.01991426811830388,0.001379257368726794,0.0011380707584343064
2005-04-14,-0.013043998148701053,-0.025593147968317242,0.0008865182540385153,-0.009468940349098287
2005-04-15,-0.01399276885445766,-0.021052378273080596,0.0035398113194127223,0.007455930320238391
2005-04-18,0.0030660567855975707,0.011827681003988566,-0.001175654549069316,-0.0015179025665316148
2005-04-19,0.007947811027782192,0.01675023125840447,0.001275800660853088,0.0049409243984277484
2005-04-20,-0.01395020919198342,-0.023591630334681812,0.0006861888317326592,-0.002458315846468939
2005-04-21,0.019419931091233966,0.0288003881268446,-0.002448756486104542,-0.0001901604331872031
2005-04-22,-0.0037928264630280317,-0.01104945770270338,0.0020611181065879336,0.007774746221201001
2005-04-25,0.006575958926962722,0.018938041497909452,-0.00039175542431979515,0.010912031195819072
2005-04-26,-0.009713691387628898,-0.01022693710038769,-0.0024491597751126193,0.001303145193878974
2005-04-27,0.003905851133040983,-0.009041129503701617,0.004125473435486082,0.007806633189455292
2005-04-28,-0.012537490804690576,-0.01594144412179499,0.0025429902608116173,-0.00239739008452422
2005-04-29,0.013573289021305168,0.020223990719653306,-0.0016586425604757649,0.013310997357388166
2005-05-02,0.005615006541727086,0.0066407686985821,3.852141256710517e-05,-0.0007296919691208714
2005-05-03,0.0017184546631621167,-0.0009420242412594426,-0.0006857845737640034,0.001460534016136883
2005-05-04,0.007718578893705308,0.02725762690398592,0.0010794425387414819,0.0009111969775768003
2005-05-05,-0.00034056870206045087,0.005268495371336224,0.0006859478608960412,0.012750785730806902
2005-05-06,-0.003149712339816424,0.002692140057949821,-0.003721812946816061,-0.012590250148861504
2005-05-09,0.006234462519792094,0.0009110698594569921,-0.0007866189150315117,0.017304391192607405
2005-05-10,-0.010354758396577513,-0.022468183880501202,0.0010824162942377757,0.0
2005-05-11,0.005488660457855232,0.004655682223516422,0.0016706746420787066,0.0005369126850194306
2005-05-12,-0.011003112240363988,-0.017072999999808602,0.002354792998450206,-0.010021072875220693
2005-05-13,-0.0019834819020441152,-0.010272689566694804,0.000979326834685823,-0.00036198381166951954
2005-05-16,0.009333118542977914,0.01188368011940999,-0.0014672292892176086,0.0047021437836860525
2005-05-17,0.006677915620949326,0.0002478805050021293,0.001174773262636153,0.00881856240285428
2005-05-18,0.010290524083650832,0.019915671523592193,0.0026414156617726725,0.00981344872402734
2005-05-19,0.004209370787057187,0.0036431109746819512,-0.002438222077458474,0.013250992911798098
2005-05-20,-0.0014251343359329427,-0.0025168946274888304,-0.0011738834778004525,0.0020922031519023943
2005-05-23,0.005540610389747291,0.003299609031841122,0.0033287715500318615,0.0022618145222004227
2005-05-24,-0.0023378539387498565,-0.0029014726563166837,0.001757153540498546,-0.013888639213342269
2005-05-25,-0.00075289253323918,-0.007178511098950735,-0.0001953029532243411,-0.012324583694640623
2005-05-26,0.005359781514481465,0.011235979468932511,-9.706123108477183e-05,-0.004277480538254608
2005-05-27,0.0016658331746137733,0.006763203391036532,-0.0006821471655620304,0.005191653500718818
2005-05-31,-0.006403318113512357,-0.00863700699420622,0.002728944677011791,0.010507419110704408
2005-06-01,0.008537115246602056,0.011809813134705971,0.007397371434058053,0.011455387372303116
2005-06-02,0.0021576539585299592,0.00760663896956304,-0.0006784550088736463,-0.0034846845604543653
2005-06-03,-0.005051053706003228,-0.0051753818686313124,-0.0025197271431502966,0.00017466972186452878
2005-06-06,-0.0009157205184799899,0.01006987307280327,0.00019415036700110022,0.007517971838234105
2005-06-07,0.0007494120195421505,-0.0049611311106988465,0.0026241897309333684,0.008502451650783449
2005-06-08,-0.001831187389240263,-0.003798563285287937,-0.0018420503134725097,0.0041292882883161575
2005-06-09,0.0047535091686699005,0.005243119415067055,-9.7301260218563e-05,0.0010280372425284234
2005-06-10,-0.002323527059773123,0.002845040119227482,-0.003882961460893841,-0.002054437693028821
2005-06-13,0.0031609551070745923,0.003971471853618791,-0.0008774953841984567,0.004631366652384061
2005-06-14,0.002322064480979602,0.0040973908865071795,-0.0012677959026695662,0.008195285804653452
2005-06-15,0.0019027164714235933,0.00745737355264442,-0.00058611072278969,0.0022019222511961978
2005-06-16,0.0025605093337486284,0.008938476244206628,0.003029871341180712,0.00101363640517671
2005-06-17,0.003704991195005336,0.01204307819973005,0.0,0.011310144249909282
2005-06-20,0.00032988213609175254,-0.009027439271501958,-0.002241141703453464,-0.0008347001954115418
2005-06-21,0.0005766438116945327,-0.004830905372260719,0.004101472437268994,-0.008520081510332012
2005-06-22,0.0008234989584323671,0.009431668137362959,0.004279181966565293,-0.0015162946767760532
2005-06-23,-0.014066252860485906,-0.017587405008361867,-0.0009686685224410407,-0.0035439137735013837
2005-06-24,-0.0073418982606977545,-0.0034965983847320414,0.0015508606601448705,-0.002031971554120493
2005-06-27,0.0014287304517837107,0.006315790117877196,0.0007747263637671864,-0.0013039348821681784
2005-06-28,0.008393088648381841,0.007531357190800447,-0.002900510723607419,0.0049819690406154304
2005-06-29,-0.0026637756782161848,-0.005814022621227655,-0.0004853699194392602,0.003247716985087079
2005-06-30,-0.005424093695324483,-0.003063073871006017,0.0032013683761527023,0.00017068253616958629
2005-07-01,0.002936550987816311,0.003631295939291901,-0.0035614462784039347,0.008517871641219976
2005-07-05,0.008031287257514563,0.004452916018313324,-0.0037007290136500393,0.01266866374508746
2005-07-06,-0.008382351851714653,-0.00484873468890179,0.0015641475156709106,-0.002501852270599625
2005-07-07,0.003933836390732193,0.002923694919540587,0.0012678954255544994,0.0010032508937665163
2005-07-08,0.011421133990794363,0.010410618989951104,-0.0016557586447883965,0.01703969921334192
2005-07-11,0.0051107207873870575,0.015249353116288722,9.804601569252114e-05,0.012155279003065234
2005-07-12,0.0026243080652179618,0.011908029591587432,-0.0004888263472763166,-0.0001623440221191208
2005-07-13,0.0013905829688494187,-0.0006685761846235705,-0.0013673986324300724,-0.005843330094830845
2005-07-14,0.0039208888538924125,0.005754092036065028,0.0,-0.016652853484045993
2005-07-15,-0.0005701947812970509,-0.005455000711259483,0.0004890202410487987,0.004150443795213343
2005-07-18,-0.003988553991810306,-0.003077291022574813,-0.0017597838588165882,0.0026454832465201417
2005-07-19,0.005476071790556203,0.01140638935214855,0.0004897860322872205,0.0075857247744548495
2005-07-20,0.00341402920114664,0.00013271481518506434,0.001664085275338456,0.008838196104659746
2005-07-21,-0.005832850493942443,0.010878162795058932,-0.0051796552529222994,-0.014114527413555567
2005-07-22,0.006681910562175597,-0.0023626173597899314,0.001473402087789788,0.00789887834708658
2005-07-25,-0.0028333654865357882,-0.00868130460015304,0.0,0.0
2005-07-26,0.0012181380014766319,0.005705757380679355,0.0010788191786794687,0.011102126259729728
2005-07-27,0.003648158551556202,0.0054096578282687435,-0.0005870575227575614,0.0027447049372057997
2005-07-28,0.006301018432998129,0.012467601848389798,0.0029405227522760757,0.01400990625311982
2005-07-29,-0.006663111884369299,-0.0006482638848854805,-0.0031277949385032366,-0.0012706909302974134
2005-08-01,-0.000726876691739875,0.016342322579725677,-0.0005799211960767492,-0.0006356812756314056
2005-08-02,0.005984288006707805,0.017738337733222753,-0.002166859512239383,0.0071596005318268485
2005-08-03,0.002652722375062533,-0.0025073156009290942,0.003255910216876323,-0.0023691590543500896
2005-08-04,-0.008017539855765143,-0.008799581578903815,-0.0009829794771964995,-0.016944155730196697
2005-08-05,-0.006789876557127594,-0.018389358923965315,-0.004921239094525243,-0.034632601177184585
2005-08-08,-0.0018717246181229052,0.006847374960734065,-0.00019843989065482237,-0.03604196945768556
2005-08-09,0.0060339922081289465,0.02014604731682401,0.0017811244910455049,0.00467350740510164
2005-08-10,-0.0004862300236052608,0.010692425428960206,9.949484245508344e-05,0.009648328847149168
2005-08-11,0.003973247505807187,-0.005600713810720137,0.0026662396654888454,0.013310669702943922
2005-08-12,-0.006138635238853607,-0.010638128347779219,0.0028557969607707623,-0.0008421100288320549
2005-08-15,0.006176550831441974,0.00695752267314842,-0.0008844314314182533,0.009439165357972623
2005-08-16,-0.01300349677194712,-0.017336894383698565,0.0023592111446359976,0.0058438834960943264
2005-08-17,-8.144042920199546e-05,0.0006393962404838138,-0.0020598528843869257,-0.007967688435300269
2005-08-18,-8.226883757789238e-05,-0.018398388258047182,0.0027508510602050062,-0.006694496775085934
2005-08-19,0.0022914806486129535,-0.0039043106213548784,-0.0009788950428635257,-0.0035375623669726686
2005-08-22,0.0,0.012413497456415845,0.0008823904127055471,0.0030432922467236168
2005-08-23,-0.0018779908185900807,-0.009421979403559821,0.0006866425535050347,0.004213867695096463
2005-08-24,-0.008916725594563246,-0.013028650122403174,0.0012728201216445356,0.003524881787079881
2005-08-25,0.003631585500993184,0.011220477789295469,0.0,0.0011706551195267423
2005-08-26,-0.006825775704507486,-0.001305495959246894,-0.0007822727406485708,-0.012362172164096963
2005-08-29,0.007701120251143001,0.01098029586300675,0.0003909077788508686,0.0001692864040589992
2005-08-30,-0.005259399043973989,-0.01047303548552636,0.0024468877523744492,0.0030441652159780563
2005-08-31,0.012639612994176597,0.02077610796014273,0.0039046251245593577,0.01736637767157556
2005-09-01,-0.0007342102470118128,0.01382495424167085,0.0013655850331313335,0.008949058123490783
2005-09-02,-0.0017958827781809905,0.008838470453187863,-0.0004874884449607153,-0.0026283267506257424
2005-09-06,0.011695380242673581,0.012515438694684189,-0.0019486402792069368,0.02141009455978904
2005-09-07,0.0016981268738724964,0.0012362139986898946,-0.001660599192687906,-0.002096050000298555
2005-09-08,-0.003309722985506136,-0.001605050893183746,-9.744371471354096e-05,-0.0064634369944726044
2005-09-09,0.008907336595230797,0.014714980291204771,-0.0002939933236026926,0.005041670777842455
2005-09-12,-0.0020067172956302892,-0.0014622103276747955,-0.0013711407623991922,-0.003074295259148929
2005-09-13,-0.00554861396812889,-0.011227688302046124,0.0024504248062307,-0.007628736411127712
2005-09-14,-0.003639169635545225,-0.003579473294847313,-0.0010747677978474313,-0.0008177190253118027
2005-09-15,-0.00048712165888331604,0.005821943482372305,-0.0024463544196375864,0.0004906587362962789
2005-09-16,0.007110694654733907,0.015394078022681112,-0.002256484535128611,0.0021272895310768813
2005-09-19,-0.003319683347190794,-0.0014550821523284796,0.0008852608810490104,-0.007836975034678506
2005-09-20,-0.008448978022349007,0.002671943963429735,-0.0006878400730462308,-0.007733661640096368
2005-09-21,-0.009340451515086667,0.009448529920556004,0.0022610713809814165,-0.022056676549516374
2005-09-22,0.0035562894616174567,-0.009960173121755012,0.0008813808875007823,0.0054263708333557314
2005-09-23,0.000824000415342363,-0.0008485036705949689,-0.0017627035967121563,0.0008436197363217435
2005-09-26,0.0011529618640617745,0.008856074741043107,-0.002453540146107658,0.007943450846406686
2005-09-27,-0.0002469223351578842,-0.006613872994217118,-0.0006894154472930625,-0.0025369277474752705
2005-09-28,0.0009876590606407998,0.011378689037534473,0.002757633810196447,-0.00966397080737913
2005-09-29,0.008137019938698531,0.017593917030527484,-0.002258992708292107,0.01866123064003622
2005-09-30,0.0030978479739258713,-0.0016465035289252583,-0.0004921692773601771,0.01596617761688912
2005-10-03,-0.0035762654592391696,0.006362212542530221,-0.003388609940637499,-0.0029775677484146224
2005-10-04,-0.011255770301883627,-0.009365579392621726,0.001387199767671321,-0.016923499088545402
2005-10-05,-0.013117310259391224,-0.030371070400936562,0.001584085865463436,-0.015527687336175267
2005-10-06,-0.003593969909731376,-0.03497860091760918,-0.0006919012363022503,-0.0013714865778508
2005-10-07,0.0034396218298822223,0.024753945214055273,-0.0009887874905712968,-0.010300702801740225
2005-10-10,-0.008444176797031466,-0.0033279468972999826,0.001287183223241506,-0.012835990481184445
2005-10-11,-0.0014333221353090009,0.004327922693082131,-0.0029663400477302204,-0.004392727362836246
2005-10-12,-0.007853120712038253,-0.030657208614894293,-0.00039739206879496614,-0.01800230912154066
2005-10-13,-0.0005958114107955659,-0.00622416199059761,-0.0025786545274970596,0.00017993742401900548
2005-10-14,0.010560030458333092,-0.0038341712838749764,-0.00029837550553768466,0.023180217754151355
2005-10-17,0.003707679684038734,0.011034102947514723,0.0015921230126183517,0.005796016113107427
2005-10-18,-0.010829908011870781,-0.02538073931039797,-0.00039763169384132713,-0.009603912596392483
2005-10-19,0.016634660794334177,0.01953132939740776,0.0017891554038649282,0.01128349181493804
2005-10-20,-0.017615270544045214,-0.04023000091439921,0.00019785769508851025,-0.015864471710791084
2005-10-21,0.003908865035477049,0.026613819885777046,0.0023799955196537326,0.009565664879206626
2005-10-24,0.015492001840447633,0.026960317207331164,-0.002077103972705663,0.020354508213461298
2005-10-25,-0.0020010354814479214,-0.019689460327635633,-0.0029748617081811757,-0.004126963473178535
2005-10-26,-0.002923072711166874,0.003604850615848365,-0.003978509141502773,-0.010188529474779773
2005-10-27,-0.010639430637628622,-0.02373322679720702,0.0022969250338815694,-0.010816448723532268
2005-10-28,0.014394844536431695,0.026281124155584257,-0.0015940267432572597,0.03015891616544497
2005-10-31,0.002754460696071659,0.017925579394790114,-0.0001003679025181059,0.005136088707337283
2005-11-01,0.002996334699381542,0.017610240613029182,0.0003411406938891304,-0.02214288870791592
2005-11-02,0.010457455950224848,0.015451273624887074,-0.0009015777285396043,0.009231715701955245
2005-11-03,0.004271394433334352,0.0010956419754972746,-0.003406601235529716,-0.0029337638090390916
2005-11-04,-0.0013085175404958793,-0.0020672573893980584,0.0010048034666336747,-0.005712584539021792
2005-11-07,0.0009823100482055924,0.0007311754466163833,0.00010074887340172367,0.004700714908097314
2005-11-08,0.0,-0.009375376615764597,0.003414253348983154,-0.0027723639867904826
2005-11-09,0.00130885531199465,0.014994972913759286,-0.002601561398761665,0.011294093881855982
2005-11-10,0.007761981514422978,0.0015743416526257104,0.0035127478671541645,0.02371125101427385
2005-11-11,0.0034052426070960706,0.002176025696461581,0.0009995212595308445,0.004028594883487946
2005-11-14,-0.0005655844552254763,-0.00265389402793359,-0.003396534956596864,-0.0008361402388371575
2005-11-15,-0.003637688163253605,-0.005685320890713941,0.0014041135720785913,-0.0005016804859448998
2005-11-16,0.0020284665072682895,0.008515899106928071,0.0023020438615435346,-0.005691113256172664
2005-11-17,0.00931241662447757,0.014716417439420093,0.0002988693089882588,0.016498013994076688
2005-11-18,0.003931137524116002,0.002733998586970987,-0.00039914129904361495,0.0036435187593830687
2005-11-21,0.005034617043325529,0.0005930326725229751,0.0031972143448046886,0.004950404585242207
2005-11-22,0.004294222915809609,-0.0004736489870431626,0.0025883313296715116,0.012808346540683635
2005-11-23,0.005779969516695571,0.01054967974777199,-0.0006944644850304105,0.004376917942754854
2005-11-25,0.0007870911110221535,-0.0007033896198473943,0.0008946601935833076,0.003389499090170167
2005-11-28,-0.007079035331989725,-0.006339159627563484,-0.0013907996732988037,-0.010938957481779754
2005-11-29,-0.0011094742588328987,-0.008860047472266652,-0.00139180466297939,0.000650865909712417
2005-11-30,-0.005392808578161712,0.0023839177075972717,-0.0020910115937169405,-0.006014444629837357
2005-12-01,0.010206219643779102,0.026158966939187955,-0.00141227695305024,0.014554502400495828
2005-12-02,0.0012630416150374302,-0.0011583560539741855,0.0,-0.004996802367049802
2005-12-05,-0.0021286612504910485,0.008120526183631016,0.0005010118941692898,-0.00372594866309639
2005-12-06,0.0018962966916100665,0.009205873719545732,0.0017047045322831078,-0.003251947791564569
2005-12-07,-0.005835118223258884,-0.00946386794795262,-0.0013018907896942267,-0.005220519596580431
2005-12-08,-0.0006342236492719033,-0.007482568013808644,0.005111129970306827,0.0075434027320948616
2005-12-09,0.0026188358838450387,0.01020669077300429,-0.0033894959785318868,0.002604055358081059
2005-12-12,0.0009501123723574256,0.005740583305740898,-0.002101162796713796,0.0006498182548739795
2005-12-13,0.006800961986152876,0.013127531359893085,0.0038099314575270604,0.004866878898595717
2005-12-14,0.003927236511011678,-0.0066477269712412745,0.002695955141877482,0.0019367828417722333
2005-12-15,-0.0028948734374129037,-0.004083504456184439,-0.0009958967195005108,-0.007572726212025871
2005-12-16,-0.003218444276781973,-0.0034168897512973917,-9.897279558690464e-05,0.003571863919110685
2005-12-19,-0.005143956795381044,-0.0022857366108647303,0.0007968743274180401,-0.013104529542833587
2005-12-20,0.0009546868804624076,0.008590899659990159,0.00029885830545195446,0.0013116042184440069
2005-12-21,0.0015891587629595083,0.016241023085708184,0.0,0.00605740026113355
2005-12-22,0.005236788939963599,0.0002231844384503745,0.0021914735930330664,0.005695447613886184
2005-12-23,0.0005527310768773663,0.005965489938381641,0.0025837408152380448,0.0033982377259753616
2005-12-27,-0.010176805007055756,-0.011118564018021915,0.0025777943413842763,-0.004520765080138434
2005-12-28,0.0022318933490053094,0.00272594701926554,-0.003533285323265467,-0.0011649603646216589
2005-12-29,-0.0044536704109876535,0.0001131176855690974,0.0006970463906468272,-0.0051632527825433705
2005-12-30,-0.0054318937771626885,-0.0005662081653526885,0.0011945520109455376,-0.0028457477812245946
2006-01-03,0.017589208711512372,0.03739384179036831,0.0004966144708093978,0.02014764093376109
2006-01-04,0.004735875003325729,0.009065842785182188,0.0023845713392258716,0.007405832002153501
2006-01-05,0.0006285662343421539,0.005087685459746805,0.0,0.007678920994788729
2006-01-06,0.008321275305914755,0.020893937775466,-0.002280868510466272,0.009403215667844522
2006-01-09,0.002569306480858069,0.009810940813995916,0.0010945185558042247,0.00851282497919148
2006-01-10,0.0010094167311873736,-0.012014195277052941,-0.00198552085301118,0.006051864371113602
2006-01-11,0.0031809877421367094,0.01173731997723726,-0.000695795383499398,0.0015832247158358292
2006-01-12,-0.003944481367066932,-0.013900237633318935,0.002587230093645365,-0.002845480608241635
2006-01-13,-0.0009315262159501625,0.0010601681533823903,0.0027794237836087365,-0.01236304406002664
2006-01-17,-0.002719541992849517,-0.017469957188925744,0.0004940975318497021,-0.004012443916270758
2006-01-18,-0.003974517272700928,-0.0005385661704980782,0.0011875563071592765,-0.0001614166767256453
2006-01-19,0.0038337882997301342,0.032344772865294136,-0.001482348743542583,0.012571040833237346
2006-01-20,-0.018237223443714368,-0.029764636441336645,0.0004950622304766839,-0.009708651489239717
2006-01-23,0.003572138599855057,0.0290633255756243,0.0,0.004500261768975333
2006-01-24,0.0010284431317020282,0.015690260215173835,-0.0016805101310490844,0.007519579575650415
2006-01-25,0.0008693136221373798,0.0005148937708512324,-0.002477542068409111,0.0006358466832945275
2006-01-26,0.005526350072384334,0.02367469991823823,-0.003079370223799116,0.0033322145389025337
2006-01-27,0.009265252543432023,0.01146298813158686,0.001295482515370594,0.011231082445348983
2006-01-30,-0.0007778704748930831,-0.004672608327682459,9.932639614995686e-05,-0.0007824424997705526
2006-01-31,-0.007318896548305975,0.006592329350290083,0.00019870425743984121,0.0026610785532861225
2006-02-01,0.006980879944190388,-0.0004960067859479667,-0.0027847947912386095,0.00468407506559454
2006-02-02,-0.011605417692255648,-0.025712340430195435,0.0007003021056601888,-0.006993286800337839
2006-02-03,-0.00496469151111345,-0.013654011434878655,0.002801459312432364,-0.008763548937351429
2006-02-06,0.0026131987895399167,0.023760389484960953,-0.00019966207531618707,0.0037893196110283522
2006-02-07,-0.00884640627348876,-0.026236037307588278,-0.0006973560728423811,-0.007864452792446297
2006-02-08,0.009084872558912771,0.0031086601069882924,-0.0005008491653759606,-0.00443883923276045
2006-02-09,-0.0016581498497173497,0.0025828931396789656,0.0005996106590802075,0.004777799823566742
2006-02-10,0.0018194141014471477,-0.00154574339379987,-0.0020960983313220716,0.0009503047266778974
2006-02-13,-0.001816109845584446,-0.02466471284979921,0.0007002383992162908,0.001424800617808586
2006-02-14,0.010600076168840289,0.02528844508627004,-0.0016000257772029736,0.0055341057848690145
2006-02-15,0.003522799442061908,-0.005159831689784622,0.0011017136609781097,0.008804743401615411
2006-02-16,0.00748854992827841,0.025933504994108292,-0.0010009354617013244,0.00670221010351657
2006-02-17,-0.00271011846585667,-0.0013146028085671002,0.004106276571820278,0.010682535125599246
2006-02-21,-0.002484276573067712,-0.00880829970170971,-0.003689821496397294,-0.0012252771032299492
2006-02-22,0.006070730748150677,0.005413697280474583,0.004004076083368835,0.011196082727908951
2006-02-23,-0.0014700946246773983,-0.00030491958841116773,-0.0005987811987820946,-0.001668621792501046
2006-02-24,0.0025566532877610015,0.001930869947626368,0.0007975730564544481,-0.005317486794718329
2006-02-27,0.0003862777539456186,0.009128894592479675,-0.002092902410057107,0.00015280761642100238
2006-02-28,-0.00950151250064668,-0.02603272210019092,0.0020972918371977567,-0.003665209267397773
2006-03-01,0.008890993048344509,0.027657206960401304,3.020317569690789e-05,0.005824731299878927
2006-03-02,-7.705731278595529e-05,0.0008034688513998134,-0.0025003920964442594,-0.0012190626384230852
2006-03-03,-0.004638746360320578,-0.01665679831754019,-0.0020073225668195693,-0.0054930483685218245
2006-03-06,-0.0045821697085141055,-0.015305837330595762,-0.005527099678250935,0.018103825201186474
2006-03-07,-0.001560490858319108,-0.03523332825396941,0.0025268814039705045,-0.012055614051087349
2006-03-08,0.00211013227082546,0.0059076389944563434,0.000504073833069052,0.005186648379988945
2006-03-09,-0.00670592092199751,-0.010144301171540526,-0.0013095738370921817,0.008193891008239085
2006-03-10,0.009498923128567593,0.02103576550901831,0.00040372773845320786,0.009030690475752001
2006-03-13,0.0018662660592005942,-0.0010563523378345208,0.0018150388132072148,-0.006563253305310934
2006-03-14,0.010478856342925447,0.031200227310768547,0.003321768847273754,0.00720747381614717
2006-03-15,0.004455354762685104,0.011589549838602498,-0.0027083787639730073,0.0189318545750643
2006-03-16,0.002065024085608602,-0.008922150620075175,0.004224411593944044,0.010388009723586222
2006-03-17,0.000835036371738207,0.007058850725048638,-0.002204363000714471,0.008978260060438892
2006-03-20,-0.0016075787033029698,0.0056888893405757646,-0.0004007840534158147,-0.016831568469884206
2006-03-21,-0.006288051014823215,-0.02020213371692292,-0.0026116342179658414,-0.011599248415063212
2006-03-22,0.006096191470955414,0.011030816383017061,0.0018134105544471701,0.0022285515643345466
2006-03-23,-0.0020712826188806766,-0.009278872819791117,-0.0008042474891720719,0.0026673425551555496
2006-03-24,0.0007686556360986252,0.008645352795548122,0.0017098298423474656,-0.0014775698900971745
2006-03-27,-0.0014589435513883142,0.006122774957460608,0.0008031642631778357,-0.011547126284438325
2006-03-28,-0.006152991682022879,-0.018255756935586898,-0.002508061192501909,0.011083216001732232
2006-03-29,0.0062684377404216285,0.019111538217552404,-0.0020127372605064364,0.0186633742687905
2006-03-30,-0.001768698855823203,0.005068387030895183,-0.004536449693431477,-0.01439557642627165
2006-03-31,0.00023076568835644906,-0.0015127440268530856,0.0033419044770026662,0.0020653263145853362
2006-04-03,-0.0007697198094405167,0.028283022050127338,-0.0009827724132364102,-0.017225595918140435
2006-04-04,0.006397549933711444,0.00589354345010995,0.0013179909532445855,-0.006891682512045083
2006-04-05,0.0034469012289655154,0.010254136219843835,0.0007091171394866258,0.00543063469688998
2006-04-06,-0.001068640803677079,-0.005123090137657549,-0.000809661164035802,-0.004051255678510501
2006-04-07,-0.010162695828809687,-0.015254673037773281,-0.003342827409450355,-0.015064845720272113
2006-04-10,0.001543990034300169,-0.003453285676101814,-0.000914790313391034,-0.009482505731006396
2006-04-11,-0.008478896346870934,-0.008514848982600354,0.002034160889379022,-0.002470976215679932
2006-04-12,0.0018661106871398214,0.00579151709740322,-0.000913050851925834,0.0
2006-04-13,-0.001319312935715522,0.004765820834866874,-0.0020321742834078504,-0.013158168361179667
2006-04-17,-0.00038820875145173517,0.011857570076349688,0.0016294101581335596,-0.0028227846024664327
2006-04-18,0.01585557509379143,0.03320354480188925,-0.0007122152613445731,0.02438222377208299
2006-04-19,0.0019126689619703985,0.006143115516575648,0.0009156279209436846,0.012284902491862315
2006-04-20,0.0013745364165564933,-0.0035693825468892104,-0.0015244587574543278,0.001061502136711967
2006-04-21,0.0001527031821193514,0.007825057861829965,-0.00010176654624649561,0.0001519181204432396
2006-04-24,-0.0018298081966510171,-0.013096399956337046,0.0037668979011988846,-0.005151768078875074
2006-04-25,-0.004125120238223645,-0.013743925659655098,-0.003346679483716697,-0.007614887758012667
2006-04-26,0.0002300100456296139,0.01970196809145519,-0.0017292863990019391,-0.0030692068091894287
2006-04-27,0.004831379527650892,-0.015740063504222968,0.0023433914068773376,0.006311571180149134
2006-04-28,0.0033581687042065766,0.009767654011380467,0.0022381821571586524,0.00367124264441121
2006-05-01,-0.008138986148074068,-0.00028478403482057324,-0.00392216156979508,-0.012040759908107823
2006-05-02,0.0075156481030855815,0.017643641538837906,0.0010230710670398047,-0.010182122334795096
2006-05-03,-0.003729708456332359,0.0011188206503245368,-0.0007150002001712341,0.0018705125958828894
2006-05-04,0.0035908563354696277,0.009776351033830899,-0.0005113063112462957,0.01415656952410993
2006-05-05,0.00883063088792535,0.016136669229494416,0.0018406639078336617,0.012885569444301748
2006-05-08,-0.0012077315754064344,0.007259677411149967,0.0007147064745411935,0.004391821725610701
2006-05-09,0.0019645314782466006,0.0009007541844705536,-0.0005099037532396711,-0.00045203491258760664
2006-05-10,-0.0005275017674006843,-0.01080103049863923,-0.0011233533976692245,-0.0036204231312600976
2006-05-11,-0.012071341594774743,-0.025477876454127246,-0.000612582641936088,-0.01847098742219866
2006-05-12,-0.013058137989467866,-0.02614372769086981,-0.0021475515980298177,-0.012648049425844299
2006-05-15,0.002011616045638265,-0.023969224372896947,0.0006153607032099995,0.013747040696755919
2006-05-16,-0.0014671968863464446,0.0050094060326535406,0.004915599458295894,-0.0038526242264119714
2006-05-17,-0.01902420166942642,-0.03430729737959004,-0.0028545859877049384,-0.01871895051050021
2006-05-18,-0.005045214010902188,-0.019230698725338335,0.00419091286481299,-0.007725036228569682
2006-05-19,0.007051423450777916,0.021568262010829287,-0.00020379328087594129,0.0023831493445818364
2006-05-22,-0.007631363013002157,-0.047074985713692064,0.00020383482104291417,-0.0026942454191585252
2006-05-23,-0.007611150312952897,-0.01091890006973284,-0.002748088908961388,-0.010966469598101325
2006-05-24,0.007989120703344454,-0.006967163713326063,0.00020442679682841636,0.0016071740604806095
2006-05-25,0.012363728816014108,0.04252577643472133,-0.0001018329279792729,0.01877108198761146
2006-05-26,0.005089314224129948,-0.003002633778058539,0.0042860493452361315,0.011968120661534742
2006-05-30,-0.017759962175190602,-0.043094346496686864,-0.002236075198529308,-0.00824785975866904
2006-05-31,0.01118186388608633,0.016820146439479267,-0.002240799329202958,0.0017262401828286311
2006-06-01,0.009567945040194648,0.020490859830796015,-0.0007882244433313756,0.018327096626447936
2006-06-02,0.0020973179112711016,0.010249006361128687,0.0076901888320914935,0.011536670045649844
2006-06-05,-0.014573611711182766,-0.04244277813346131,-0.003256048094689601,0.0048658714587199725
2006-06-06,-0.0024385749300641635,-0.00735151655855748,0.0026549069653623025,-0.011954989381870451
2006-06-07,-0.0074911663354042535,-0.02199959554490738,-0.003156806525391742,0.007045663135468505
2006-06-08,-0.0008743777919061335,-0.017816973655726764,0.0033706183485417984,-0.0021294252075999553
2006-06-09,-0.0031809613984640217,-0.013038722589865825,0.001425270435791326,0.006553905635417134
2006-06-12,-0.010849535595123472,-0.03722005451312538,-0.0030498959029959805,-0.01196222721002671
2006-06-13,-0.011613815229438829,-0.02219296510667057,0.002855048718385156,-0.01026792339734417
2006-06-14,0.007751838409497891,0.028675932776328406,-0.0037619614569208704,-0.008517320446556065
2006-06-15,0.021214322317114842,0.05824417010444227,-0.0016325556665438556,0.020928094767163063
2006-06-16,-0.007286798050848753,-0.005716760075314742,-0.0006129492930878611,-0.001988779428295895
2006-06-19,-0.007862292718096575,-0.037204233138217524,-0.002660639321889202,-0.0068975319169143345
2006-06-20,0.0033962310635282655,0.012295256629196283,0.0006155374971645866,-0.005247913636558632
2006-06-21,0.007413863364534867,0.03238868618199642,0.0003067878043103711,0.011637252052355773
2006-06-22,-0.004399169437371286,-0.017927155168873332,-0.004303352386041848,-0.007055453761865005
2006-06-23,-0.00016105929641474503,-0.0017116148837976741,0.0005158220222549748,-0.007568721439783377
2006-06-26,0.004420023996328348,0.0,-0.0028802246001786713,0.010664952922315729
2006-06-27,-0.00864068265444029,-0.0188570878856702,0.0027849758616835807,-0.0010893934014135631
2006-06-28,0.006778772923578424,0.031333887269975325,-0.0010290519389554165,0.0029606123069212398
2006-06-29,0.020200270221333305,0.059407793272447496,0.003501354082483754,0.02221518808117562
2006-06-30,7.879473506489099e-05,0.0010664768419412773,-0.00010309846551870283,0.007598907395504728
2006-07-03,0.004085464971998576,0.022151260741924972,0.001525596706964949,0.01855190109901872
2006-07-05,-0.005711952135065701,-0.031048352059719786,-0.002983810343218818,-0.0016286448638637152
2006-07-06,0.002911712971116698,0.020430499513087064,0.0009288361557411307,0.002372971742042873
2006-07-07,-0.0065129195005316776,-0.018967609356545734,0.0037112480467447195,-0.004143494293037175
2006-07-10,0.001895477696822745,0.00805579556226732,0.0009244711853872989,0.007875376892439556
2006-07-11,0.004414759467882279,0.004795071549756669,0.0016422175857571109,0.001621760842776876
2006-07-12,-0.01067385608900373,-0.022269390177059978,0.0006138278917720008,0.0026493603757193895
2006-07-13,-0.016263777654756173,-0.039587637005022436,0.0008200830564997208,-0.013505634710106684
2006-07-14,-0.0038707491164334806,0.00508138821281956,0.0013297723934444505,-0.013690598491817085
2006-07-17,-0.001457459631713287,-0.015730012612112376,-0.0021463293353108925,0.0
2006-07-18,0.0051079322142455474,0.013927077754324113,-0.0007161944136692133,0.015087558990843464
2006-07-19,0.013874202316911166,0.061697638091624096,0.003893135103667511,0.015458123427009696
2006-07-20,-0.006841735502131185,-0.028738033745635327,0.0010213249946775527,-0.008197101032663912
2006-07-21,-0.007049712611939762,-0.019434721475710015,-0.0006120271753184969,-0.016381072751129655
2006-07-24,0.01823293998663611,0.04498392642377613,0.0015301488477832415,0.01650388543572401
2006-07-25,0.00356555555237148,0.0026643574894515965,-0.0008146948527198994,0.0051664045855315255
2006-07-26,0.0013421538857176785,-0.004251387456693068,0.0006110381246156038,0.0035235657893240013
2006-07-27,-0.0009464836228002538,0.013767712083634587,0.0016307198900162856,-0.0032187474856010256
2006-07-28,0.010023219596664967,0.02147597286104408,0.0021357327327342635,0.014533264985665761
2006-07-31,-0.0010158224929407433,-0.00958489115035488,-0.0012178076311117891,-0.003328354615519502
2006-08-01,-0.004927659848054655,-0.01612887882309144,0.002439082456991315,-0.005225970961757476
2006-08-02,0.0067601421515637306,0.013220328624601096,0.00040671801460923085,-0.0018981812782077334
2006-08-03,0.0026544614436501135,-0.0010437617410817834,0.00020366608880961756,0.009505347521641339
2006-08-04,-0.001713181030851274,0.002089614515823124,0.0031539143502712363,0.015787940858075444
2006-08-07,-0.002339854205796077,-0.0062564908540785336,0.0001018453501664407,-0.009838969882381421
2006-08-08,-0.0038314678567327176,0.0,0.0,-0.014833308205765672
2006-08-09,-0.003374643781149378,0.00377758288451413,0.0008113606593822542,-0.00613939147721787
2006-08-10,0.0030711213779117674,0.010244629638561875,-0.000507421399606689,0.0007355161116555653
2006-08-11,-0.002826724563566141,-0.012106954792354907,-0.001723044616872893,-0.006173094435955262
2006-08-14,0.0007880071728327831,0.003980890784726077,-0.001117322307634394,0.009612685525490106
2006-08-15,0.011957810488987697,0.02451721748832525,0.002440128355070348,0.011425723695229761
2006-08-16,0.008318462402560733,0.00977606443321588,0.0033471241260334406,0.0018824825971313075
2006-08-17,0.002544072784463003,0.0014117865213874037,0.0001010128527063614,-0.001445853017293497
2006-08-18,0.005075992384199202,-0.009466183868794498,0.0007074408617167016,0.004487932285089924
2006-08-21,-0.004284874238794312,-0.00518521701083674,0.002424459994968098,0.0057643492256067574
2006-08-22,-7.681029096195946e-05,-0.00030672699904477074,0.0002018654273987508,0.007020722195059559
2006-08-23,-0.002767151678370605,-0.018094422256732745,-0.00040414042957437335,-0.007683387131869779
2006-08-24,-0.0008478295462261976,-0.0027065018629536253,-9.986536072059682e-05,0.0038713151669109713
2006-08-25,0.0012344451708703463,0.0028185580597299698,0.0010068949776111946,-0.0007139233545393475
2006-08-28,0.004776511458046695,0.01134687155235814,-0.0009061072879268384,0.011863406818766853
2006-08-29,0.001149756280742098,0.0033967098202039026,0.0004043038250960418,0.00014183528745737028
2006-08-30,0.000613036287148816,0.004308708049374443,0.0015101425147454606,0.005932448522437461
2006-08-31,-0.00015308129581426133,-0.0028599135683095023,0.0013077459677890424,0.0008419213997159503
2006-09-01,0.00597024566807991,0.011165810048442859,0.00013095356933479074,-0.005751823104333531
2006-09-05,0.00190249276338883,0.005470274163756006,-0.0012101826849870712,0.010159370764523334
2006-09-06,-0.008810277875095474,-0.028715088614608253,0.00020238501992309033,-0.004748913922261067
2006-09-07,-0.004597383775734709,-0.011411168054025866,-0.0003033760722748191,-0.008140211662396535
2006-09-08,0.0028485663650159587,0.008185034411551939,0.0013128341178587632,0.009480249933694784
2006-09-11,0.0009978046782830319,-0.02154453259932998,-0.0007058816123505229,0.003224072263692923
2006-09-12,0.009815061941983672,0.017125408690892963,0.0024217950919172004,0.012854723117104339
2006-09-13,0.0040248021221487296,0.014955498435739178,0.0008055707483065611,0.0056556923264192704
2006-09-14,7.576192750935462e-05,-0.008243342701636736,-0.0014080733632594322,-0.005349672619563761
2006-09-15,0.002346949914135976,0.0059221813612935215,-0.00030182608976336844,0.00799882105792138
2006-09-18,0.0013639742281223999,0.011257714007334219,-0.00020232646783835406,-0.007114610972600466
2006-09-19,-0.0024974747791711716,-0.01542199770095709,0.0023181728802084134,0.007440991397149821
2006-09-20,0.005310942724205514,0.02053926151989116,0.001106366727652519,-0.002188348642456317
2006-09-21,-0.004829895101526316,-0.0243951809442724,0.004318797549790254,-0.011103316311389944
2006-09-22,-0.0030333247856098033,-0.012711107093496654,0.0005989587758905568,0.0026339351144255563
2006-09-25,0.007682494094044312,0.011608207721779396,0.0019991930854912354,0.0015072746654305469
2006-09-26,0.008303274699194674,0.011788098000378833,-9.99020420351382e-05,-0.0023692192639838128
2006-09-27,0.001197372641922101,-0.0022682977709699292,-0.00039916375573723073,0.008800391631776483
2006-09-28,-0.00037368046126851073,0.008060697469040479,0.00030020185581092207,-0.00207695913987338
2006-09-29,-0.0008225675714610414,-0.007996242179938773,-0.0007980606289420544,-0.0009718441340547113
2006-10-02,-0.0037434028304490496,-0.0016533324349671252,0.0009411520282553987,-0.0019442089416097375
2006-10-03,0.002104218464826557,-0.013559852516796811,-0.0001993310888693811,0.009741652495541597
2006-10-04,0.011697366310904345,0.026757743017756797,0.003906588711126702,0.011576398008388056
2006-10-05,0.0019271143484533848,0.013285597915807745,-0.0030936978933695514,0.006539281913125139
2006-10-06,-0.001257705880221005,-0.0025212400447551797,-0.0037029377132437036,-0.006226494333676502
2006-10-09,0.0005925878989219147,-0.00374123314714081,0.0021097299721921647,0.005720811901027245
2006-10-10,0.0013327754523762003,0.009032827867273996,-0.003910414916617144,0.00013487627454300544
2006-10-11,-0.0011825746893523448,-0.005331102173169122,-0.0011068377598616452,-0.0037907783088726443
2006-10-12,0.008659168697837671,0.024370627358021535,0.0010072741467370694,0.009106835431820892
2006-10-13,0.002568451333860411,0.00592305998713738,-0.0025161729388573084,0.011449394241320743
2006-10-16,0.001536419973747094,0.002747988436578419,0.0016146637850613654,0.0021310070087672273
2006-10-17,-0.0031422056792705932,-0.013114239643689851,0.0015106545515488623,-0.0033230881612975605
2006-10-18,0.0013196386988107989,0.009817244416680637,0.0012068397220807991,0.005066731967602767
2006-10-19,0.0016105264520183127,0.004419555776289608,-0.0005015612186146656,-0.002387279073128523
2006-10-20,0.0002191771032347134,-0.004693045117267536,-0.0003019488688341676,-0.0013300736263054391
2006-10-23,0.004604661006204269,-0.0008843068573599622,-0.0029162010389260917,0.0059920463948119895
2006-10-24,0.0029817517428345486,0.005702629075488463,0.0011096278451587782,-0.005162348983466014
2006-10-25,0.0034091851574218346,0.01163332562983288,0.002418474607269294,0.005056401307270919
2006-10-26,0.0031079091615058285,0.002415991818899066,0.0034156846573276667,0.00992792697035716
2006-10-27,-0.006268817795268555,-0.0166778730484205,0.0020043809942891233,-0.006684886727308714
2006-10-30,-0.0007253166445888581,-0.0034315336158221577,0.00019886330288465537,0.005674865480603364
2006-10-31,-0.0001450577701279654,0.019183794468750737,0.003699019481277155,0.0017055046422997933
2006-11-01,-0.006749649320271667,-0.01003862540252487,0.0017197464627511927,-0.0077285628147569785
2006-11-02,-0.0005840196128535924,0.0031200714110621863,-0.0010989596515298405,-0.019009694416438738
2006-11-03,-0.0017549175265347827,0.0031105345055981726,-0.005195985721247021,-0.011035382695034013
2006-11-06,0.011279012078896145,0.023740333278093217,0.0,0.009253205728669611
2006-11-07,0.0038383306600442424,-0.004259429266845638,0.0025114393623792974,-0.01092101437391324
2006-11-08,0.002163937471905797,0.0025664422003275345,0.0027048924683936715,0.0034084699701155685
2006-11-09,-0.00525488171567301,0.0034135721075709835,0.00030045844142834177,0.0014939844401871127
2006-11-10,0.0004340869352073007,0.0014170959353330126,0.0021973400475805427,0.0040692816998102455
2006-11-13,0.0024600479017091725,0.0033969010581564874,-0.001196370078241249,0.0024321837700436166
2006-11-14,0.00750463089639597,0.01561046102104946,0.0013978488423020963,0.012668069233044088
2006-11-15,0.0028644035396028222,0.0018518698934828492,-0.0018935314454004981,0.0011979083125794876
2006-11-16,0.0025710753246672713,-0.010074074971536007,-0.0008994870602233584,0.006778961013134799
2006-11-17,0.00028480424022525597,-0.0011204351427078763,0.002598802871903061,-0.003828695087162992
2006-11-20,0.0005701456742790434,-0.003925639604213216,0.0006990481973676577,0.03459285317820071
2006-11-21,0.00099611850843484,0.015951954038095018,0.0012948196047075644,0.016140836792918778
2006-11-22,0.001990875181281382,0.007019638147264251,0.0013923705185063806,0.004412593139813792
2006-11-24,-0.004044534871907923,-0.00018391217019209094,0.00029733034795720314,0.0042673398568551235
2006-11-27,-0.013751657857800859,-0.018896673694590582,-0.0004963824743785539,-0.02699623636454085
2006-11-28,0.00433436859546843,0.005796915392017654,0.002682589415090586,0.002697856193818904
2006-11-29,0.01043049332211532,0.016175431960200104,-0.0014856282474685623,0.014091020081896
2006-11-30,0.0004273987287568559,0.00448251112146103,0.0030766460127849005,0.010485297891301926
2006-12-01,-0.002206118663746759,-0.004097969850717753,0.0018675355153325857,-0.001875531578454659
2006-12-04,0.007630552247162914,0.020850208336455234,0.000991399739725285,0.011648448417129975
2006-12-05,0.004317454629424455,0.017468325482467018,-0.0005951057994142417,-0.007675968457106497
2006-12-06,-0.0008455681570536111,-0.0068673991335566065,-0.0007929283045322588,-0.00561386422075294
2006-12-07,-0.004372568646649477,-0.0035462112669067958,-0.0008923020025689565,-0.006148301015754809
2006-12-08,0.0018419252741708192,-0.004448136710206607,-0.0020839201451214873,0.0032824707398759756
2006-12-11,0.0028986229631244864,0.000446793396089884,-0.00019991845126654528,0.0022647375792943514
2006-12-12,-0.0007755892720485713,-0.012059112787406678,0.0027868737007901156,-0.0045197787573306725
2006-12-13,0.0010585336460171568,0.005425087342494805,-0.003076703011715254,-0.005171140539521835
2006-12-14,0.008810427329837944,0.017086500559351014,-0.0013939891726983955,0.0007607044547375263
2006-12-15,9.171951212549878e-05,0.0044209858960209125,-0.0001995461247589203,-0.007473904415784549
2006-12-18,-0.0027396690075486285,-0.006954785882225756,0.0005990310723633652,-0.006254132388168077
2006-12-19,0.0019020985692521641,-0.006293335584065862,0.0006964942983787026,-0.008476818973972122
2006-12-20,-0.0005624808917107371,0.011064968500988037,-0.00039804132289700256,0.010492158632326998
2006-12-21,-0.0036584124821329445,-0.00178934382026541,0.001992705197623401,-0.008203758015034701
2006-12-22,-0.006143087120994428,0.0035855600024821133,-0.0008945253536368769,-0.008777415078035089
2006-12-26,0.00589688018979917,0.009289863207651017,-0.0002990555991871924,0.007179903964450229
2006-12-27,0.00656859027086476,0.014249017103501682,-0.002706557038787083,0.008977034725497601
2006-12-28,-0.0021050113203846532,-0.0019195142602717041,-0.0013021835796462877,0.002747308991031039
2006-12-29,-0.00414877918485046,-0.0018362233586286525,-0.00010050396439531539,0.004697255190712291
2007-01-03,-0.0017655446776589923,0.00849624829038631,0.002106413310965616,0.0015586134698684084
2007-01-04,0.002122677136923601,-0.01380938988883007,0.0021023956172874225,0.001296568783323071
2007-01-05,-0.007976765729067359,-0.02923816673067048,-0.0006998964644149286,-0.018518798944434867
2007-01-08,0.004625059481981886,0.007257535713349084,0.0005991325167045147,0.0014516317370785181
2007-01-09,-0.0008495690900111041,-0.022336262205025492,0.0,0.012647621158801803
2007-01-10,0.0033313210640288915,-0.0023029485857601895,-0.0010978541996434776,0.012881278758717807
2007-01-11,0.00438070722431827,0.01264975687768266,-0.0019002829637860819,0.012973673791188522
2007-01-12,0.007597000953231792,0.02033382277217255,-0.0014020896196534904,0.003170221974210463
2007-01-16,-0.001954739852102483,0.0035748020605912423,0.0013038564205938297,0.014157643299402167
2007-01-17,0.0004199046652455518,-0.004185555275892594,-0.0006013856357344194,-0.00037443793678093584
2007-01-18,-0.003356841007982503,-0.0105517441283981,0.0014038265858378196,-0.0012469855948408215
2007-01-19,0.001964720896658223,0.01798502020660564,-0.00040023811981038104,0.009987604896790403
2007-01-22,-0.0030807241354263715,-0.0011546571751506196,0.0005002244719711779,-0.00840494648887824
2007-01-23,0.0029494010693875694,0.02275365520573147,-0.001901829799593413,0.004736795300894325
2007-01-24,0.00805331867034953,0.008690584680178581,-0.0003003782081395512,0.01302721726394096
2007-01-25,-0.011740022932918426,-0.03075733872304176,-0.0013052262335062625,0.006123377946731345
2007-01-26,-0.0009138126674878011,0.0061331580332986135,-9.985271039414378e-05,0.003287085366320719
2007-01-29,-0.0005628371143894251,-0.01325194218629211,-0.0013056222621352642,0.0032752951455428114
2007-01-30,0.0052090224433554155,0.01548943164228489,0.0015080023775864149,0.004959013666587575
2007-01-31,0.006723057556020651,0.007758987218626112,0.0008041586667382195,0.007942302369742915
2007-02-01,0.005983372199372949,0.012248419474182093,0.0005338250196817995,0.003939407665669803
2007-02-02,0.0013827362449561065,-0.0030254569807063314,0.0014105156658181794,0.0017840500146262261
2007-02-05,0.00027636021605847993,0.0009534801361499312,0.0016084870893626757,0.0
2007-02-06,0.000276134033631914,0.00987407697965037,0.0019080223443304067,0.014719438876754865
2007-02-07,0.0022084624374152373,-0.0038595255792570615,0.0012032416722176364,0.020940310740334755
2007-02-08,-0.001308571874380715,-0.005338116069798282,0.0005997747645651863,-0.007676358487377688
2007-02-09,-0.00744688086943579,-0.011944756934456735,-0.002301000871097525,-0.011547705758776394
2007-02-12,-0.0034045168349060573,-0.006833320321741887,-0.001002715793718023,-0.01810719535124894
2007-02-13,0.008435145134437327,0.01587735195651918,-9.943722760541451e-05,0.019393364818858894
2007-02-14,0.006566909807757426,0.021533640512709784,0.0038142781077854515,-0.007119821428115514
2007-02-15,0.0013052754142302003,0.0005947731517563781,0.0013991405114583966,0.00740534391214176
2007-02-16,-0.00048019747339622665,0.0022935972000661664,0.0006992378795995791,-0.0025672470400779357
2007-02-20,0.0021270786132245867,0.002627651542559839,0.0004993295793032093,0.007721072206895663
2007-02-21,-0.0004108259816485438,0.002958459938953384,-9.955836235986393e-05,-0.0032504586659592993
2007-02-22,-0.0007535276870319629,-0.0025284656642533543,-0.0019952315749177663,-0.005357040503341404
2007-02-23,-0.003907655572547131,-0.007181930307319062,0.0023983577807475953,-0.017447436443015385
2007-02-26,-0.0008950670714047426,-0.0004258971829922409,0.00219430795228992,-0.0050054128558283395
2007-02-27,-0.03905711981090254,-0.08131101033564714,0.004078436519281414,-0.031021990480908035
2007-02-28,0.010250969930218456,0.025022665414972556,-0.0006932945214168651,0.007416759292968367
2007-03-01,-0.0029807475676708606,-0.014376331983669277,-0.00015945374988357575,-0.01006118648961185
2007-03-02,-0.013094894797397116,-0.009264507356080975,0.002091166525798993,-0.01586505160184859
2007-03-05,-0.009518922068916913,-0.025648279432875176,-0.0005961428166809668,-0.03891708017695561
2007-03-06,0.01710939740531847,0.0439036294706765,-0.0006958138186980989,0.03669258924084007
2007-03-07,-0.0010020979508219563,-0.006099278153000598,0.000795885007687902,-0.014030886368047057
2007-03-08,0.008455348652408157,0.02582920556303847,-0.0008949615542882539,0.016025227243533502
2007-03-09,0.0002845063179293117,0.0017857290637504075,-0.002785808140090773,0.013249664427392949
2007-03-12,0.0014909594732348541,0.004901925490641501,0.0030930799962536337,0.004980784749912592
2007-03-13,-0.019434123397543912,-0.02909092417467296,0.0025860446955667804,-0.02354405260764658
2007-03-14,0.00745033716857213,0.008221421183642663,-0.0011899067365492844,0.0048225830076145115
2007-03-15,0.0013644420617762165,0.008154226496070338,-0.0010930395419567196,0.008966818934472487
2007-03-16,-0.0028000911241413684,-0.008537710539683552,9.852699781176533e-05,-0.011140265582987974
2007-03-19,0.012055030554801949,0.02193621578348459,-0.0006953448728079792,0.009999735910281027
2007-03-20,0.005492118994266937,0.00656352830904372,0.0009946186146376768,0.004010795123448485
2007-03-21,0.016458126222824054,0.029961260033901427,0.0012928638560167904,0.012108023212758834
2007-03-22,-0.0007685629178386666,-0.004278001334306336,-0.0018864012375028327,0.0009872385283453688
2007-03-23,0.0014671223062150407,0.004640085914473291,-0.0013931918366488771,0.0006162211803875106
2007-03-26,-0.0013254481829962916,-0.0005985596458505382,-0.0005965565251809801,-0.0160140592150686
2007-03-27,-0.002373786991073601,-0.004449969013445743,0.00019971330106116625,-0.010446828168084066
2007-03-28,-0.007280012698391514,-0.017880096883875707,0.0004980026584433528,-0.006613983038270321
2007-03-29,0.0010577539445899564,0.019868722782380388,-0.0015934222987934454,0.00166458508746814
2007-03-30,0.0002112663510638324,-0.00017186469176744268,0.0,0.014316361426087054
2007-04-02,0.0011264397615045052,0.006866864448440202,0.0012914315136987042,0.0063011059664763724
2007-04-03,0.010762848435433403,0.016368280289564607,-0.0009992531407556626,0.008766499446299925
2007-04-04,0.0011132664350470556,0.006291300815333578,0.0011002711575451851,-0.004965538725127505
2007-04-05,0.0027109450348381525,0.0009167615395073714,-0.0009001891652007377,-0.0009982723814264682
2007-04-09,0.0013868769132501235,0.00574621642269002,-0.003802647728016195,0.0018733960730550336
2007-04-10,0.0011771528630009076,0.004719753709856445,0.0015066536016368204,0.0041134727074756405
2007-04-11,-0.004080248855492075,-0.009230477267968218,-0.0006016465217725253,-0.01489755071843002
2007-04-12,0.004443989151007743,0.01671941667679322,0.0012044237415445025,-0.006804747511991782
2007-04-13,0.0045624032657014535,0.0049083321848579775,-0.001604191920278164,0.011292936475507664
2007-04-16,0.009496305620416479,0.01188651989708056,0.0020083602415397195,0.0012548332646988847
2007-04-17,0.002658057028610994,-0.005390527982340854,0.00290644098259607,0.01303183525172602
2007-04-18,0.0012247246684178315,-0.007442293216571194,0.0014989957820350508,-0.006185071441977663
2007-04-19,-0.00027228478493168673,-0.008068459691590646,-0.0003997666423647406,-0.00672068772268386
2007-04-20,0.009440944725816802,0.011913387945327703,-0.0004983088475140063,0.007518306021782717
2007-04-23,-0.0037681271986741427,-0.003978116046485791,0.0009981925277311454,0.011194240631647867
2007-04-24,0.00040566429115429514,-0.0001631790438734182,0.0004986658719241532,-0.006765399385414539
2007-04-25,0.009181793796239957,0.012393370327544284,0.00039892222382253983,-0.0006193103644007714
2007-04-26,0.0011371011685981092,-0.002657668250849121,-0.0018932843914891695,0.0006196941474090334
2007-04-27,-0.00080213034726484,-0.005006912502834138,-0.00020016401187161748,-0.0024768271338939662
2007-04-30,-0.008292370594029874,-0.019315073522409243,0.003396056983568041,-0.016138935399711896
2007-05-01,0.0025627190128021393,0.003972369478635107,-0.0005793050944598033,-0.008706535791055847
2007-05-02,0.00585141523099697,0.019864566844361997,0.00029902642372192645,0.007891971184962543
2007-05-03,0.005416737830481688,0.008405471638749384,-0.001098946277185986,0.002652065972702733
2007-05-04,0.0037911224931690413,-0.00032018371920994326,0.0013006970743696389,-0.00869097256462703
2007-05-07,0.0001988093212352826,0.006493943876137331,0.0009987870288654666,0.00279513786300134
2007-05-08,-0.0013252990998648961,-0.012984287746533929,-0.001096824723624934,-0.006588948795060667
2007-05-09,0.002719862741393575,0.01614102413652785,-0.0011999932292573456,0.010841935936080738
2007-05-10,-0.010452095159713792,-0.024462257170512203,0.0017009736364217432,-0.013375267059428597
2007-05-11,0.008557025956933417,0.025401182248248944,-0.0019970443796889503,0.013556590072057562
2007-05-14,-0.002187414204300242,-0.009924455126166687,0.00019918917024419613,-0.005678340711207874
2007-05-15,0.0002658137458448895,0.001202828826458724,-0.00040072027417925593,-0.015227972723921512
2007-05-16,0.006840623837329085,0.014497451205661038,0.00020165157823481827,-0.012372160983279867
2007-05-17,-0.0019788191137599664,-0.0036315320262225725,-0.0017024922392911979,-0.017352805045652064
2007-05-18,0.008724281763904385,0.005150192382601837,-0.002907285856199815,-0.0100921856391738
2007-05-21,-0.0005237807508732262,0.001813113556467849,0.0020111086075691453,0.004024221622550783
2007-05-22,-0.0007867205705711644,0.00015758326820347612,-0.0020070721674572134,0.014830209223573476
2007-05-23,0.0001307624008175523,-0.0015736441862106432,-0.0008038892696765609,-0.007636201070074566
2007-05-24,-0.009052836063468739,-0.024034607862569946,0.0004018960130927063,-0.016714784447543152
2007-05-25,0.004170769510587924,0.015341198318832294,-0.000503013313423728,0.005666343512920724
2007-05-29,0.0036255994124139157,-0.0034197144091148157,-0.0010063299962843608,0.035685463691208064
2007-05-30,0.00814532817730207,0.010213939862009136,0.0012097333359335494,0.026812977316338138
2007-05-31,-0.0010423253383226028,0.0028438274657351936,-0.002213924813392887,-0.004036470574704576
2007-06-01,0.004957004422925904,0.024968431800062918,-0.0010334375017369002,0.0013935674266698506
2007-06-04,0.00012977450942419644,-0.004456922331275259,0.0012166155859101302,0.004047189670848272
2007-06-05,-0.003958450612056463,-0.003473787518651239,-0.002835523507900839,-0.01587293726469219
2007-06-06,-0.010749663982777435,-0.025174691689841544,0.00040633344650964354,-0.006784583608453687
2007-06-07,-0.018045374179595508,-0.015415041929535689,-0.00690262114147655,-0.03144693614520333
2007-06-08,0.013011111185213364,0.01767468289539509,-0.0012270429653150616,0.011975825305208243
2007-06-11,0.0017213109299094587,0.00856429594503827,0.0007162549114108074,-0.014990046046315597
2007-06-12,-0.010905405782864697,-0.017377025592391404,-0.005931530882895886,-0.0173542597692381
2007-06-13,0.014968044068778275,0.020004835215172934,0.0015435735600581868,0.022143374475010136
2007-06-14,0.006386167895075179,0.015689832355426203,0.0019524777246853198,-0.010765578695711042
2007-06-15,0.005690389953315611,0.022785331568842215,0.003587031990537559,0.01101781387801326
2007-06-18,-0.0011763264150772557,0.0009065362826425893,0.0007155532090410421,-0.01541550013093651
2007-06-19,0.002485787705536424,0.0011312297754664247,0.0031642997039957876,0.0018894709718351166
2007-06-20,-0.013897521611922592,-0.00851565112976893,-0.0030527156625669294,-0.03004189854116812
2007-06-21,0.0055582724616611845,0.012465703495801783,-0.0012249482609122397,0.005555544584049832
2007-06-22,-0.009409274773610865,-0.013213578231622614,0.002350451915551943,-0.0037293293191528187
2007-06-25,-0.004782637134277956,-0.007607776565111024,0.0009182438848389651,-0.016395168708926433
2007-06-26,-0.010278169902078194,-0.008739658720248178,-0.0012234064852745252,-0.0038540199888897897
2007-06-27,0.01422889049939835,0.014230262735611232,0.001938676531974215,0.025644937210793195
2007-06-28,-0.0001331663971019248,0.00022915418309166213,-0.0007123903953861754,-0.005167712074953257
2007-06-29,0.00033278141714210285,0.0035065393490569807,0.0019345323812116622,-0.0037913241808932296
2007-07-02,0.00904055906994139,0.02028417483577538,0.002665859486079558,0.0231148819997673
2007-07-03,0.0036229754456009733,0.0079672423132362,-0.0011207648750374277,-0.0027554322573685175
2007-07-05,-0.001049857678266708,0.00443246016678045,-0.004180020841343612,0.015057474727141695
2007-07-06,0.005256714612771329,0.017136151497272767,-0.0017402714894468874,-0.0012251679490757894
2007-07-09,0.0007844683290698651,0.00968891678426842,0.0017433053139821464,-0.0006814337663600956
2007-07-10,-0.01423926572103762,-0.019693421877287398,0.004300369044519359,-0.025361125143681273
2007-07-11,0.007089981907264731,0.00825468650764849,-0.002243339620643492,-0.0019581659298312237
2007-07-12,0.01579056971479953,0.02195334326945586,-0.0010214293202770452,0.012895477342595552
2007-07-13,0.0029794909833504857,0.012407054103557691,0.0012270502219675627,0.009548990290505266
2007-07-16,-0.0001290615646598603,-0.00980400446896823,0.0020435983066413588,-0.008362071288851691
2007-07-17,-0.0005167299488240129,-0.0007780618550153884,-0.001835861061154631,-0.0035941117956730384
2007-07-18,-0.0018096289283590083,-0.012244366124283479,0.002553687699380358,-0.002219553964431409
2007-07-19,0.003884507742888843,0.009960387184758002,0.0,0.0037545398368530325
2007-07-20,-0.010124488815091981,-0.00688198979897181,0.002343351334503474,-0.017454274816602666
2007-07-23,0.003061759195548852,0.028932398733020337,-0.0006097944982382808,-0.01734146121035829
2007-07-24,-0.017340811781211496,-0.0342285076050689,0.0020327592708222486,-0.02022929737013801
2007-07-25,0.002048920584108549,0.005751060320416501,-0.0006078468299020034,-0.01083577380930778
2007-07-26,-0.02367905792874736,-0.050965095465303145,0.0035533540343923864,-0.01835677692476778
2007-07-27,-0.019659440811118367,-0.012954843271451466,-0.0010115433118264017,-0.03317773836013538
2007-07-30,0.015643169255481038,0.03273581259731473,-0.0005069249484487282,0.019341701175468184
2007-07-31,-0.011263451776316158,-0.02046676611888365,0.003141679155459265,-0.0039780407599384615
2007-08-01,0.004872403413998416,-0.0039228728735309915,-0.002323468995686806,0.01321181992241982
2007-08-02,0.007990234973880739,0.01105651271782948,-0.0005078506340239208,0.0165278992339446
2007-08-03,-0.025745281164381018,-0.043142819055245085,0.00437498649903878,-0.03863341725901981
2007-08-06,0.016759054888991987,0.017847375868094817,-0.0016213923784341722,0.03491029139643098
2007-08-07,0.010670072610374115,0.007459945293429415,-0.0007092825945848036,0.00554744172984778
2007-08-08,0.013940300738014555,0.0335880653315912,-0.0012196921161607976,0.03951087457551705
2007-08-09,-0.029633607337894885,-0.04135958297075304,0.0012211815817084748,-0.011044274135156629
2007-08-10,-0.004677015110362226,-0.017333725445313863,-0.003351340718179996,-0.030166558720149728
2007-08-13,0.0035929621314791937,0.009878092041345488,0.0018334257909691232,-0.00478570918552268
2007-08-14,-0.015285522748767821,-0.025852116540295178,0.0027461177966527917,-0.02869990469445005
2007-08-15,-0.013775850037405002,-0.03928885531231974,0.0013187334022877195,-0.016862722495719518
2007-08-16,0.00751636612724238,-0.01700553230003632,-0.0006074620939285902,0.04012540440007295
2007-08-17,0.018367022819916645,0.03164605058898928,0.002229140711406119,0.022693128069067647
2007-08-20,-0.00048370230384042756,0.0020443799687908104,-0.0009099874544636899,0.018343146711629732
2007-08-21,0.002004719867872762,-0.003673014839707389,0.004656283020783691,0.00464869778982413
2007-08-22,0.011867918007687939,0.04301452996050159,-0.0008065379636957859,0.012145568129853457
2007-08-23,-0.0008862846261576962,0.00510622664132776,0.0012098135505138607,-0.01714218347234364
2007-08-24,0.012352738494209481,0.023837639278857514,-0.002517588612177435,0.0053772116783992185
2007-08-27,-0.009303220201460571,0.004579995991034869,0.0030287716224213224,-0.02168538725355984
2007-08-28,-0.021980641585467087,-0.040653193399934784,0.004026501709445185,-0.030589574082696136
2007-08-29,0.019621483461757627,0.03960374432902691,-0.002005210261084356,0.036585047968221485
2007-08-30,-0.002660924146770327,-0.005104934145546136,0.0021088714552079946,0.005147159938792889
2007-08-31,0.009852291111472677,0.02580808887582431,0.0006018557373743683,0.016532807096462765
2007-09-04,0.010095899156220112,0.016871981568762795,-0.0011166514997199561,0.013240694680514142
2007-09-05,-0.008653267870501913,-0.015123894988700926,0.0032231524561558977,-0.024005503708291243
2007-09-06,0.0023010425436180704,0.00782725301654641,-0.00020009927364694757,0.008877723372871182
2007-09-07,-0.013907223662768309,-0.02255910872538669,0.006224883493640476,-0.02409094186210714
2007-09-10,-0.0019165748766821755,0.0007565934402873342,0.0023953187745842097,-0.010347639689106236
2007-09-11,0.011660901521167277,0.020189141672618094,-0.0017916864878807504,0.020761566095366613
2007-09-12,0.00257584988051085,0.0035579455026515383,-0.0013968111986306653,-0.00585219451099217
2007-09-13,0.007033746378431793,0.011077998798209698,-0.002896565220354641,0.022519033152916368
2007-09-14,-6.735784585565341e-05,0.0019722589284283387,0.0007013480254463023,0.006477898305665253
2007-09-17,-0.005372294617911777,-0.0063424854092025695,0.0004008483808521923,-0.0072940587411681745
2007-09-18,0.02943932710939956,0.048422437511802974,0.002101859166115938,0.035585738426744395
2007-09-19,0.005902766184429753,0.004548554832049634,-0.00020051730827153058,0.01878165360883166
2007-09-20,-0.0070420202624135175,-0.003134467556359266,-0.007090236239609804,-0.025945747043038758
2007-09-21,0.002698364719317725,0.013277180712487402,0.0029162924209884533,0.0071491778827608155
2007-09-24,-0.0018422085018869883,0.01241401522508756,0.00010063491422007687,0.018959311664332956
2007-09-25,-0.0019780076226589838,-0.0037468565250066144,0.0008018185860276805,-0.02484502539764366
2007-09-26,0.005284669357584981,0.013333330232351503,-0.0010015364261134474,0.014579306397459968
2007-09-27,0.00591389392405417,0.014844471353622213,0.001705663886749642,0.007672739288487884
2007-09-28,-0.00333204314003388,-0.006315979683023887,0.0015011509154407854,-0.010660541316120264
2007-10-01,0.011272948622898404,0.03144845109357086,-0.0033724773538506003,0.024349451927672128
2007-10-02,-0.0013606712487478356,0.006811605059740655,0.0038273610022827587,0.01816884362032556
2007-10-03,-0.0020120550913126367,-0.030283651097676723,0.0005009312581434333,-0.004829827773659812
2007-10-04,0.0015604404422029372,0.009966976008563,-0.0004013097663370102,0.010246780554078239
2007-10-05,0.011882054741809478,0.03335531928582025,-0.007926244478867805,0.02348861107661926
2007-10-08,-0.005326010772982892,-0.010632507398784186,0.007889366950345256,-0.01890714868257637
2007-10-09,0.00941813666203073,0.01557285021046928,-0.002107502567866848,0.011164332206852423
2007-10-10,-0.0016609723119029862,0.0013306411593345668,0.0013071698255004982,-0.006966353667026248
2007-10-11,-0.004801144326554874,-0.008795765428318836,0.0007030434560271193,-0.00397105517954055
2007-10-12,0.00553166203053812,0.018258581591977796,-0.0019069390251575946,-0.00943510820713167
2007-10-15,-0.008444036844339253,-0.01222580700882292,0.00030216876204747223,-0.018781776888701862
2007-10-16,-0.007934879687389373,-0.018533846898841966,0.001607927761687833,-0.012168327940328072
2007-10-17,0.0030565909889388454,0.023087235419235075,0.0034127229931237846,-0.0015229165674153222
2007-10-18,-0.003631066681564099,0.005056826000206405,0.0028997326153068492,0.00027709988731272617
2007-10-19,-0.026155880253716846,-0.04276745220592448,0.004588104872955467,-0.04254384046731141
2007-10-22,0.005812508440299791,0.007227731479210409,-0.00029754528406067404,0.026197543407853408
2007-10-23,0.008104744719787949,0.0277234300026048,-0.00029841777822603444,0.010578227138809515
2007-10-24,-0.0018455326964122998,-0.006537446261613122,0.004370041072792263,-0.016748022103240223
2007-10-25,0.002376376552905457,0.012713809177143043,-0.0025702510230352082,0.0021290894829175677
2007-10-26,0.011722715295146013,0.028326421366501986,-0.0008917691294458852,0.0151563807334536
2007-10-29,0.003320270446657503,0.02300590965243221,0.0,-0.016325477384177334
2007-10-30,-0.0069424816931040745,-0.018890410590061024,0.001289064820817698,0.013759107534399906
2007-10-31,0.010388096985616935,0.0219440540089042,-0.0027752503639411064,0.020847930701827888
2007-11-01,-0.023407359406723893,-0.040373658334530216,0.0024653269265173527,-0.04673777439308302
2007-11-02,0.001125239528290134,0.0056718449666735005,0.001096050097394885,-0.014234811857076757
2007-11-05,-0.007605638292785266,-0.03476890891379192,-0.0008956087415999958,-0.014439711893841634
2007-11-06,0.013462787967460699,0.037948071703484576,-0.001293751582219227,0.01257965853648213
2007-11-07,-0.027356221916575274,-0.03185942639102901,0.00019791526210055643,-0.03113130393863306
2007-11-08,-0.005070814486994424,0.005112191538471533,0.0009963658954308396,0.0030168298293002938
2007-11-09,-0.013726594125180513,-0.02352191219897415,0.0034851138673579474,-0.008121574305485102
2007-11-12,-0.00992183299191196,-0.05533833687367862,-0.001388307114773335,0.011524000125706202
2007-11-13,0.03048083319823114,0.07064103975111502,9.866577320782888e-05,0.03312848126770351
2007-11-14,-0.0027689572120159767,0.0009652409265217265,-0.0003971621421116067,-0.020313968766593082
2007-11-15,-0.01442419528958172,-0.02302269940341173,0.004273646997994929,-0.0017766042459654852
2007-11-16,0.00171745319119454,0.012375039461222759,-0.0006935016856538523,-0.018694580562228724
2007-11-19,-0.013923549638205301,-0.046098774747980964,0.0021792544113781176,-0.021771728386050127
2007-11-20,0.0061212758593840455,0.02746915426415142,-0.0020749619488900084,-0.019319926311102686
2007-11-21,-0.020464780312067776,-0.05035156786790862,0.007623905243738349,-0.006934470248338043
2007-11-23,0.017292783337115925,0.029549431814806626,-0.005109550463972323,0.019678896698767767
2007-11-26,-0.022063656845989654,-0.03969329341582706,0.00908582396774138,-0.047937541233237124
2007-11-27,0.011493161888228576,0.03829548438186259,-0.004110548134854675,0.02337745986766926
2007-11-28,0.03198482436246097,0.054780428086706134,-0.0024568967820698395,0.04392965388609138
2007-11-29,0.00033939991881193343,-0.012257951325230887,0.0028569267257643194,-0.016067040825518242
2007-11-30,0.010055768750723226,0.00849136594675759,0.0020634613645644784,0.027216333716505225
2007-12-03,-0.0065923362631885585,-0.008678939277715902,0.0052849967494235095,-0.010749491113100862
2007-12-04,-0.008937758810631413,-0.002613154373333537,-0.0038180197575606867,-0.02693610466702201
2007-12-05,0.016739605862682305,0.04441234521936743,-0.0018680647446984722,0.03365829956890276
2007-12-06,0.014313258766935677,0.015742625087826756,-0.001083535282043302,0.031801325579286166
2007-12-07,-0.00019876941789509495,-0.01185561055932316,-0.005717131814948595,-0.003539096173458489
2007-12-10,0.007753193577016315,0.000312550347068008,-0.001983217791731162,0.021459004685360217
2007-12-11,-0.02741986308345501,-0.04235385984249873,0.004868295875396056,-0.05273787177848832
2007-12-12,0.009870787721506069,0.030006443336139332,-0.0009891205767851297,-0.003365070123186875
2007-12-13,-0.0020757782770201016,-0.02748598434736138,-0.0038594072341027186,-0.011356804468265702
2007-12-14,-0.012678906803761714,-0.023833765133733698,-0.0027811795613639223,-0.02514756401971141
2007-12-17,-0.014269263571324742,-0.04262842680230472,0.0014944443592168621,-0.030891349950730063
2007-12-18,0.00558319204978619,0.02745428325238719,0.005272079547031572,0.015445065776305
2007-12-19,0.0,0.006510621065521693,0.002077498252017973,0.01019376393484861
2007-12-20,0.006306930685072487,0.00545789952688569,-0.0008884644912204864,-0.004167556106753789
2007-12-21,0.014415186528849322,0.030156841836768367,-0.004348376776687313,0.0196202242826109
2007-12-24,0.00742564678874591,0.016913458410870552,0.0002976263922778166,0.03239243670453229
2007-12-26,0.0021446524449988402,0.005183138616128957,-0.003076068542875343,-0.01662021829848115
2007-12-27,-0.012571069739984342,-0.023075759136962026,0.005487171949379643,-0.019902374077710117
2007-12-28,-0.002506062769971007,0.0037605909610873844,0.005366854799320642,-0.017566174038737836
2007-12-31,-0.007399570744172634,-0.012028916818010882,0.0002969774735326336,0.008202519647368955
2008-01-02,-0.008754271616122855,-0.01650039543346138,0.004745475553459055,-0.003091725508691856
2008-01-03,-0.0004833696222005246,0.008997593273297078,0.0026549724874807,-0.031173488616504152
2008-01-04,-0.024506003742906346,-0.030037092239518115,0.0020610196742449904,-0.040599747908866446
2008-01-07,-0.0008496025536935958,0.007327249209809761,0.0012731118185793644,0.00930630400781407
2008-01-08,-0.016148175695194222,-0.00775408793197474,0.0025424141883578777,-0.03462053235663487
2008-01-09,0.010510516729616226,0.03277995968405434,-0.0023411751565907135,0.017660832555394634
2008-01-10,0.0065542784031633605,0.011785335007165054,-0.0020534466694758224,0.015406456602576446
2008-01-11,-0.008068745792579435,-0.028127101372983132,0.004311694744592698,0.00017428517304485247
2008-01-14,0.008062461650812924,0.014708631673263861,0.0007798757815478119,-0.0041850604239924705
2008-01-15,-0.022013143284943415,-0.04523157305559955,0.0036062842881583457,-0.02031125317265403
2008-01-16,-0.00861238005052456,-0.04161124861776988,-0.0030114481990767272,0.011438549637332374
2008-01-17,-0.025916060445191125,-0.029116050107630298,0.0060407722849349366,-0.013606416774382568
2008-01-18,-0.010267353323552442,0.02281311259443264,-0.0001941320275243852,-0.013257228223903628
2008-01-22,-0.010147152223500155,-0.025111036206471926,0.001550273719515216,0.023965807315469823
2008-01-23,0.024021042742520482,0.006364057655537048,-0.0029984679622238053,0.09485775077266534
2008-01-24,0.008441311228897241,0.01942162620394461,-0.0025214497828848215,-0.023481654446631084
2008-01-25,-0.014445475880150993,-0.015211890868891409,0.0017496914390806584,-0.005804413029207645
2008-01-28,0.016536517960297203,0.024745230981846555,0.0019415540443574741,0.033861313637500334
2008-01-29,0.00495408127129271,-0.004902855212029045,-0.0030992453573333023,-0.009034827151548575
2008-01-30,-0.007357799961758671,-0.013162754990061698,0.0015537771537603717,-0.026701684080870147
2008-01-31,0.018234170979046338,0.020044679003233368,0.0043672583000606835,0.0200734976107928
2008-02-01,0.01608779793679882,0.01994278806874683,-0.0010191999337023638,0.041817433003822124
2008-02-04,-0.012608800030838974,0.0030801932025523726,-0.0005820783956909104,-0.01038926642501592
2008-02-05,-0.026774093096652574,-0.05383794184337842,0.0031089091627551912,-0.03531076608482875
2008-02-06,-0.008051925562345574,-0.016376404109953557,-0.000774567700200901,-0.016322986287198304
2008-02-07,0.006613772926462147,0.01695579704935768,-0.008821207435390499,0.023633755455038985
2008-02-08,-0.00642083561555018,-0.0018864035667228718,0.004792153506895325,-0.03193086253840527
2008-02-11,0.005110052160628653,0.012396423591623629,0.002140867655499923,-0.02029752967395837
2008-02-12,0.009270758534567491,0.016126470340821486,-0.000388085681574335,0.028488115434708305
2008-02-13,0.010223052948485911,0.022483082615857963,-0.005926295209035204,0.007889481238507745
2008-02-14,-0.008799655348720292,-0.012862196679615301,-0.00312775960183298,-0.018653782753834558
2008-02-15,-0.00022173356233456953,0.007134049178893154,-0.0004907038805457287,0.008145991722687373
2008-02-19,0.0028115870088454287,0.013082589466956396,-0.004805900631962068,-0.0025250364240024803
2008-02-20,0.002951826150058512,0.008347488014345705,-0.0015769130588801916,0.006244542931113761
2008-02-21,-0.008313846978746264,-0.014009939003692518,0.008194190677512259,-0.027172070556146788
2008-02-22,0.006157825491837077,0.013419858073815627,-0.005287694030517653,0.028275687292401264
2008-02-25,0.012608423858241569,0.01862300376091386,-0.0035441655668400074,0.030516939234021656
2008-02-26,0.007500744232286971,0.013208645969043475,0.004841040236055916,-0.0001626672934308404
2008-02-27,-0.0010117975798024093,0.00843897023134521,0.0020635998009892464,-0.004719035208997302
2008-02-28,-0.009767156465983029,-0.01074987384641013,0.005984948602288487,-0.020602067288465475
2008-02-29,-0.022283825708857452,-0.03975258233426182,0.0038037108462694036,-0.014357412294144
2008-03-03,-0.0023912997264186053,0.005443480652594701,-0.00016582106517359918,0.0069445030993877666
2008-03-04,-0.0038204539100532564,-0.02322257492004487,-0.004290427569176414,-0.009419995351390709
2008-03-05,0.0063163997098494296,0.021003321325032687,-0.006367805008505312,0.013754620514637717
2008-03-06,-0.020698238639864863,-0.03428532773759241,-0.0014787348432380165,-0.04556088923474233
2008-03-07,-0.010300186551102097,-0.013831529371553852,0.0030601448851403923,0.016321300351393786
2008-03-10,-0.013183639955209325,-0.01755057532707005,0.005314670685837353,-0.014160093044599531
2008-03-11,0.03593778808843906,0.06725685100633538,-0.0060697400773430665,0.06498551606285985
2008-03-12,-0.009351402533604891,-0.01852648811740143,0.010244981140052456,-0.021052530622854837
2008-03-13,0.002207430853840675,-0.00910978818682362,-0.004290679482495285,0.011760417423265945
2008-03-14,-0.015495433928721547,-0.03545162021782067,0.004210725057643971,-0.02025899831732636
2008-03-17,-0.010107471989339478,-0.024706505017710545,0.004289905369678992,0.00610169015549511
2008-03-18,0.04154352423911356,0.05199357510304514,-0.0023297937290418513,0.04396893473034691
2008-03-19,-0.0247700042649166,-0.06005213052899405,0.003016851656011177,-0.007584392525669115
2008-03-20,0.018522874409471424,0.016842394564091423,0.003493316828337978,0.033333359489658765
2008-03-24,0.019987705652975363,0.03833549397048719,-0.007348331279157572,0.022501990833811325
2008-03-25,0.0009651555549958779,0.015352635915705237,0.0018505409162317132,0.002559226043306051
2008-03-26,-0.01223576588895503,-0.008113391802761938,-0.0029168626738445003,-0.019180508466938417
2008-03-27,-0.0031532872836861348,-0.0048333738096679735,0.0003903000839833304,-0.008200633785752753
2008-03-28,-0.009564843077342178,-0.001793017151447085,0.0024368052633183535,-0.011766775373035498
2008-03-31,0.003497986495155203,0.005913299676525208,-0.0015557943715382994,0.00386182996543738
2008-04-01,0.03515944155967898,0.03839893087953783,-0.006796890420591506,0.05690002755697088
2008-04-02,0.0006592148637662998,0.0007162935452174057,0.0004935162523975745,-0.004852568513774136
2008-04-03,0.0024869859035381303,0.012174226526807663,0.003147782070364258,0.02285838459355083
2008-04-04,-0.001094495916432403,-0.004033046088815495,0.005101717452626442,-0.01579200226420574
2008-04-07,0.0005111746654400395,0.013284546372215322,-9.79084940444519e-05,-0.00923458493030671
2008-04-08,-0.001022136643350935,-0.005468078721969305,-9.704045420955154e-05,-0.001374955037586112
2008-04-09,-0.007235970644798639,-0.015579216048848599,0.0043930740496791465,-0.02509143776187228
2008-04-10,0.0013990604501987747,0.014321444507543912,-0.003110363797088178,0.009729661748838936
2008-04-11,-0.01940873365733442,-0.016307530433405493,0.002145164388718257,-0.012278622609879664
2008-04-14,-0.0033740642271690158,-0.0023685776808521908,-0.0011671930833890842,-0.005822067021248656
2008-04-15,0.0023320436467582084,0.011726113700258,-0.005358060043976209,0.01013017672838079
2008-04-16,0.027093691506814288,0.029578780726199128,-0.0036233563408767377,0.04058253104733622
2008-04-17,0.0014615352434135254,-0.007251323754193684,-0.00019617356765677663,0.00361392443516384
2008-04-18,0.010434358808728561,0.01509544601827395,0.0026536607785161426,-0.005701567186986556
2008-04-21,0.0005056883237293253,0.0050715240003267326,9.790934274866991e-05,-0.007393854375329023
2008-04-22,-0.004402812670023959,-0.009273356734166405,0.0014711405995393445,-0.002432094645836491
2008-04-23,-0.0015953300394743186,0.014384328882130593,-0.000978816758273271,0.012495915289319148
2008-04-24,0.0043573694209528835,-0.012823268950401978,-0.003723210888209816,0.019867159029776538
2008-04-25,0.009253644648731907,0.007354001042575664,-0.0009841321092981525,0.005608464573862326
2008-04-28,0.00021470269145429377,-0.0019106860254133329,0.0024615842944675226,-0.0013208506156140443
2008-04-29,-0.0039389145164052675,-0.017704523030204755,0.0014735509152394854,-0.010874365312098844
2008-04-30,-0.005896098314399634,0.02059879315905344,0.006078931838086721,-0.01396500578209059
2008-05-01,0.020685698843892153,0.010636738819362446,-0.0017015463960117216,0.021546041752603884
2008-05-02,0.0027635518583315477,0.009579967973499581,-0.0016648185055634368,-0.0008851788057655519
2008-05-05,-0.00480513090731971,-0.000734882560178729,0.00039285921998200024,-0.0028044695238846895
2008-05-06,0.008662991408001197,0.01116845791036769,-0.003235938949982975,0.006957454494022075
2008-05-07,-0.017810250641750125,-0.02976200325724765,0.0028524644084411133,-0.027197839915793276
2008-05-08,-0.002580796554398801,0.01029331742467443,0.0025505387792561507,-0.006045695637683091
2008-05-09,-0.0018684182236754499,-0.00816407918454376,0.00039154652922812616,-0.005473305288408281
2008-05-12,0.011231189151193366,0.012856834441155929,-0.0017607061561403237,0.024002569404959262
2008-05-13,0.00014235942403151292,0.00476882504541587,-0.005683205088530263,0.004031058707334667
2008-05-14,0.002064521601929936,0.002406375666456295,0.0014785597169040265,0.006245268039488661
2008-05-15,0.012502524967617834,0.021272493227845413,0.005313885520728201,0.012117662128902973
2008-05-16,0.0009118973557207255,0.012732622815044392,-0.0024475380738588903,-0.005255937344565309
2008-05-19,0.0027340171695802162,0.00019335709048884375,0.001667859086449175,0.0016148699247111598
2008-05-20,-0.008109055985845659,-0.017340215197527042,0.002154760306277259,-0.013482027394491558
2008-05-21,-0.016914474183172934,-0.010168330637735812,-0.001367437905984481,-0.024064901534136318
2008-05-22,0.0001433493647480244,0.0029162912244962147,-0.005971486560567674,-0.008522973011061308
2008-05-23,-0.013404360387927139,-0.01744542472451749,0.003840281945133528,-0.004759547752901772
2008-05-27,0.007411163555682387,-0.0016138806155219232,-0.005591305768222643,0.01372856322093452
2008-05-28,0.004615707520462253,0.013472705919161054,-0.004636149423076996,0.0016742709534058875
2008-05-29,0.005024906857584943,0.002193334904784461,-0.002776055683795242,0.01078524407068615
2008-05-30,0.0024996266501231545,0.003448512415580085,0.003579159460607828,-0.004659466176931026
2008-06-02,-0.010331189242545946,-0.011896911266756849,0.003717599150770301,-0.016759491403957494
2008-06-03,-0.005831532010072249,-0.0180600593510738,0.0018823911660890147,0.0066032465890897285
2008-06-04,-0.000506963044904607,-0.008719246064540553,-0.0035596858438387002,0.005186890052287119
2008-06-05,0.019997365189700522,0.03181702949284637,-0.0036703441180918617,0.022916990332866538
2008-06-06,-0.03189381866303931,-0.03623057287145637,0.00557669530921423,-0.04184001516778413
2008-06-09,0.0024214218391136466,-0.0025568482456319597,-0.0050506667545724415,-0.019820274785014802
2008-06-10,-0.004977506157665568,-0.02307050595759863,-0.005275732222061347,0.00047399024253436117
2008-06-11,-0.014712329307725258,-0.014963532202870722,0.0013007879829805002,-0.01515867432321083
2008-06-12,0.0038074304577973006,0.005831462771384688,-0.006195409568629406,0.01026154434937121
2008-06-13,0.012644610659544808,0.010808313488205101,-0.0025134009147940173,0.01666391676180501
2008-06-16,0.0005873080716625179,0.0033987341546386496,0.0011081892673356908,0.01326883519207711
2008-06-17,-0.004844665622346089,0.004234382861775909,0.0034236279321600005,-0.02834712420118235
2008-06-18,-0.009736970566986636,-0.004849013635837451,0.0042147463904891325,-0.014745573040831905
2008-06-19,0.001266976601959735,0.001553700553536208,-0.005096025630200507,0.02317380695605986
2008-06-20,-0.01623232012756115,-0.03264487598852872,0.003012978867642513,-0.02249176932130248
2008-06-23,-0.000987919988262309,0.0029156329783142088,-0.0013019576108962427,-0.024778513070888186
2008-06-24,-0.0019777136240496374,-0.004433160868227426,0.0020055491655917024,0.000635146223882499
2008-06-25,0.004726069008552436,0.020023775855108505,0.0005005592364697442,0.0163747392526008
2008-06-26,-0.02716064065746815,-0.0343105610483323,0.001299437943498738,-0.033371894621762044
2008-06-27,-0.00545844100744719,0.009669845482568995,0.002398098185262487,-0.007823325973478346
2008-06-30,0.0035281502147737065,0.0075722002350555595,0.0004976380462620167,0.001371133438806238
2008-07-01,0.003125684688901176,-0.01783116837763088,-0.0034593126800984697,-0.0008556248943698552
2008-07-02,-0.017136425053747795,-0.028507106741163746,-0.0012025720816657426,-0.012335004238268499
2008-07-03,0.0010298640509223134,-0.0028570910295713237,0.0002997287445289931,-0.010234391838555457
2008-07-07,-0.01021304388496902,-0.00356202306042408,0.0035161164854808913,-0.022432333769294766
2008-07-08,0.01775730965185751,0.01227924606591646,0.003901745954553615,0.07457871508126268
2008-07-09,-0.019255009233267728,-0.020191645956460946,0.003887404701119035,-0.06823503918248341
2008-07-10,0.004086976818146626,0.018100579647044812,0.0008947597858557366,0.01933735649598267
2008-07-11,-0.01165206271887187,-0.006696100017172468,-0.005655738025191259,-0.00491792856489115
2008-07-14,-0.009043881643610474,-0.001239952359691321,0.0014965908872679456,-0.03477472443169005
2008-07-15,-0.014096925766925006,-0.01667961134913687,0.0038857139385495287,-0.009693044003169948
2008-07-16,0.02454713570247291,0.028875925244482792,-0.007641302281201079,0.0729452247330955
2008-07-17,0.010003267984980857,0.004677733141151386,-0.004400108019110283,0.012048451663843052
2008-07-18,0.0062302503003479615,-0.008624706084638722,-0.005824828038396679,0.0017002570981632381
2008-07-21,0.0005556931669334908,0.012395250537586833,0.0052528366890538525,0.007470639524776113
2008-07-22,0.011344541120634766,0.0006078095286909946,-0.0034164700774758083,0.02679501250629923
2008-07-23,0.00541243366864097,0.001444508096670294,0.0012097809030664486,0.028228743541194312
2008-07-24,-0.02075331587517837,-0.036958458514484205,0.006949562467422954,-0.06624086336279045
2008-07-25,-0.00023929817300427647,0.0068558534763112355,-0.005101121362156236,0.01641007785082471
2008-07-28,-0.01466356897388399,-0.016905664152715882,0.0045245932464761385,-0.016313571460506382
2008-07-29,0.021352336244219172,0.05540964854226438,-0.001201335546357818,0.04650383284298609
2008-07-30,0.017817212113435232,-0.010409532657685183,0.0011023259740108315,-0.003430891626470256
2008-07-31,-0.013226351978026796,-0.022409988166240513,0.00510463045782128,-0.012459146832261792
2008-08-01,-0.00528246744496863,-0.006783556209280728,-0.0011795376660275192,0.0008303627320704887
2008-08-04,-0.009274094013966505,-0.030617456724933212,-0.0029031105461652107,-0.014596405927036482
2008-08-05,0.026962281216165174,0.01287690141778608,-0.0017064848584487091,0.04494232606769466
2008-08-06,0.004440620031567866,0.019908485119789265,-0.0011067873177050824,-0.00483273035752485
2008-08-07,-0.014891818304106685,-0.034336370095108704,0.005235369289044112,-0.026384234749904256
2008-08-08,0.01858104123468496,0.0024350727566935237,-0.0015022520789761407,0.029094005966527225
2008-08-11,0.01035807835193192,-0.010447138832715086,-0.002508070449888211,0.03231073943101892
2008-08-12,-0.010404993299142351,-0.008347390800112597,0.0042236718031205545,-0.022378660657852878
2008-08-13,-0.006029710589061432,-0.00024757409583053835,-0.0017021059823284501,-0.014567682682341876
2008-08-14,0.007544378176294719,0.013125361620322185,0.002408425471617459,0.01608187583456555
2008-08-15,0.004863225498458856,-0.015643950041080545,0.002901122991659344,-0.0014387119416616745
2008-08-18,-0.013674267056627554,-0.016886163337623716,0.0016965594811619855,-0.013768543247378862
2008-08-19,-0.010904260367194274,-0.008335315253146125,-0.0007965801319339549,-0.024675579665330627
2008-08-20,0.004645783899605682,0.025471111900127852,0.001595313416767441,0.0014983186933104076
2008-08-21,0.0017245620686476837,-0.0014903096882088462,0.00019780556110093883,-0.017783072552375434
2008-08-22,0.014475877019018979,-0.0007463702549841411,-0.0010944209778250835,0.03401005726474149
2008-08-25,-0.020285479083465452,-0.02066215378308156,0.0030883097366156687,-0.030273130810418825
2008-08-26,0.0029126881246042124,0.0017794845775425117,-0.0011915934318148524,0.011811939394269722
2008-08-27,0.009733928897650124,0.021313917830235507,0.0011930150206775902,0.010006878986263512
2008-08-28,0.012127906454143078,0.006957082079957599,0.0008935536887837436,0.025429508971138493
2008-08-29,-0.010753338164958937,-0.01184332437754343,-0.0002968947222866669,-0.006924654460135682
2008-09-02,-0.006211887315794029,-0.030211952274468268,0.0033277281920103263,0.0064863767823102325
2008-09-03,-0.0008593539432114605,-0.01647819829474817,-0.00019866722707428952,0.01578850723725833
2008-09-04,-0.03010630968102146,-0.046073324595678256,0.003676261829825833,-0.028073071138189687
2008-09-05,0.003144425400465778,0.014270181206601285,-0.0029698079710888114,0.00016330551441146035
2008-09-08,0.020655901500818308,0.012445735656766876,0.006254097354039034,0.04323773027876143
2008-09-09,-0.029687526090167116,-0.05611953471097342,0.004438470666769723,-0.037379057645929414
2008-09-10,0.004058058862786318,0.01613809035691771,-0.0006872471915432277,0.0017870080648911824
2008-09-11,0.014468160360666671,-0.014767402919312778,-0.0012773266894011703,0.01524467649892669
2008-09-12,0.004621220074384924,0.03337099717364689,-0.004035094443487264,-0.003195100836994924
2008-09-15,-0.04758518276568524,-0.07854391334004529,0.003952370052080489,-0.057691805202341295
2008-09-16,0.01673744149437084,0.008612921140287888,-0.010136491101255585,0.04931944505376551
2008-09-17,-0.04496325443874405,-0.07096600415716947,0.0024854912752150238,-0.05753636802849704
2008-09-18,0.029671753495951192,0.08431060033230664,-0.002777040911615014,0.08495271502316037
2008-09-19,0.03971348555237064,0.12452523793101444,0.0044760472989806566,0.029798656377462818
2008-09-22,-0.022639124481593886,-0.06524558987017082,-0.01564390424436002,-0.0840386243678749
2008-09-23,-0.02275153328031465,-0.031145674413222246,-0.0015091002115187324,0.006721607732648405
2008-09-24,0.003205018178137564,0.011480977478570464,0.0012084191656525078,-0.006899054749036293
2008-09-25,0.015639555921770576,0.05136172833176467,-0.0018113287277243817,0.012429410992566226
2008-09-26,0.0004969544067126019,-0.03400796026320729,-0.005039123658509004,0.030944973187552627
2008-09-29,-0.07836201935970466,-0.11679204102193652,-0.004559163780649911,-0.07471427362836947
2008-09-30,0.041390082844955156,0.08098695354717722,0.0033590117821973298,0.07193227890496479
2008-10-01,0.0006032456078637338,0.011998653239658319,-0.007127795891714417,-0.024177707550803618
2008-10-02,-0.03627404331694406,-0.08762307651377466,0.0038963381040517664,-0.06455390954990659
2008-10-03,-0.01350005804681742,-0.02630706117611603,0.007560472233695048,-0.04324297933671728
2008-10-06,-0.05093383514052108,-0.075195541715536,0.0003044525630380157,-0.029944209597899563
2008-10-07,-0.04478603225071087,-0.07778916930085489,-0.020679801167652556,-0.08580832056395726
2008-10-08,-0.025192298154438908,0.0,-0.020080291275497264,-0.013803185640116622
2008-10-09,-0.06983898568803504,-0.07366476786698684,0.002323795526947281,-0.07924200086056354
2008-10-10,-0.024256073529955957,0.011537350434892346,-0.06839445894859852,0.09564988359916504
2008-10-13,0.14519788722136795,0.22769827198835446,0.03868769256235227,0.06360769259556842
2008-10-14,-0.014800058616962541,-0.049767651508475064,0.021018214892911224,-0.06803150183750317
2008-10-15,-0.09844792752898379,-0.16166204311759402,0.016000815300872606,-0.12833748825933433
2008-10-16,0.04165743278843559,0.049146356978493566,-0.0157488213197291,0.05805283299515285
2008-10-17,-0.005971889201539349,-0.03136178335357698,0.003627606773211056,-0.010739521890768766
2008-10-20,0.06007958217837217,0.07008221840578743,0.017855107969155126,0.007315887534217191
2008-10-21,-0.029855412145974203,-0.07966302733046848,0.008770488934241705,-0.03420810531148211
2008-10-22,-0.05445451874675511,-0.10528532289862524,0.01159339793213321,-0.0705965437656979
2008-10-23,0.011584262150300617,0.027907244005143328,-0.017599381515928325,-0.02610266259822902
2008-10-24,-0.050713787693418166,-0.10316744302160696,-0.008436555250244004,-0.05682164046050653
2008-10-27,-0.03550152571249121,-0.026235974678688323,-0.009979847497211036,-0.05683383407844855
2008-10-28,0.11685563809192656,0.2093257435675704,0.0035017284518317204,0.1563718573105397
2008-10-29,-0.00725296567820799,-0.03170489409019994,0.019031779522226344,-0.03543474378725098
2008-10-30,0.03459373038922542,0.134955853513832,-0.0012440295537131663,0.05348437791248695
2008-10-31,0.005503710220197355,-0.00857690717014381,-0.003117143191967986,0.06435889808933193
2008-11-03,0.0028919629038435257,-0.009044433010363506,-0.015906194996164524,-0.03276311692082201
2008-11-04,0.033982323251415814,0.0912698138206034,0.01605626696562612,0.05603999188202291
2008-11-05,-0.04202822174391507,-0.12727260470665958,0.015175771732798493,-0.09834932691267373
2008-11-06,-0.05541069924959441,-0.05041721711303215,-0.004123857374302431,-0.046821697007377705
2008-11-07,0.03301728173305629,0.08117631075839715,0.00507183361144925,0.06339164064706204
2008-11-10,-0.013104127324056636,0.009334189450223462,-0.006385031698839416,-0.08954795925789372
2008-11-11,-0.030875288049970084,-0.062323871190249736,0.007567327140530988,-0.013889367921693485
2008-11-12,-0.04400179653536007,-0.07418528509163524,-0.00864215713387162,-0.07157239511706004
2008-11-13,0.062340001305288606,0.13848983131813686,0.0034244591341670017,0.10990707658644117
2008-11-14,-0.04990641002189322,-0.0960127375729698,0.002999381077016583,-0.1126916191343098
2008-11-17,-0.01327664340745005,-0.01665160674419708,0.002681327711335335,-0.036151798469754914
2008-11-18,0.01883710366453961,-0.014645485975796402,-0.0014406133519508924,-0.009459012499103747
2008-11-19,-0.06407904864114822,-0.08639108994074585,0.002883967065502979,-0.13434295877396918
2008-11-20,-0.07423344299545276,-0.07168275336854368,0.00020516682739990522,-0.07911757129518915
2008-11-21,0.05394332598402429,0.14403076301816098,-0.008008272765589242,0.07352351286651237
2008-11-24,0.06929037518777714,0.06079467963689056,-0.0001034550492663433,0.17006527929986626
2008-11-25,0.007409046182213608,-0.01895327531993185,0.02494624666170875,0.015784431081077077
2008-11-26,0.03864143333240477,0.07635702194460903,-0.0038382774456281465,0.05406268520081192
2008-11-28,0.012588505097778091,-0.019230432693308264,-0.0019260262929745586,-0.014742273340300982
2008-12-01,-0.08857854315220437,-0.09629662091886304,0.014105392251019033,-0.19513667516373567
2008-12-02,0.038485278505152376,0.06316292562599246,0.001005893792517698,0.13284267016942475
2008-12-03,0.02404134834412819,0.008163499368949667,0.0001008323295970115,0.056068220870930885
2008-12-04,-0.023133272076874434,-0.0427354007082873,0.0033151853439099543,-0.027517167316887137
2008-12-05,0.030832442312018538,0.05921093220919138,-0.005508070197442816,0.10585881781082263
2008-12-08,0.034914192760411966,0.063886460569061,-0.0013079511658949938,0.09331762531676024
2008-12-09,-0.016483474685573762,-0.013761839444168089,0.009376030334296903,-0.08672964399843086
2008-12-10,0.006815578008642298,0.059619625386120756,-0.001797756470067191,0.08592126196139294
2008-12-11,-0.0240818734810605,-0.025538578981113336,0.005202394597827231,-0.14269854877471888
2008-12-12,0.011940169978861492,0.013922906836365767,0.00029895305079907786,0.104598629870712
2008-12-15,-0.013934220836346767,-0.013328198879479225,0.0023888032175181095,-0.034886783612427474
2008-12-16,0.04706520853699492,0.0798201377983121,0.003970346783422007,0.12241783451254551
2008-12-17,-0.009686230073592483,-0.017437345503426016,0.005340578212149838,0.018403150990134343
2008-12-18,-0.018683671530908108,-0.021990851564927638,0.006294591666265559,-0.08317831470733661
2008-12-19,-0.004301105835865848,0.0035501245807108006,-0.0032257316633037547,0.07014512259420647
2008-12-22,-0.01281294270432709,-0.03734271231648456,0.005392763126286226,-0.0376491073041888
2008-12-23,-0.010338497214080977,-0.008281558294596203,0.009753954855381997,-0.0056292032741224185
2008-12-24,0.005803388785871055,0.00709823895729822,0.004732930621909492,0.011775163275566491
2008-12-26,0.005769663673401704,-0.003316697808784852,-0.0033647054500172136,0.014367797340864463
2008-12-29,-0.002868581234649059,-0.0016638674499177553,0.007705592822838447,-0.05750694383539878
2008-12-30,0.0237029018896886,0.026666589360012205,0.0003846189602487726,0.039975942516857765
2008-12-31,0.014274591470421205,0.01339275876811774,0.0006716031943863054,0.053468241445412845
2009-01-02,0.030141200441260008,0.04765699551129976,-0.0062375982053071155,-0.031824661480476246
2009-01-05,-0.001182794988879965,0.012997472722328984,0.015934578843004976,-0.01841847166580779
2009-01-06,0.006677684646502202,0.022641150429903778,-0.00560781433455082,0.049941792464323065
2009-01-07,-0.029956274598460286,-0.0575646899249157,-0.009178260929378457,-0.033543843028475795
2009-01-08,0.004080589139718649,-0.004306903202524137,-0.007621801146127871,-0.007397484706610502
2009-01-09,-0.021418855770028555,-0.021627878855896343,-0.0034024948814825873,-0.05130386326924685
2009-01-12,-0.02402084174665009,-0.04220257314066467,0.005268575349776983,-0.05861000577312869
2009-01-13,0.001840404981232835,0.002937428031295708,0.0016489897184039926,0.030166865336119786
2009-01-14,-0.03145467096271093,-0.04853543917987879,-0.0013564911998144025,-0.052336251026207314
2009-01-15,0.0003550308700512872,0.011433478149830867,-9.658540213652866e-05,0.03287299810036215
2009-01-16,0.00782060428008613,0.010870108074718887,0.005141608177704038,0.03787345497436467
2009-01-20,-0.05278672527121975,-0.0744091074772727,-0.005211407892046327,-0.11192858076312329
2009-01-21,0.043192608908863006,0.054367946049312055,-0.005240875761276187,0.10462680090313148
2009-01-22,-0.015467609757999656,-0.033054058894926075,-0.004291548414168567,-0.054704068876956446
2009-01-23,0.004351008192174266,0.012762190116060168,-0.0015670074175047066,0.030423058751380738
2009-01-26,0.006858307525510421,0.01170098620317539,-0.0009805591713079043,-0.005776677720413126
2009-01-27,0.01015786226596238,0.0177934392420096,0.005106276170000479,0.014202839981596771
2009-01-28,0.033833948835452876,0.05069959403261448,0.0005862484017882252,0.0865688951461634
2009-01-29,-0.03249773168780645,-0.050748694953623996,-0.00888537647480303,-0.0817221297043772
2009-01-30,-0.020343187773758653,-0.0074499667400456104,0.006304763977038164,-0.04114889351586426
2009-02-02,-0.003018036242813049,-0.010154188730089442,-0.001709884183771715,0.02428504518751118
2009-02-03,0.014046359443172562,0.029884171453557817,-0.004429938183102888,-0.010067922151530628
2009-02-04,-0.004895262808209733,0.007362259839418517,-0.0013838275996727045,-0.02427845403148987
2009-02-05,0.014880579483774747,0.021066114028243987,-0.0031673739613795604,-0.02118361722554285
2009-02-06,0.028496764237986527,0.05010540512906525,0.0026806583547123175,0.0693917001117994
2009-02-09,0.001379663173908252,-0.0052124284774840435,9.912705737624705e-05,0.014777009026919252
2009-02-10,-0.045809462541892665,-0.060459861027286066,0.006141044127493833,-0.08895225243881744
2009-02-11,0.005896370572065157,0.0300305059692767,-0.0001965985948342297,0.019110603793137004
2009-02-12,0.0007172859249671149,-0.006247411874173547,0.0053177870415501705,-0.017047242031892784
2009-02-13,-0.010757919482655809,0.005028915377180754,-0.0030367495550029933,-0.06139450707603422
2009-02-17,-0.04277381980561723,-0.06380298573014187,0.0007855002578864845,-0.07095357325979101
2009-02-18,-0.0023990141012752986,-0.007126898672140336,-0.0020614119339945614,0.014319989257053578
2009-02-19,-0.010755139974799599,-0.009421424123215671,-0.0015731924839156308,-0.04313757153213704
2009-02-20,-0.00972164997295788,-0.02536223601148968,-0.005123565514921435,0.06311495904900499
2009-02-23,-0.03577803587681083,-0.02462825063766272,0.005149951629493943,-0.07517317394708645
2009-02-24,0.03790944229053195,0.05478772817387645,-0.0019713094458922997,0.08461868913034598
2009-02-25,-0.007872443995340372,-0.01716311944862703,-0.0008874746784467424,-0.01921646716407166
2009-02-26,-0.016261319671732277,-0.00873179426381776,-0.005236507272977642,-0.051332352993737174
2009-02-27,-0.02234879108263499,-0.01576251553106356,9.896304289003233e-05,-0.013217837589190484
2009-03-02,-0.045042646267518416,-0.06076302193963912,0.003358087810696686,-0.0623686971669718
2009-03-03,-0.007507153687754231,0.014042248459231965,-0.001292242762504503,0.004017801023766587
2009-03-04,0.023690591442554476,0.07022713094914712,-0.0046734571159311455,0.016006891589650518
2009-03-05,-0.040847257276496074,-0.04112734765591386,0.003297674382535476,-0.06170668380860844
2009-03-06,0.0017438526038888735,0.01686720594388369,0.002688849800207338,-0.013525962184394391
2009-03-09,-0.01175268398893814,-0.019430915955464645,-0.006852948989509278,0.022222120819170854
2009-03-10,0.059609519033315905,0.08119835613970694,0.0023004071960368577,0.13922290872548682
2009-03-11,0.006512376954516785,0.0,0.0023937104546396526,-0.016240721730632846
2009-03-12,0.03937230784126777,0.038444359444850695,0.0008952449378745175,0.08171734205386527
2009-03-13,0.00781431138443689,0.005596359940600815,0.000995215418867712,-0.021366484650657047
2009-03-16,-0.0030222906756391943,0.0008562677844050626,-0.0030794322031045818,-0.07875203023056188
2009-03-17,0.030582519478211,0.021813638965538784,-0.002988821813782905,0.07575071167724068
2009-03-18,0.02238426192088383,0.02092892684914638,0.01589031153396614,0.05468164336749748
2009-03-19,-0.012386220570425266,-0.006559739856723423,0.002457904133980948,-0.06117110370291423
2009-03-20,-0.021293677869141603,-0.013619826774270982,-0.005592692178471581,-0.08621366951838938
2009-03-23,0.07182873137134771,0.09246878184404883,0.0,0.16173896058740178
2009-03-24,-0.01970318263962889,-0.031022737425760005,-0.006809921085754511,-0.07709563169961664
2009-03-25,0.010546316091748054,0.015019853128477312,-0.004371285842560524,0.016458622156145575
2009-03-26,0.02038059185604535,0.027258566233458348,0.001995565560163559,0.022376561850738774
2009-03-27,-0.01804908674422734,-0.029567702937222107,0.000796857389833594,-0.04456905883968798
2009-03-30,-0.034554414939307776,-0.051562539301690746,0.004677395748969193,-0.054560303635864504
2009-03-31,0.009264934124160185,0.02182865927387634,0.005151415046294128,0.06960308660731918
2009-04-01,0.019366755128138013,0.03305099918530807,-0.0004844507343232385,-0.005353880732372862
2009-04-02,0.02923772181229478,0.05423343550637605,-0.003166766086226569,0.0724632346923948
2009-04-03,0.009948425021015339,0.012213186226173178,-0.0032743882909098687,0.08610090586564723
2009-04-06,-0.007832663534091622,-0.012431149772364813,-0.00019980001656849655,-0.011375715999939362
2009-04-07,-0.023325763923634057,-0.02295470104369768,-0.001593154858162249,-0.07479367830637684
2009-04-08,0.010777789452755204,0.014778299657560945,0.003291106026973356,0.01476899163732348
2009-04-09,0.03974281143761238,0.04368934808513969,-0.0014903452634210668,0.13404808150377856
2009-04-13,0.0002330680037900823,0.006082291828959363,0.007268428693312234,0.003039655020275145
2009-04-14,-0.017243194023198738,-0.016002981523056792,-0.00019690153223872464,-0.08484866964016935
2009-04-15,0.010669716661773965,0.01445616022462004,0.0027686990696209612,0.08682875487423236
2009-04-16,0.01466298207305039,0.008550114037809475,-0.0017751366088127885,0.03351436574955646
2009-04-17,0.006705591986131854,-0.007064819621237062,-0.005531807712398917,0.01801455015046316
2009-04-20,-0.04191572652957165,-0.048736929718344424,0.0057612728517184575,-0.10295977330615491
2009-04-21,0.0195373370382097,0.021316453143985337,-0.003160408497957623,0.08859369748038981
2009-04-22,-0.006113560611953561,-0.008421990288405512,0.0026749728807324846,-0.03492578352015985
2009-04-23,0.009818233339970561,0.015509761989324966,0.0012843835438260953,0.04506633530953574
2009-04-24,0.015110175755676636,0.018908991042582146,0.0010862449267823315,0.047370515109664835
2009-04-27,-0.009462179118024383,-0.03354752440992448,0.0015771832979440958,-0.05988778871698486
2009-04-28,-0.003145257701612114,-0.0033234340640656557,-0.00029513156196381285,0.013271308249565683
2009-04-29,0.021269090309202543,0.052612062891288724,-0.004136204860977655,0.04354928402613645
2009-04-30,0.0003436357872026452,0.009151659920241473,0.004844542477074665,-0.004392493434958067
2009-05-01,0.005375987672593396,0.014649421058937628,-0.0038594254141710582,-0.032776859652999146
2009-05-04,0.034019754960631365,0.06909595896545473,0.0007928489211372902,0.08243722267218478
2009-05-05,-0.0034113577262858685,-0.009002987104775317,0.002079526608833815,-0.03732664588513912
2009-05-06,0.017334624789246744,0.01719626452841516,0.002272507675699309,0.03814888860597865
2009-05-07,-0.013891378795191756,-0.024880171398438233,-0.004436074449651772,-0.057229032837919136
2009-05-08,0.023332309697192022,0.033365878022481255,0.0018809753051776124,0.0667733909570194
2009-05-11,-0.01871362558816514,-0.02342511583475959,0.0006919222313281903,-0.038035694615818905
2009-05-12,-0.002959050187347989,0.007131523156046926,0.0055314295661130775,-0.0028020069533679637
2009-05-13,-0.025173371476629125,-0.036691464684230346,0.0008825116273702971,-0.06556366024156168
2009-05-14,0.008569952141159964,0.014367086536262175,0.0005903446519759381,0.02372207482252775
2009-05-15,-0.008161834515672206,-0.009222874173067441,0.0022551305074329786,-0.033616209435998745
2009-05-18,0.028407831784440285,0.055518199340323315,-0.002935020124030019,0.08037845090025231
2009-05-19,-0.001206056393752153,0.011338838915613492,0.0008828396842655017,-0.019068426833903307
2009-05-20,-0.006694434206428568,0.0031141612124163665,0.0030395968503120763,-0.00796676666125773
2009-05-21,-0.014363078181721445,-0.01862755288011242,-0.00312832148591502,0.002890996933151646
2009-05-22,-0.0021297589696932517,0.004428650026076175,-0.002647463106916881,-0.024663597167526974
2009-05-26,0.02561258264888866,0.011968836475887645,-0.0022617387835218716,0.059441644674276484
2009-05-27,-0.017854073737398113,-0.011515622382084478,-0.005519013490285274,-0.03626812163593385
2009-05-28,0.013940276333245905,0.030856539432277286,0.00039606945788395187,0.013830993807675052
2009-05-29,0.017707713984685514,0.01527159691317892,0.01069812839584805,0.032995303693874156
2009-06-01,0.0242087309741692,0.042118094174912635,-0.012406088094555456,0.051289463242566447
2009-06-02,0.000843803299760415,-0.014434425351455893,0.006868338841855337,-0.02074176233745184
2009-06-03,-0.012651170591874261,-0.035441986671892356,0.0027682356331049096,-0.0017899111942304424
2009-06-04,0.009396371151751737,0.018524014676897238,-0.008281540372043095,0.031978354772361994
2009-06-05,0.00021167770261176777,0.0020871088084435385,-0.005169100734899956,-0.002606657229733411
2009-06-08,-0.0041250388822199335,-0.015471829257689751,-0.0026981821001910156,-0.01829256333612006
2009-06-09,0.005097924428237421,0.0018134558872093809,0.004508443787567096,0.0
2009-06-10,-0.0025361974372125617,0.012669566389726272,-0.0027926619941140984,-0.017450523443254373
2009-06-11,0.00444938443561349,0.021447792869028426,0.0035017172921558704,-0.020469454573161294
2009-06-12,0.0027418685517688335,-0.016039569422100608,0.0048832416638417975,0.03626296494921455
2009-06-15,-0.02292788830527437,-0.035862316587423226,0.0037699433397930804,-0.04744959617505462
2009-06-16,-0.013562673824299765,-0.015063198079922402,0.0013835703567564028,-0.01836857102613887
2009-06-17,-0.0009820820748716041,-0.011236203833057457,0.001973832598620273,-0.019029690873093363
2009-06-18,0.007318129722777567,-0.0028408650492209864,-0.006500779997452133,0.00678982069860079
2009-06-19,0.0036860827691704845,0.005064642468009195,0.0036685638938116494,0.009955356429887319
2009-06-22,-0.02998672544346548,-0.036220090262124915,0.0014809366915533584,-0.05214669881524492
2009-06-23,0.0007836556876248402,0.006490192308995502,0.0032547592911498224,0.007380512998005795
2009-06-24,0.008618176232862984,0.02193134148320719,-0.002653816703648393,0.021830581772932733
2009-06-25,0.02174832356672507,0.02978876715563583,0.004632796705358322,0.01324948736202547
2009-06-26,-0.0026063461287454404,0.005287713291502794,0.002943429582143775,0.008499844525228895
2009-06-29,0.009364101243696243,0.007425392072475168,-0.0008803179960001906,-0.0006484965331652326
2009-06-30,-0.00809064734154552,-0.010134878468403774,0.0001957056586894268,0.005838598063741429
2009-07-01,0.0041325023865421695,0.018305920944903242,-0.0003734164740454293,0.017414355642465296
2009-07-02,-0.027293372463042198,-0.02742251664192219,0.0023579077233113477,-0.05293245146915382
2009-07-06,-0.00011117583659525643,-0.0021928831644263402,-0.0007839812693331005,0.025100444549158718
2009-07-07,-0.019376488157370142,-0.02354778330991858,0.003237116276622487,-0.038851003788271665
2009-07-08,-0.0006815943966245186,-0.011575583295709957,0.005476831748213229,-0.009510866784672167
2009-07-09,0.0019321316576363934,0.01789203938557149,-0.002821080167005663,-0.01886134338400114
2009-07-10,-0.002381963208367588,-0.01182498107693375,0.0034145396023490537,-0.001398221372564401
2009-07-13,0.02432951048434906,0.007115013031119277,-0.0004864354260222248,0.03780196095371946
2009-07-14,0.005659925619702744,0.010918522307891587,-0.0030148837710978205,0.012141797694914302
2009-07-15,0.02924672001944506,0.05368496274939205,-0.006535018479477572,0.03698748893532766
2009-07-16,-0.0016083688934274143,0.0018087579524808106,0.0031419845423219517,0.011568379325132883
2009-07-17,0.010954792175470018,0.010231801488374659,0.0,-0.0266838829231153
2009-07-20,0.010623501588974626,0.03574589201835354,0.001174962945399205,0.035247988412704157
2009-07-21,0.00462519187046917,-0.0028755903763814095,0.006941040332127502,-0.002837216937334408
2009-07-22,-0.0002094879443933495,-0.002307934062952266,-0.003398718770987408,0.0012648938450798841
2009-07-23,0.022083086200796354,0.028332253440822353,-0.0025326449606620782,0.03978500103305027
2009-07-24,0.00409536074043193,-0.004779308598479304,0.0,0.006984488290789015
2009-07-27,0.0029578775856025086,0.008756959064541991,-0.0030281952953757907,0.01447507774680612
2009-07-28,-0.004677641219643869,-0.004480453597705658,0.0018619892917446368,-0.0008915802005371454
2009-07-29,-0.002451549060626057,-0.022503320440346086,0.001760066782886538,-0.0124963034955623
2009-07-30,0.010445583336129882,0.024747895553469235,0.0012687346994786353,0.03585464207626776
2009-07-31,0.0014184699888188934,0.0047741686588169685,0.005069219541973036,-0.0008732387993741764
2009-08-03,0.016496855976866787,0.037450766965021254,-0.0021021311842627233,0.01805012936228989
2009-08-04,0.002588228820823213,-0.009159339137028488,-0.003022305817915072,0.054617450118532807
2009-08-05,-0.0028795161009304016,-0.008428542162873032,-0.0008805816510354392,0.038232582168576945
2009-08-06,-0.005179027557369875,-0.0082260538110136,0.0004892740054287525,-0.007573760026976073
2009-08-07,0.013114313756300788,0.009953169565739772,-0.005968050363342248,0.05578963066483866
2009-08-10,-0.0020747667156260086,-0.01122378792247758,0.0077765519275638795,-0.021435968136195305
2009-08-11,-0.012476719691352223,-0.01882591463213601,0.0035158511677471083,-0.029037519208079288
2009-08-12,0.01072934451571217,0.00902917471033815,-0.0004864641899586797,0.0073455606083463465
2009-08-13,0.00763861394967269,0.017337908560098425,0.0025313643527378193,0.005208215957820839
2009-08-14,-0.007679416035893394,-0.01814174562514259,0.001748429398435114,-0.008289856065039958
2009-08-17,-0.02460547754800113,-0.03919383972868862,0.004169206548392923,-0.05329171785376374
2009-08-18,0.007934171858469563,0.02185321392479289,-0.0032825382496531885,0.009933893607095623
2009-08-19,0.008779628434008035,0.0025661462552106773,0.00203463494773537,-0.007923676981989258
2009-08-20,0.010304286332780466,0.017349431199756404,0.0016429206154542353,0.039933608740074567
2009-08-21,0.019605707095827984,0.015096400782228736,-0.0057911041675637875,0.026218373661891503
2009-08-24,-9.716661550618344e-05,0.004406416551077985,0.004077491402443512,-0.0033546884034317825
2009-08-25,0.0019426232247785613,-0.0021935797181703576,0.0016440179536232336,0.011134179614059603
2009-08-26,9.678849403882417e-05,-0.0030229051349225378,0.0014477688596994387,0.0030728954037384515
2009-08-27,0.002229803032572031,-0.0019291266039688226,-0.000771564635627664,0.009701475771666246
2009-08-28,-0.00019402172665827777,-0.005247410713818623,-0.000674631741581333,0.008849818970903867
2009-08-31,-0.008898710543495447,-0.019711151070812116,0.00415104306176195,-0.015789954374672344
2009-09-01,-0.022057324098735398,-0.018975016458274374,-0.0017169255553758367,-0.05347576130040732
2009-09-02,-0.0037926606403737573,0.010681558166457217,0.005313260574602685,-0.020177991171760445
2009-09-03,0.008314800371417297,0.019994151107822322,-0.0018249340615419385,0.020044109794447706
2009-09-04,0.014008841856065102,0.019322406140837023,-0.0019256402494991498,0.011575146602273323
2009-09-08,0.008622877922747074,0.020604383654819314,-0.001447511984604355,0.034858893305633964
2009-09-09,0.007674205890729313,0.0053836061623049325,0.0019322690329199865,0.019542831958629492
2009-09-10,0.010218552058693486,0.013118981825507081,0.0051094611591013805,0.014879819604392885
2009-09-11,-0.00019076200205214722,0.0005286296854285499,-9.585580690307793e-05,-0.0017400492070235307
2009-09-14,0.004868104478693347,-0.003697737829694514,-0.0014389022936308615,0.02962458102305554
2009-09-15,0.004179181020242284,0.011929744905251338,-0.001536978852146098,0.015957382943642795
2009-09-16,0.015134578928907017,0.025150953368423767,0.0007695561315568256,0.040694798224413464
2009-09-17,-0.0014908842706827796,-0.005366620383418952,0.004710560254265861,-0.004344878566760357
2009-09-18,0.0006373709908487069,0.0028260523081142797,-0.0024875616137779444,0.001378045567082653
2009-09-21,-0.0025297540926126905,-0.00871097148876887,-0.000767151806916111,-0.015596078108860212
2009-09-22,0.005823865314362742,0.015249272113704082,-0.0006722662169579285,0.031686253758186345
2009-09-23,-0.00831239336658518,-0.015020224621245637,0.002498519322865711,-0.03613354926295009
2009-09-24,-0.011018663856660393,-0.019643241629429986,0.0012455092593932626,-0.03650914090960544
2009-09-25,-0.005333110057582746,0.0042178593721502455,0.002967184370330944,0.003192454962614555
2009-09-28,0.017903442138409664,0.01286461002299033,-9.559240597323271e-05,0.04137081679216137
2009-09-29,-0.003009970346474544,0.002332608293958538,-0.0004770851515694119,-0.01621992756785917
2009-09-30,-0.003867522571077364,0.006206279641343793,0.0018141811880578729,-0.009557999956455565
2009-10-01,-0.024813137288334675,-0.027242321562157334,0.002313832957407058,-0.04487306084565623
2009-10-02,-0.004661645236793577,0.0002642092371267779,-0.0019074843107376172,-0.00707275119445494
2009-10-05,0.01492845503882112,0.023243628145126927,0.0006681643956099048,0.02747402846824265
2009-10-06,0.0143240876428945,0.0165204296165411,-0.0014317287425671399,-0.002723846769542071
2009-10-07,0.0027488781720526045,-0.001015707627401441,0.0040171228883836285,-0.0007448718026974444
2009-10-08,0.007655447187483455,0.012201296837544673,-0.0006670329438310807,0.019130920813512642
2009-10-09,0.006097258079890588,0.0007530064183958185,-0.006959433104000823,0.00853225127870938
2009-10-12,0.003915499033826153,0.008281252621127777,0.0023046174446046397,-0.0014505795238687336
2009-10-13,-0.0020426373244926133,0.0017421486612418935,0.002489092052452291,-0.014040042058507174
2009-10-14,0.017215383426880226,0.032298565233666476,-0.0023883181620928395,0.03658238544740344
2009-10-15,0.0036595934603940172,-0.00553593482123782,-0.00153177230750845,-0.00852696939790265
2009-10-16,-0.0074744017953176645,-0.013794755847008733,-9.60053901654101e-05,-0.026278231367670934
2009-10-19,0.008264905099307773,0.019141185721146536,0.00201411148994457,0.02159040930115541
2009-10-20,-0.005282876763480937,-0.013243274858755538,0.002393810684859332,-0.018491601779702105
2009-10-21,-0.008973223839401023,-0.005368312748912252,-0.0006685743044072545,-0.012723745536059483
2009-10-22,0.010163645124562803,0.008341642129821247,-0.0015290113295101104,0.026270095710994257
2009-10-23,-0.011433668080063963,-0.008272634771090082,-0.0012442889867800844,-0.01183293539206276
2009-10-26,-0.010824676637923636,-0.012512662393369012,-0.0026844469336346766,-0.002443895897704551
2009-10-27,-0.004583944079611713,-0.017391121335614268,0.00394086514773595,-0.014453318556204131
2009-10-28,-0.01888720352356954,-0.045765010682079166,0.0014358954257709389,-0.042008666456295085
2009-10-29,0.021453954598900093,0.04425018523453428,-0.0020079468277445223,0.04566681277244733
2009-10-30,-0.02897308276288557,-0.04668856912700792,0.0038314494460345294,-0.017369831461520935
2009-11-02,0.007338581514269471,0.014905480052728626,-0.0015887830491809751,-0.00025191504281596444
2009-11-03,0.0031632289651692957,0.00157347231297722,-0.0013423595880130978,0.014649916077179359
2009-11-04,0.0025799887867350435,0.018591423250664096,-0.0016310218700071877,-0.021409026825348842
2009-11-05,0.018395030450669925,0.02056530212390606,0.0025952896220622357,0.02264037651546591
2009-11-06,0.0026206361919913768,-0.0012594861978038052,0.0008628571764122128,-0.016417989920532783
2009-11-09,0.022776081845516938,0.03682235163262226,0.0013411418203981285,0.04931730677082147
2009-11-10,0.00018241481951064564,-0.004622025772795468,0.00028813507331082455,-0.007471749888582124
2009-11-11,0.005109761974818161,0.008553285624817164,0.00038223178107954503,0.018698429241681858
2009-11-12,-0.010167662902161534,-0.022291890482474153,0.002007213016356868,-0.01025009129857557
2009-11-13,0.005411780679697387,0.017100379975651947,0.0010504642185624746,0.01348744822944914
2009-11-16,0.01450417105552515,0.025097473937431447,0.002383498280479568,0.024239218442964283
2009-11-17,0.0011687167089717843,-0.0035655996351090513,0.0008557176072518935,-0.017401623057534343
2009-11-18,-0.0006284401681618812,-0.007872066173648329,-0.002090802386202628,0.01818185543752371
2009-11-19,-0.013031519315462536,-0.018514200708465545,0.001047820156790058,-0.02295879863393313
2009-11-20,-0.0035513660582573436,-0.004164360739232542,0.00037985836970411135,-0.007120600668084176
2009-11-23,0.012702321473249123,0.02090987448615822,-0.00018940040444237471,0.012669876317956463
2009-11-24,0.001533821143686609,-0.005542281285513928,0.0029476240076862226,-0.014872517740273206
2009-11-25,0.0035141141655092856,0.011631164577558861,0.0009484963412702552,0.004074101159013299
2009-11-27,-0.016250593999414975,-0.03880272018882236,0.0008523941937554902,-0.0291175104088498
2009-11-30,0.00337640033698694,0.009718457367122957,0.001704359293531299,0.03736562284126377
2009-12-01,0.012370836443556188,0.028628021208069176,-0.002437884876196339,0.01469164795463418
2009-12-02,-0.0004493619510391733,0.004078435253306312,-0.0018998693235646735,0.01634768140733267
2009-12-03,-0.007820225875567632,-0.009318843247120623,9.514579811664703e-05,-0.01125931331814256
2009-12-04,0.005707745005398834,0.009165492741683767,-0.0019996946509222013,0.029514304070890285
2009-12-07,-0.0015318402288707622,-0.008604416760148226,0.0009544153640781428,-0.02099317824547542
2009-12-08,-0.011096938269614443,-0.01856278138191525,0.0013337668969184424,-0.005764844884087794
2009-12-09,0.003740425198911268,0.0061410594841717625,-0.0010472309830018567,-0.0020867671159178203
2009-12-10,0.005635449032709072,0.005859032234192041,-0.0007615606074651282,-0.0039512675600454905
2009-12-11,0.004248018016652866,0.00364089341119489,-0.002383758944801584,0.01609942537002107
2009-12-14,0.006840106146875691,0.006771417596038054,0.0005734005293631661,0.018139984107338858
2009-12-15,-0.0046482009537667235,-0.010329159936036114,-0.002770705038517507,-0.0099231503833348
2009-12-16,0.0015268877308740603,0.005824969624734111,0.001820744218165471,0.007289055840811187
2009-12-17,-0.012016062242381054,-0.02871590367685639,0.0016254275686933273,-0.00610587928619255
2009-12-18,0.005657514516571149,0.0027330739672182247,0.0,0.006598669307845695
2009-12-21,0.010162793476450549,-0.0012388227495708781,-0.00420051810464539,0.013562383728637606
2009-12-22,0.0035926752282060548,0.010078037092746461,-0.002876211399415518,0.010481378323464963
2009-12-23,0.0019690661393252373,0.00990356798585279,0.00038462405788397547,0.011918386824681493
2009-12-24,0.00473391184383587,0.010051493549895651,-0.0017308903665542719,0.014447509566337446
2009-12-28,0.0021341278467883473,0.0033979806565658244,-0.006064127258652907,0.004791638470764692
2009-12-29,-0.0014196017446955755,-0.0035811737921697118,0.0011843851716089038,-0.01495469500381652
2009-12-30,-0.00035540496968888835,0.004371212942341218,0.002522611053526136,0.0015398741883674294
2009-12-31,-0.00959844209678895,0.003384826477026426,-0.0012580740081031827,-0.01713528623180305
2010-01-04,0.016959881360582907,0.029156761807639597,0.0011625306676144032,-0.004246524202028423
2010-01-05,0.0026472475955789943,0.007258121428651787,0.00455013311885244,-0.0011227486733664804
2010-01-06,0.0007041165762178281,0.002091907810564786,-0.000577845610827965,-0.0017977592624590644
2010-01-07,0.004221011443770184,-0.005798856067450342,-0.001157279720835569,0.010806303577973742
2010-01-08,0.003327885112536233,0.007932834110472742,0.000578964771369872,-0.007350057436982138
2010-01-11,0.0013965905262256495,-0.002083626117067028,-0.0007716598260127938,0.005833961986701164
2010-01-12,-0.009326335686218767,-0.01600545537372433,0.006371685860554921,-0.016730071145303338
2010-01-13,0.008446274950826282,0.003064432875867107,-0.0042202858737177,0.02019068190024975
2010-01-14,0.002704308982161452,-0.002584822164954148,0.002600722684796386,-0.0008898420050196254
2010-01-15,-0.01122390899479686,-0.011545984632126194,0.0019218929321163092,-0.007566738796675687
2010-01-19,0.01249571710533326,0.020262616821951518,-0.0016296114393435923,0.020407575100511943
2010-01-20,-0.010168528045114256,-0.024065517204185927,0.0025929974055125538,-0.011208743618691397
2010-01-21,-0.019229622238000177,-0.030165508470633817,0.0002875181127837134,-0.028673032015875788
2010-01-22,-0.022291528043139386,-0.02221641977596478,0.000574756651302577,-0.025171612563832713
2010-01-25,0.005127739085141414,0.00732148601026994,-9.594715778815655e-05,0.007042006265389533
2010-01-26,-0.004190576557227765,-0.02080218980473747,0.0012445768946898195,-0.009323878399910557
2010-01-27,0.00475726222526518,-0.0025596393917373117,-0.0007654416937425967,0.008941272321053573
2010-01-28,-0.011472049973529241,-0.006928210504537402,-0.0008603400369826542,-0.008628939134065816
2010-01-29,-0.010868721241680368,-0.010852989732076379,0.002298920192031817,-0.005645499890835182
2010-02-01,0.015550461803917282,0.026907119953758052,-0.0013714909345805548,0.018216304363430913
2010-02-02,0.012103731941279783,0.008140292920545189,0.0011519950750782382,0.013708215822808123
2010-02-03,-0.004982825388300083,-0.005803101579505587,-0.0018215702750020712,-0.016273211459949977
2010-02-04,-0.03086597612465536,-0.04517791411878791,0.002400707884931075,-0.037045908582055365
2010-02-05,0.002066927563527665,-0.011164344415013239,0.0003843239591112546,0.01838843189348105
2010-02-08,-0.0072190863031661445,-0.009946600334833744,0.0019157546466876951,-0.021857541153200488
2010-02-09,0.012559609770038671,0.03258228009717423,-0.0018169133964102135,-0.0031578342251483704
2010-02-10,-0.001957999140168587,-0.002629285062421438,-0.0022992559743004737,0.0019494118407372696
2010-02-11,0.01046641152446548,0.0263642163499056,-0.0016315603535743683,0.00948441529816324
2010-02-12,-0.0008326575553327942,-0.012586511497234443,0.00019214086670404917,0.011804480487796143
2010-02-16,0.015734944165735065,0.02575427071599501,0.0025000957661087675,0.02833312396829646
2010-02-17,0.004738436208561625,0.0035507096722549036,-0.0030693058126554096,0.009029849673041657
2010-02-18,0.005895203876607802,0.0037907406951447342,-0.00038442968254803755,0.014915532790802821
2010-02-19,0.0020736598983222,-0.008560221572985527,0.0007697273391127357,0.0006781033863121344
2010-02-22,0.0001799729537339534,0.001269881600852285,-0.0017306402350980576,0.002485151235482208
2010-02-23,-0.012144844931388898,-0.02307896620934391,0.0035634035034615152,-0.007662319858248723
2010-02-24,0.009197835984148695,0.009605474317675222,0.001056217917894564,0.010220346062594254
2010-02-25,-0.0013534654358420273,-0.008228619667857262,0.0020131584589375695,0.003821924006446542
2010-02-26,0.0006323507210792556,0.010111449599114586,0.00019143088440265466,-0.00044802964095025377
2010-03-01,0.010385044815544475,0.016940773565371936,0.0014684558501152356,0.008514619119684541
2010-03-02,0.00277029079873925,0.011358075272855483,0.0003832498129767714,0.00044381170170293416
2010-03-03,0.0008916353133625599,0.0012474781168867466,0.0,-0.002664780590218574
2010-03-04,0.0030273019497357723,-0.005234164644983941,0.0018196540124557625,0.00623467323406568
2010-03-05,0.014293311801492958,0.026058689534102397,-0.0019112420896820748,0.027218258096571857
2010-03-08,0.00017525191907075133,0.0007325071479418188,0.0006700680086655364,0.010125165180757678
2010-03-09,0.0016625102427432203,0.005612454247720722,0.0011485350502407066,0.002345609866558851
2010-03-10,0.004455794140427294,0.007037227552481484,-0.0006695314221131232,0.008936374019531845
2010-03-11,0.004174929197262367,0.00024110554653988814,0.0,0.00590458920960546
2010-03-12,8.684728670926845e-05,-0.003373047535225382,9.587351322304372e-05,0.007966466781580195
2010-03-15,0.000259462361576146,-0.007251615433028991,0.001243626866106906,-0.00228755547104853
2010-03-16,0.007966316327782996,0.012904806888297093,0.0018159871454352938,0.024181598779355884
2010-03-17,0.00592714551757223,0.010817670377808453,0.0007627639107710138,0.014858271838017911
2010-03-18,-0.0005123519812955113,-0.007609993725677389,-0.0008577944127859949,-0.005414815597578504
2010-03-19,-0.005061678399314817,-0.012940669949273897,-0.0007629500160847291,-0.01088938273126383
2010-03-22,0.005346088496190449,0.0036419129833602515,0.0007635325532584503,0.012640042932319906
2010-03-23,0.007033260911126549,0.007014902000299195,0.0001910485659253336,-0.0028188104680194614
2010-03-24,-0.004854680454328353,-0.01489309561889618,-0.005054638613412932,0.00545168566729104
2010-03-25,-0.0016263811433396835,-0.0026823446224798486,-0.0025890922582072484,0.0024477447567348154
2010-03-26,-0.0005997305032674483,0.004889963997905866,0.001634662503276374,-0.005247641589540275
2010-03-29,0.006347424019895076,0.01800513730946518,-0.0011516348846385416,0.0030434399130334633
2010-03-30,0.0006819358137841736,0.0038239663019343784,0.00038363745258362947,-0.0014156615713170062
2010-03-31,-0.0034073554711949727,0.002857416915302391,0.0005764879891694275,-0.011343214001058977
2010-04-01,0.006838183588982583,0.026115596057965096,-0.00037564496054820484,0.005122354038388899
2010-04-05,0.008149108456190435,0.009023627226517839,-0.006163643757032489,0.022013621485739376
2010-04-06,0.0023577494437769797,0.0029809970362970617,0.0012593199008168465,0.022935710773206663
2010-04-07,-0.0057127859859748,-0.008687653217453795,0.004258844678983964,-0.022031573130861792
2010-04-08,0.003464255697116947,0.0034590910579319623,-0.0009639646720959183,0.001196289102163739
2010-04-09,0.006567190039228787,0.0062055421281101975,0.0010610193904856402,0.01413787972653413
2010-04-12,0.0015892598865585583,-0.007994805656909909,0.0023133158442145696,-0.00628337521322575
2010-04-13,0.0007520534942451196,-0.002071912789071151,0.001634187103286333,0.024501264341100448
2010-04-14,0.011349062697469492,0.014767034003756674,-0.0011517085245945635,0.0015431083252888111
2010-04-15,0.0008253663654806953,-0.0054569998614680815,0.0018252530097819797,-0.027344458134826
2010-04-16,-0.015912250836709108,-0.029263854852497384,0.0015350723033908942,-0.022965575941809924
2010-04-19,0.003770116479502761,-0.004003467303320796,-0.001820153896853527,0.004457620619352731
2010-04-20,0.008930697432907309,0.01182296548595052,0.001631689550053217,0.01694574104961233
2010-04-21,-0.0018198424657499546,-0.0032722102178037726,0.0017234648017330212,0.017456610622845314
2010-04-22,0.002983345637693091,0.00422111902446809,-0.0020079465581474,0.015402827968941546
2010-04-23,0.006528189364688242,0.005369713295485967,-0.0012450893835544985,0.013248914978316595
2010-04-26,-0.003776511088720791,0.0,-9.650613760892046e-05,0.007958835917939
2010-04-27,-0.023650608978395327,-0.035764068285793704,0.0031664099915154065,-0.03196046334811631
2010-04-28,0.007596237456314325,0.008429456503034727,-0.00152987622609424,0.003107174004083779
2010-04-29,0.012396841793530067,0.016479463219205348,0.0003827153951683204,0.045111376982289286
2010-04-30,-0.016961144835799025,-0.011982752645969708,0.0043086548421913395,-0.031122977727143786
2010-05-03,0.012961352904072632,0.005469575280062644,-0.0018929176187510999,0.03326986924555242
2010-05-04,-0.023514581962426395,-0.04588457791612144,0.004022908492381516,-0.022761038339114803
2010-05-05,-0.005956439341712638,-0.018096043790001515,-0.0007630534147511359,-0.013444304238403038
2010-05-06,-0.033213368188676595,-0.040898681407484316,0.0014323945129848248,-0.041074802137553657
2010-05-07,-0.014875133258830608,0.0052643169207380325,-0.004385554306439721,-0.016813812167351783
2010-05-10,0.04404102608353555,0.07200819798288904,-9.594949760283189e-05,0.06596166373440404
2010-05-11,-0.0028406837030386933,-0.018075110953507556,0.0037351643608918295,0.005919997011784028
2010-05-12,0.013986045779237788,0.012438047282526288,-0.001050043172565518,0.01613847171584948
2010-05-13,-0.01243103152582159,-0.009336953387179547,0.0014333924021758815,-0.016255798159087176
2010-05-14,-0.01810502438589967,-0.020585175757820262,0.0036250663053329912,-0.03171860626155376
2010-05-17,0.0005267661493528752,-0.006077459177701416,-0.0007604152978799572,0.0013728272227475635
2010-05-18,-0.013602590353398947,-0.0208916942392956,0.0034244728620111964,-0.025269379305328576
2010-05-19,-0.005693654998006115,-0.009627828358785395,0.000474500804930722,-0.009244301872535554
2010-05-20,-0.037759704840302555,-0.049658712795209614,-0.0008531826728872538,-0.05131845521075662
2010-05-21,0.0145992777063646,0.03234757443650871,0.004267767779962739,0.033568491684863755
2010-05-24,-0.01283147108417415,-0.0104443777083294,-0.0005674856014022955,-0.022341872724180978
2010-05-25,0.001021368249842336,-0.010825699668842614,0.001228598494613209,0.008041086709119849
2010-05-26,-0.006027936065198691,-0.0005471501561848946,-0.0011322201836821977,-0.0020993052368395437
2010-05-27,0.03349801212747283,0.060498150566372644,-0.0023622080560258274,0.05490111904841766
2010-05-28,-0.012549980986401144,-0.016520405664875448,0.0010416539943072234,-0.012761427733520292
2010-06-01,-0.016823414015878835,-0.018372797709444555,0.0016518896721440246,-0.020804062498993692
2010-06-02,0.026038984498346407,0.03502659509193218,-0.0010424159205016936,0.019595473375782158
2010-06-03,0.0034445995183784994,-0.0036167530068250686,-0.0004743401162372596,-0.002832683921244805
2010-06-04,-0.0351372103770482,-0.03551943635414967,0.0025616711830440675,-0.05660342502182181
2010-06-07,-0.012450780267794781,-0.015591400642365971,0.0029337411927441437,-0.005376132295051628
2010-06-08,0.010711730707863687,0.02293835750222728,-0.0011325236740686861,0.017945906259149824
2010-06-09,-0.005345692381618972,-0.005339014066463532,0.0005672923494672855,0.00594725094108739
2010-06-10,0.02923110904376447,0.03488972486538322,-0.0030221058674424484,0.04328567861109489
2010-06-11,0.004856129091997952,0.005186500467747601,0.000569023153923709,0.011940821655022749
2010-06-14,-0.0015503775761719352,0.0002581497023141921,0.0014194135833565102,0.012399766751022945
2010-06-15,0.022737928624972925,0.030177997711451132,0.0,0.02232317842080156
2010-06-16,-0.0003573446902395139,0.0,0.001512124647842672,-0.00908223636599903
2010-06-17,0.001607811858062469,-0.005007230418682895,0.0023589542187691936,0.00214527244110152
2010-06-18,0.0010844226853494732,0.004529132024198468,-0.0016002031835481434,-0.003113497136601695
2010-06-21,-0.002864364596302016,0.017284716254738486,0.0021689330258831685,-0.007807741970287219
2010-06-22,-0.01651532750606166,-0.01920714910374477,0.0010346910608618476,-0.02970699523086817
2010-06-23,-0.003103429180237316,0.002577982678856783,0.0025370611153194833,0.002635841263031402
2010-06-24,-0.016570422032895937,-0.017645736316095673,-0.0008428492159167078,-0.021169149639331586
2010-06-25,0.0041895123323199,0.011804015964017589,0.0014072934936821824,0.0252349103923184
2010-06-28,-0.0031519643363546734,-0.0068476486092708955,0.0018741214023738628,-0.01179771775181715
2010-06-29,-0.030875057951074925,-0.04060250245150809,0.0029926333657082083,-0.03272981462381985
2010-06-30,-0.00950015726719522,-0.006654174136801139,9.455555056425702e-05,-0.010640682551364633
2010-07-01,-0.004457141283615629,0.007234585808334915,-0.0005251007009048347,-0.003441368018908375
2010-07-02,-0.005448923927517391,0.004256544910382631,-0.0014029407057781773,-0.019210617306472555
2010-07-06,0.006555636765729345,0.018542861406959377,0.003091815629129746,-0.02222667313551041
2010-07-07,0.03149612934092727,0.02210685634724885,-0.0013081138954218474,0.048615516944588766
2010-07-08,0.00989561055576127,0.0048345290862823465,-0.0001867112026940898,0.012449183738012737
2010-07-09,0.007464981855332953,0.012154905329585297,-0.001497585123439782,0.012719946722424602
2010-07-12,0.0006486704496440066,-0.008005914079345922,0.0011252301469921733,0.0031400454695278412
2010-07-13,0.015088138854616684,0.011601372743929028,-0.0025267295357875863,0.024624305908049093
2010-07-14,-9.099428629411044e-05,-0.001994392938617917,0.0033775800347979335,-0.005906532163064249
2010-07-15,0.00027346730994759483,-0.004746498608022343,0.0014024598639932329,-0.003277868516074034
2010-07-16,-0.027534718785670265,-0.029869202816881768,0.003081024962034107,-0.032476763455840274
2010-07-19,0.005906732480564836,0.013194961315526665,-0.0009309777643862205,0.012322155996629114
2010-07-20,0.01109118668614184,0.023493284277298354,-0.0007448649724844936,0.018677933376478606
2010-07-21,-0.012997724555015355,-0.0102292980384876,0.004382293080350763,-0.020807955587866855
2010-07-22,0.022321998855484804,0.030249382399901048,-0.0009282535586315754,0.03745041303425234
2010-07-23,0.008679035893495834,0.006851093506678119,-0.0017659191537348073,0.012776295004709226
2010-07-26,0.010415441871878262,0.006804216228299742,-0.00018615193203785907,0.025029583765191488
2010-07-27,-8.962525350530992e-05,-0.001689509671496836,-0.00037150060284318887,-0.00019493471435516607
2010-07-28,-0.006453958082162092,-0.005561055246060098,0.0018616849481756237,-0.0019537048486074626
2010-07-29,-0.004872821106142511,0.001702092239318942,0.000929657309757248,-0.008418516572380463
2010-07-30,-0.00018122319349811455,0.004854395007189094,0.001671633073330625,0.005923416225218192
2010-08-02,0.022581230447907163,0.025845323371495033,-0.001356539486020547,0.03356220259545295
2010-08-03,-0.004789418353963626,-0.00470916929108578,0.0006510183678549719,-0.009684739733034076
2010-08-04,0.006683797700513416,0.0014194540712653136,-0.0017672046728904878,0.007094547549789887
2010-08-05,-0.0010625250820693877,-0.00448885002885846,0.0012109310044836619,-0.012566212838492352
2010-08-06,-0.004076437057716542,-0.0014235170869189018,0.0019553765622590813,-0.004628139714835555
2010-08-09,0.005338789036268388,0.005228101676978181,0.0,0.011429612729004113
2010-08-10,-0.005398571852547995,-0.01371159521975096,0.001672145864440422,-0.009768148244108432
2010-08-11,-0.02740700440587107,-0.031879208034817696,0.0009278767131228882,-0.02495152982977633
2010-08-12,-0.006129698861748523,0.0017332107135989983,-0.0015756682948103728,-0.012497710997308897
2010-08-13,-0.002946105530925336,0.005437366329516413,0.0023210903876234035,0.0
2010-08-16,-0.0004619450866035768,0.009340988248569548,0.00333335785657618,-0.000803375615963664
2010-08-17,0.012285467272674211,0.010472830681271583,-0.0011999471195123235,0.022919341975329965
2010-08-18,0.0018248190287393218,-0.0007232302932598245,-0.001108650322684257,0.0009824050096929327
2010-08-19,-0.017396513261174862,-0.007717874697867888,0.0032366929681069134,-0.0255251804252965
2010-08-20,-0.003244168452346763,-0.0029170784055637666,-0.001382093991440958,-0.0032234975004457045
2010-08-23,-0.0038131010578636992,-0.009020135240278004,0.0010160243371164501,-0.005255726394018723
2010-08-24,-0.01484323851724001,-0.012792131551847441,0.003966103240250707,-0.004064331166350965
2010-08-25,0.003884985851549283,-0.00647911140198032,-0.0022972016434223974,0.015914811431868348
2010-08-26,-0.0067015345370495805,-0.0062701128055875355,0.0012889645483105117,-0.0060253759030785
2010-08-27,0.015490088444869654,0.021958555263529522,-0.005518219882483466,0.016569040410688407
2010-08-30,-0.014505551305837305,-0.01654715395602957,0.006751660848492547,-0.007751825493788833
2010-08-31,0.0,0.006026885690117112,0.000735291434493357,0.007612351208053925
2010-09-01,0.029912266412409627,0.03519729645488501,-0.00213615150610047,0.032604295737345135
2010-09-02,0.009311895674205761,0.0016876869385413773,-0.0012915496198704357,0.012707208790991853
2010-09-03,0.01297132710705462,0.011795958134442008,-0.00230922128082256,0.014638165676070791
2010-09-07,-0.01127211858093502,-0.014513364744763502,0.0028700706256554742,-0.015364144003985891
2010-09-08,0.007022913226563121,0.010864344014987148,-0.0007391266001681718,0.002093395411615573
2010-09-09,0.004619408636820754,0.005732249957301816,-0.004802710011465372,-0.011584135668205486
2010-09-10,0.005048243414838893,0.00356202289417773,-0.002135417297572273,0.005379789002812885
2010-09-13,0.011123313833991011,0.023899637648538308,0.0022330912407937387,0.01643391171782782
2010-09-14,-0.0006213673282393639,-0.0004620932274781442,0.003619511860663227,-0.0037601489278177302
2010-09-15,0.0038173116119497585,0.0013871671655725226,-0.0018496177277104175,0.00868094458543811
2010-09-16,-0.00026517240752299553,-0.005079931582990138,-0.001667794615017315,-0.005238417539807361
2010-09-17,0.0003738362418945762,-0.0016242993700688046,0.0012987038265372952,0.0030094086599121717
2010-09-20,0.015290186548813978,0.015806748790980762,0.0003713946424999115,0.02437666672655836
2010-09-21,-0.0020140635074322732,-0.002975118549270128,0.0042618419193252155,-0.014644581308956406
2010-09-22,-0.004913118193578314,0.000688765166143801,0.00027669656974715906,-0.013561090273057297
2010-09-23,-0.008111750861435452,-0.006422297133461763,0.001107017454681003,-0.024670118639961713
2010-09-24,0.02062269829988872,0.018467385667881864,-0.0036847253454570517,0.02828843721607699
2010-09-27,-0.00479029514249818,-0.0018132464895997957,0.0034210167070729547,-0.012315254864863734
2010-09-28,0.003500651919651432,0.00726610075659706,0.002396243494246164,0.0040283944790395765
2010-09-29,-0.00174430748212695,0.003381713681695153,-0.0007358150729291912,-0.007833186231244516
2010-09-30,-0.002970180137619849,0.005841414226913422,-0.00036791044768114123,0.0028881231587083445
2010-10-01,0.0042058473215669245,0.014742031130906552,-0.0011533604827921318,0.004992487390203859
2010-10-04,-0.007504072852270283,-0.003081855996859839,0.001663164833796138,0.009170862620827558
2010-10-05,0.02013210462500159,0.018105461910697285,0.0,0.015903147391039374
2010-10-06,-8.622457822093921e-05,-0.00043357426060786075,0.0010137560196452622,-0.00540474522264911
2010-10-07,-0.0012063841413278986,-0.008895656614811842,0.00046075009859070093,0.0028105896808907627
2010-10-08,0.005608217542228955,0.012040139167230901,0.0020261313253324698,0.002803102385090739
2010-10-11,0.000944229387178197,-0.0006488462533137396,-0.0005522116074879735,-0.00018640730384777981
2010-10-12,0.0030860478527787727,-0.004112604804764386,-0.0010112017687374797,0.00708149203433428
2010-10-13,0.007777193337055843,0.018474314784493462,-9.157312247554117e-05,0.010362704306376092
2010-10-14,-0.0039009701285824816,-0.0017072220088478751,-0.003681983210413353,-0.0025640413037141263
2010-10-15,0.002043092462032714,-0.001282777191530693,-0.0020328699751408497,-0.0012853481931158761
2010-10-18,0.004927938671209553,0.0004282557481234406,0.003517612650278057,0.012870216264121659
2010-10-19,-0.013104840931240536,-0.031664695160408485,0.0008308841426474256,-0.01234404194284322
2010-10-20,0.00976660716149147,0.015908291589762813,0.0011986339344323138,0.021871199964197396
2010-10-21,0.0022055871585853204,0.0,-0.001565518445028169,-0.0010794953812688357
2010-10-22,0.0018621915453516102,0.001087406061036189,0.00046074617301483656,0.0005403936079728666
2010-10-25,0.0029576021956430054,0.01086213308340267,9.298522863221415e-05,0.0017994627527611051
2010-10-26,0.00016858468343960986,-0.0008592068593519242,-0.0023044910260459073,-0.0071847970389503635
2010-10-27,-0.0028636831588052525,-0.01699313328115004,-0.0019399474134571548,-0.007056032615222141
2010-10-28,0.00016861689766578536,0.006345854989692867,0.0024992198342079774,-0.006195638022360228
2010-10-29,0.0007601299359016878,0.0028268034162821642,0.0021230057856065354,0.00018317872101070165
2010-11-01,0.0003376823366161297,0.011058080097976486,-0.000406248169661394,0.008616559499319942
2010-11-02,0.007930530109176326,0.012438123588714545,0.001755375415424698,0.006906004867016868
2010-11-03,0.004017772926262486,0.006142545690972501,-0.00018467206860095509,0.0
2010-11-04,0.019258167752245647,0.022737307809798768,0.004797119995379573,0.02310481668225961
2010-11-05,0.0037624100613677935,-0.0018529257730888204,-0.0027540655836747474,0.010762210193836719
2010-11-08,-0.00187431708497654,-0.004124364609975784,-0.0004602429895130822,-0.0054113056821198935
2010-11-09,-0.007184119016037438,-0.012632054608817112,-0.004881654972336391,-0.040540282316906096
2010-11-10,0.004029016304028854,0.0073406713950698865,-0.0008331422349995288,0.012438049792285577
2010-11-11,-0.0037675878241677507,-0.009785519305571921,-9.2684348148242e-05,-0.00794952036655694
2010-11-12,-0.011838379559210188,-0.024180138635455983,-0.003983218603891836,-0.00928790980977745
2010-11-15,-0.0014142539718550173,-0.0004306566894036745,-0.005488058361573289,-0.009558506108063192
2010-11-16,-0.015579076683346127,-0.026299308905145757,0.0024320310272900603,-0.03433558136650605
2010-11-17,0.0005078108262552838,0.005092287829604469,0.0002791851212611274,0.007687373074705128
2010-11-18,0.01471810662770201,0.02378890691236002,-0.00027910719868395883,0.00896470606032107
2010-11-19,0.002751177058163634,0.000645126575256727,0.001119552888435571,0.005292682299720353
2010-11-22,-0.0008313647976224692,-0.0030101784712274204,0.0024225530712107535,0.0026330954734228307
2010-11-23,-0.014476949656533789,-0.0317012685199497,0.0010226856643893445,-0.00787717142341926
2010-11-24,0.014773572802210255,0.0231622253655952,-0.004828997371708277,0.019281626895324644
2010-11-26,-0.011646743445855368,-0.024814819801895593,0.002052655576491036,-0.002039877182865024
2010-11-29,0.0030301130245828922,0.007812094545984305,0.0006521871755598152,-0.0005575084440808675
2010-11-30,-0.005622672556917285,-0.00819445012027109,-0.0006517621046736588,-0.004462814193865516
2010-12-01,0.021267810606829807,0.028584456528185198,-0.005214581998230217,0.005790190293105013
2010-12-02,0.012808612313341294,0.01975661773465709,-0.0019755011803076483,0.01541376206515599
2010-12-03,0.002692894961881409,0.0036193216987638888,0.001979411510082185,-0.00018340940720396048
2010-12-06,-0.0010581119660307836,-0.0016970812848993155,0.0036707416986618835,0.002011892429197637
2010-12-07,0.0005705319978126511,-0.004674963889031436,-0.007782585514569007,0.0021909910724560167
2010-12-08,0.003663165709765215,-0.006404758855256265,-0.004819663450832845,-0.014754433974894843
2010-12-09,0.0038936035700338767,-0.0034379208026978914,0.0018038466290082322,-0.008874217859385913
2010-12-10,0.005817834337940919,0.004527348746125925,-0.001895602887867165,0.006528769815134616
2010-12-13,0.0006427854282211598,0.006439472846851313,0.0006646498610731744,0.001667747231923089
2010-12-14,0.0008831917889644547,0.001492892073239993,-0.00559859373465843,-0.00980575580359988
2010-12-15,-0.004572171897451294,-0.016183959191140462,-0.0017180836894328255,-0.009528871200607525
2010-12-16,0.0058015706750451645,0.0028136080471776737,0.0019121325421780355,0.0016976349982382732
2010-12-17,0.0010710683358465811,0.001511052332618057,0.0054383133766726655,0.008286232885942102
2010-12-20,0.002414085072749428,-0.00452585778394099,0.0006644273167415449,0.01195403556472896
2010-12-21,0.0063398814545900795,0.014597309799320835,0.001896900125435419,0.010520384629633117
2010-12-22,0.0031105996372968736,0.0034406476614985415,-0.0011365748024532163,0.0076711120011832
2010-12-23,-0.0014313436345884112,-0.0010715085988309836,-0.0018939327693763275,-0.004531524515087981
2010-12-27,0.0003978918639331308,-0.003218200924763104,0.002848096795209365,0.012425453265994868
2010-12-28,0.0014330633226671274,0.000861101905220707,-0.005851572198474542,0.003999665417236509
2010-12-29,0.0007149911151198562,0.01280255015520293,0.0070706869880357015,0.001992333258848511
2010-12-30,-0.001588552348609329,0.005098485711544365,-0.0007591496346101012,0.002711071169131829
2010-12-31,0.00023925297225813047,0.006975359661044234,0.004082110266643291,-0.0019832438009288467
2011-01-03,0.010337522959936285,0.009655697131053742,-0.0011343042792427704,0.01860224285851353
2011-01-04,-0.0005506597123146051,0.004573936827953595,0.00028417018605253475,-0.019148678892764504
2011-01-05,0.0051973531779536675,-0.0024836246363568737,-0.004826909440746374,0.003614959255979544
2011-01-06,-0.0019586005276899243,-0.010580780474232054,0.00019034803186035454,-0.00936548605747145
2011-01-07,-0.001962600747790866,-0.009226407999450847,0.003233661031826651,0.00036367419671834433
2011-01-10,-0.0012580512771597219,-0.010370223295289915,0.0026537071760797115,-0.00018217749954663187
2011-01-11,0.003543756995032288,0.01069309519579198,-0.0019853115849217673,-0.0021810864048366074
2011-01-12,0.009024392343651266,0.020101246445799914,-9.56029919163548e-05,0.004189976528508721
2011-01-13,-0.0016330974837035495,-0.008711589319596147,0.0036001561592235998,0.0032655684137237184
2011-01-14,0.007244463266209644,0.002929345799356664,-0.0020768240434158036,0.006690884627149618
2011-01-18,0.0017015981107717515,-0.0014608362382716455,-0.0006619654218752435,0.008622271653167868
2011-01-19,-0.009805626147884605,-0.007730444277619264,0.00018975565369028224,-0.013178887478270562
2011-01-20,-0.0013253147243376118,-0.010949431415080979,-0.0037859078982880323,0.00018027428020706004
2011-01-21,0.0022642710042495295,-0.010432600514266643,0.0031349543865173413,0.0007216501182187862
2011-01-24,0.0056868508345839786,0.007745604391978578,-0.0005675770468968055,0.0050490247842038816
2011-01-25,0.0005416837713179135,-0.005978080409466124,0.0031260605907461603,0.011661294469553773
2011-01-26,0.003871111998501542,0.008806209552168154,-0.0033058972921001795,0.0015957971321538533
2011-01-27,0.0024678564143962856,-0.0034066392592290162,0.0017059830765606687,0.0157578803718732
2011-01-28,-0.01746294074624033,-0.031617066317558895,0.0014193401324484878,-0.016559013625322527
2011-01-31,0.007516214881162275,0.010588849905117437,-0.0018898436811921604,0.013293108330441061
2011-02-01,0.016008972384234044,0.024230405768733032,-0.0021266995453154136,0.002448610212226754
2011-02-02,-0.001912083373730944,-0.007459382645974233,-0.0011408513653743402,0.0
2011-02-03,0.0022224523556855225,-0.0012884200944478508,-0.003714212295532704,0.002791764887981829
2011-02-04,0.002829041778582564,-0.0002149000066857809,-0.003346213809475973,-0.007307845952008396
2011-02-07,0.006252218568417733,0.0012901321043414793,0.00038411673982730044,0.009815886831834542
2011-02-08,0.004546577461662649,0.0004294520754881681,-0.0028764725643860567,0.004339408872085171
2011-02-09,-0.0022625860675673515,-0.02297121612874986,0.0018261947523736666,0.0006915148957589157
2011-02-10,0.00037767636370267255,-0.00944828143977261,-0.002878961927956225,0.004144795911114718
2011-02-11,0.005970294596187031,0.012200765732839569,0.003946971241556518,0.006536215391615308
2011-02-14,0.002404079029892925,-0.005040803107231984,0.00047869778378095695,0.00017098773286505775
2011-02-15,-0.0031476226972656507,0.001982552374269586,0.00124636933283373,-0.003759205774305663
2011-02-16,0.006315272979260378,0.008353258164782718,0.0,0.0022297845300893737
2011-02-17,0.002988503177831836,0.003487988552148158,0.0023926568144643223,0.00102697756181791
2011-02-18,0.002085251035029545,0.006083165470303964,-0.00038228341286172807,0.003931002760971802
2011-02-22,-0.020069641972710328,-0.03195866058221741,0.0036298514940318327,-0.00868368883879933
2011-02-23,-0.00614416675227869,0.0008922854350799092,0.0007614384029603904,-0.008416490946329569
2011-02-24,-0.0006870494377970715,0.0024517152813920973,0.0001902147639141205,-0.007621529632116264
2011-02-25,0.01069276923741369,0.012005209821345675,0.00266228227821097,0.019549776625291004
2011-02-28,0.006196542853630804,0.005931513418863998,0.0018968449395837528,0.024824834590056577
2011-03-01,-0.01667287223663949,-0.010264314026221188,-0.0008079227857117344,-0.02973632285387029
2011-03-02,0.0021386604872477566,0.013680771876475095,-0.0016138947828332473,-0.00912573195141897
2011-03-03,0.017224408401454783,0.019808205496807618,-0.0035196800401602335,0.014422643156934978
2011-03-04,-0.0074920427028351,0.001067040821394638,0.0026726575639079986,-0.009592382110974795
2011-03-07,-0.007851546816457167,-0.014072225925076953,0.0004763107771081909,-0.007263608248502473
2011-03-08,0.008750350857077649,0.013408575033112324,-0.0007604724067645785,0.014111315734717467
2011-03-09,-0.0014333793774958803,0.0019206692176276796,0.0023807074074013723,-0.0010309171095354008
2011-03-10,-0.018505949360528073,-0.029606353598161217,0.003515330584342724,-0.015305272286765703
2011-03-11,0.006926448857371925,0.010315899390236805,0.00018952482953848993,0.010129269574861599
2011-03-14,-0.006038132557193654,0.005866139339507637,0.0005684667500518437,-0.010027696335464742
2011-03-15,-0.01145691526856596,-0.016631030213316134,0.00037789727099557524,-0.005239264933281196
2011-03-16,-0.018512765004588982,-0.020425986535298257,0.0028382403039852733,-0.014746916368777563
2011-03-17,0.01323502922179065,0.012331956739320749,-0.0006608704839393686,0.007661998940254877
2011-03-18,0.0036372767353061164,0.0017719223858638777,-0.00037801330490316865,0.010079317067839932
2011-03-21,0.01549769242589183,0.019235104319687668,-0.0023589438864253243,0.010854631526918901
2011-03-22,-0.0034685229134674422,0.003036733671275771,9.422172047557353e-05,-0.006408137024754623
2011-03-23,0.002861787074316835,0.013191962746346375,-0.00047355204269883266,-0.010981084041225553
2011-03-24,0.009563584673175418,0.011526027533333094,-0.0027453708322989767,0.004229107664165399
2011-03-25,0.0030558346962064054,-0.0010549938122057512,-0.0008545592281165026,0.00781430409992967
2011-03-28,-0.002437114136199736,-0.005069966317147845,-0.00047516118010271224,-0.0012282411578231622
2011-03-29,0.0067186080523375935,0.011465189278976329,-0.0012356803908105674,0.004039078239450156
2011-03-30,0.006900895112448957,0.012804402615140598,0.0017131844047670874,0.014518516429397943
2011-03-31,-0.0013556569734625157,0.008704475716948101,-0.00113973518262811,0.008103442487680246
2011-04-01,0.004223549529590365,0.0160264385438591,0.0013636104656042924,0.0015392348905394204
2011-04-04,0.000826241778972614,0.00849388683765162,0.0016202923757979715,-0.0006828585698750445
2011-04-05,-0.00015022369246708855,-0.0020055886709743342,-0.002093476075496148,0.001025046150426423
2011-04-06,0.0031524140274263868,0.005424898493672892,-0.002953810187005801,0.0005122315099819197
2011-04-07,-0.002543708261424138,-0.0009994408330921134,0.0015292219218621117,-0.011090802271688793
2011-04-08,-0.0034504612718382344,0.0010004407143930916,-0.001909071079389979,-0.007245833557297576
2011-04-11,-0.0030106044938957854,-0.011790590671963086,0.0009559253035389403,0.0006950821571911625
2011-04-12,-0.00747408583758935,-0.018806777014616527,0.0038226630209949874,-0.0017364983839351922
2011-04-13,-7.598345705694953e-05,0.008244042312107291,0.0010465131542050088,-0.0015656265804692149
2011-04-14,0.0007606476699633102,0.0030662106483687612,-0.0009508144776079197,0.014462017175326913
2011-04-15,0.003648786590894293,0.0012227782046736468,0.0036165119733977402,0.01288227324707747
2011-04-18,-0.011209185741584804,-0.025035585824915163,0.0017072244147358084,-0.00898748883718059
2011-04-19,0.005744641042646492,0.014404871914617923,0.0019886189839042334,0.007871043347263296
2011-04-20,0.013631828703974946,0.023667450869080175,-0.0014171922945055426,0.011714650766115886
2011-04-21,0.005109045721337413,0.008845935113081405,0.0006615617321206191,0.0067128498506892065
2011-04-25,-0.0010464392488499508,-0.008170505663329775,0.0005674785439013785,0.006667518541954021
2011-04-26,0.008605126845558697,0.008639566577652413,0.0036854414990685758,0.008776499792457981
2011-04-27,0.006528920663860127,-0.0017925645862094663,-0.0008472893019746408,0.007386547789272946
2011-04-28,0.0032428460281248572,-0.008182234469442329,0.002356400627843591,0.013362146030097666
2011-04-29,0.0023512080984047223,0.006036498411682967,0.0008452642487402073,-0.005789308839050156
2011-05-02,-0.0015390243291760752,0.0001997941982261331,0.0005275629706034124,0.0014558102741641932
2011-05-03,-0.0035974424698967944,-0.022195144183681736,0.0002829019880499217,-0.008559416306838319
2011-05-04,-0.00663068234069164,-0.016564672018542392,0.0018824134470083465,-0.005701269249949625
2011-05-05,-0.009048544066855957,-0.009565562786315374,0.002255121721801867,-0.0006553385072429752
2011-05-06,0.004415679430026964,0.013017048770936457,-9.353005324075347e-05,-0.008852255467600822
2011-05-09,0.0038749806876212656,0.001865338742183642,0.0011252355649014056,0.0051271145166316145
2011-05-10,0.008536511747571307,0.011791488104309078,-0.0017794963329413882,0.015797330438456436
2011-05-11,-0.010525379541311386,-0.022081468414459904,0.0017826685851516366,-0.010529912206645342
2011-05-12,0.004760830249914694,0.002927117710068261,-0.0014988760823753111,0.0016376651577090229
2011-05-13,-0.007699030622855374,-0.021888759022567372,0.001595126312006645,-0.01062490675400296
2011-05-16,-0.00634135294197391,-0.00149183144513787,0.002153135325752231,0.0014873024530048795
2011-05-17,-0.00015030261821791235,0.003201686856874497,0.0011214507125492101,-0.00032988306676517976
2011-05-18,0.00893607330859525,0.016170115952347963,-0.0015866416650404114,0.009735607357636233
2011-05-19,0.0023815357077001664,-0.006490864125352713,-0.0007486912774491428,0.004249426211899943
2011-05-20,-0.007944782672904882,-0.008008104732943333,0.000936565295078573,-0.012205026568413602
2011-05-23,-0.01160083875167095,-0.020819977615198493,0.0008409517815368694,-0.010214134625373905
2011-05-24,-0.000832986067823005,0.009980413912432873,0.0003727937992918928,0.0029956322651303324
2011-05-25,0.0033344210262684637,0.0021480620011489204,-0.0001856379256373053,0.004646521724243513
2011-05-26,0.004607582206677119,0.012861539863745053,0.002147327755168682,0.01337955919612499
2011-05-27,0.0038347587936569116,0.010582093487918387,0.0009319839135109032,0.005704987267373562
2011-05-31,0.010411178324042814,0.0163352184629888,0.0002786050075918034,0.015883438623501833
2011-06-01,-0.022461226763588193,-0.017927244248214458,0.004321510299539533,-0.028717431781057567
2011-06-02,-0.001061671287021393,0.009442042465556577,-0.003996105602728783,-0.007226996528070018
2011-06-03,-0.009944439527914684,-0.004988491689712826,0.0013073224752380153,0.00397072512899177
2011-06-06,-0.010581100144480104,-0.01608558237737978,0.00018538538200374433,-0.014667140754245134
2011-06-07,-0.0006196223597176864,0.007856303889213434,0.002049205418329647,0.010536883778213157
2011-06-08,-0.0041878160862895975,-0.007163067456804728,0.0008373247322066568,-0.002813570905673135
2011-06-09,0.007631196050468914,0.007851078497993269,-0.0014866419563092093,-0.010788457778961091
2011-06-10,-0.013910162513782187,-0.02168449697077257,-9.254619456999791e-05,-0.025167752922436115
2011-06-13,0.0007833464863844508,-0.0017215905411754884,-0.0013029348924699091,0.004130883472138747
2011-06-14,0.01268617424346985,0.015089895857260949,-0.0027018394505503585,0.01491242482686439
2011-06-15,-0.017785326011839797,-0.021448565410723708,0.0025233059976066397,-0.01604461337154961
2011-06-16,0.002204417810270032,-0.007595475376821481,0.0006511714329149321,0.007895715111622348
2011-06-17,0.002984059637822334,0.0013120867637899103,0.000931176891114216,0.009536646832830398
2011-06-20,0.0051159434187437736,-0.0015286465310949682,-0.0013034467449353215,0.01214562440465583
2011-06-21,0.013704152487422405,0.018372536436700893,0.0009326857761884355,0.007833443728479716
2011-06-22,-0.006025450101634022,-0.009956677701498884,-0.0006519658885710822,-0.0029762002277060606
2011-06-23,-0.0028755203409370766,-0.0013143915028152042,0.003259001743297407,-0.020235613387710516
2011-06-24,-0.011613575091497186,-0.0017552880349550604,-0.0009277129556622965,0.00015313491104707033
2011-06-27,0.008911191889447112,0.011648310372430082,-0.0017652493160698057,0.004268155533030837
2011-06-28,0.013053098934184382,0.013686508553115262,-0.004002008280518998,0.008328801157688304
2011-06-29,0.008564071123506878,0.009215739192055983,-0.0029904320784720495,0.01045185468402332
2011-06-30,0.009562369202919863,0.01083047664371306,-0.00018764844218344123,0.0026696265642141004
2011-07-01,0.014776092214064285,0.011764383647232757,0.0003201350047765672,0.017137688204313273
2011-07-05,-0.0008215701603947467,-0.000415096419679184,0.00385366336398163,0.0076889618078586075
2011-07-06,0.0011958191963317155,-0.0066474549558981355,0.0005616619694026603,0.00746720204709117
2011-07-07,0.01037528464878723,0.013801707404240915,-0.0028073677016341447,0.012568499632900298
2011-07-08,-0.007092318173665624,-0.011344772608812725,0.005160376425379365,-0.0012730513496026497
2011-07-11,-0.018079988742740083,-0.027957478842163708,0.002707372955970344,-0.01736812239720764
2011-07-12,-0.004319417680501925,-0.010087866778391907,0.0008383132506295521,0.0034058609808944595
2011-07-13,0.00334885489300607,0.016262019691984264,0.001953515002801831,-0.009857867431246392
2011-07-14,-0.006902443570548922,-0.010668275038781205,-0.0025069899086864744,-0.009303010575402393
2011-07-15,0.0058045178399079855,0.006254292994904986,0.0013963427156473696,0.011037422641615668
2011-07-18,-0.008201084859292607,-0.011572948537180272,-0.0014870123474213237,-0.007006403034636177
2011-07-19,0.016231253488528052,0.01452716962975864,0.0021405072541573755,0.016081181279437695
2011-07-20,-0.0006023281983694728,0.002992207101598865,-0.001579127146074999,0.007267242291334908
2011-07-21,0.01387106013243411,0.015981230291091553,-0.0015802583635712297,0.008016938865328838
2011-07-22,0.0006693850070247365,-0.0006289127913087222,0.0021422784494578018,0.00493084150255485
2011-07-25,-0.005573449028906663,-0.00209890396797352,-0.002882689597085264,-0.009338295772815974
2011-07-26,-0.0037359162050237815,0.003365023510237375,0.0023310865621450905,0.0022365488051769855
2011-07-27,-0.020475334938390377,-0.017606384251313778,-0.0016743276176713895,-0.028056677508037642
2011-07-28,-0.0029095167967170266,0.0008531536746827495,0.001956342462896332,0.0009843227245216468
2011-07-29,-0.006834810206255315,0.004263583153321537,0.0059528719326076285,0.00016383696401667258
2011-08-01,-0.004252801482551805,-0.0008489186068443288,0.002410594499106411,-0.015072418281387612
2011-08-02,-0.025547144505690067,-0.030805508220471678,0.004254818087561896,-0.031935779131124775
2011-08-03,0.005418828942404641,-0.0035070406515318453,0.001012608895144984,-0.008247620677192535
2011-08-04,-0.04684171744009957,-0.05719320315362353,0.005336448006222794,-0.048856572524972
2011-08-05,-0.0014966074706306287,-0.006533026128683894,-0.006589321088972255,-0.024954488934144647
2011-08-08,-0.06512318923164462,-0.08337234509441094,0.00046103635617300576,-0.08686729926194403
2011-08-09,0.04649920703980359,0.05867269783586093,0.005892881577905795,0.09103949959451474
2011-08-10,-0.044178004248113134,-0.05300074263245691,0.008147123677039847,-0.023063856354878953
2011-08-11,0.04488370073226955,0.05520063854285917,-0.012440236909152969,0.051823219096339246
2011-08-12,0.006733096244848857,-0.00048454220335958365,0.004413861944293274,-0.00018277205561756382
2011-08-15,0.021164888224133982,0.023261498104598877,0.0015560959812541686,0.036503105127362545
2011-08-16,-0.008538995261110793,-0.008524894767033109,0.002101914212408351,-0.0029932374960538466
2011-08-17,0.0006690047544202216,0.007165327956190071,0.0016418744785009487,0.00282604474219883
2011-08-18,-0.043118696407855595,-0.04718978591822076,0.001457085881583664,-0.04455812744859533
2011-08-19,-0.01633032135055057,-0.01244441884507963,0.00045463201697315547,-0.019170534718310428
2011-08-22,0.0007990573772145293,-0.0010080089803716774,-0.0012723502200809866,0.001127619053439055
2011-08-23,0.0329103232761474,0.035065406724758,-0.002365550983298381,0.024591782752121816
2011-08-24,0.01408446760076032,-0.00974849208187456,-0.005655822614658024,0.013191467891895181
2011-08-25,-0.015243886876515345,-0.01944406803600296,0.0020173332113775366,-0.018625358594595798
2011-08-26,0.014533825229551267,0.017068317758624607,0.0013737776895779152,0.012161223765543738
2011-08-29,0.02873642066822457,0.03232996508214403,-0.0010967727913825387,0.03422518945084985
2011-08-30,0.0026366639752350984,0.001433797054347874,0.0031119316837211475,0.002816533928832632
2011-08-31,0.0044379946325372455,0.020530333459723105,-0.0009128276336772823,0.011234017738698698
2011-09-01,-0.010473252847005843,-0.005380095514408989,0.0032217891017862765,-0.014407033775433287
2011-09-02,-0.02554969383587491,-0.022577595013142604,0.0030102209673052993,-0.02360035224815904
2011-09-06,-0.007297754154726999,-0.010346639836585458,0.002637580039996701,-0.004328682977584042
2011-09-07,0.02820805247198943,0.029662258968844224,-0.002358755865147555,0.0376813977540873
2011-09-08,-0.010391494983775895,-0.02219587120236377,0.0002732440415829096,-0.007681482565163433
2011-09-09,-0.026209819834050352,-0.03380840852361189,0.0013633942989250691,-0.03131667923850079
2011-09-12,0.006470028511802228,-0.00199952050244645,-0.0019967386771700957,0.0032692568907664032
2011-09-13,0.009171006620601663,0.0015024810344224093,0.00036312829452511686,0.0023537391715335865
2011-09-14,0.013844111829782069,-0.0027503724708219934,0.00018216269438875443,0.006501964745008415
2011-09-15,0.017257235206842525,0.014543481557486082,-0.002909268634496698,0.016507617488448423
2011-09-16,0.0059186596045703865,0.0017302346732688267,0.0014583148186699812,0.009709117510857457
2011-09-19,-0.009957365330300338,-0.02960806046472486,0.0021860780462001905,-0.021853325641501553
2011-09-20,-0.0011635021152206493,-0.0073733335463411764,0.001997882624344749,-0.0005362590224309294
2011-09-21,-0.029458540891731055,-0.037141321865638344,0.0016321595673722822,-0.052753969449544136
2011-09-22,-0.03232410564883581,-0.07023146343151909,0.002896832289926321,-0.024352826503616254
2011-09-23,0.006025238131737165,0.026609582550867428,-0.0051450939423309805,0.007365093821659396
2011-09-26,0.0237799016053033,0.015050063388695856,-0.002267993689965664,0.013964516583209186
2011-09-27,0.01118387765320894,0.031850524189247054,-0.0013635623908250238,0.009946602772482382
2011-09-28,-0.02041861728155936,-0.03006909414229275,-0.000819930137038849,-0.02537902974231121
2011-09-29,0.007903454791475362,0.013717883993122904,-0.00036389285445359576,0.015546598334975625
2011-09-30,-0.024989259290882804,-0.05006816359461097,0.0037377160670137854,-0.026598668092728928
2011-10-03,-0.028458091453572143,-0.02108265083237082,0.004085548406305373,-0.047178639839258185
2011-10-04,0.02192333129332713,0.015424938012999379,-0.003080623564172158,0.03940578459047761
2011-10-05,0.018515523961029512,0.02321585302466711,-0.003364017840922773,-0.008535149378098406
2011-10-06,0.018090957030132415,0.03305344942289623,-0.001642449374271604,0.0274275602000007
2011-10-07,-0.00669602623120813,-0.011930776085377959,-0.002009692738647151,-0.027864321271353187
2011-10-10,0.033445864492638755,0.044731359454939,-0.0020139451784934037,0.04990974018608174
2011-10-11,0.0010035634393816828,0.0005249750303335521,0.0023854628395920674,-0.019855097190221715
2011-10-12,0.008771883720433582,0.02809129085305817,-0.0019228456883989553,0.016361410489493577
2011-10-13,-0.001987516112850307,-0.008937566862276758,0.0005506192666331344,-0.0065155852531813
2011-10-14,0.017094017094017033,0.02009795000073522,-0.0016498176871766468,0.02314804628845679
2011-10-17,-0.01909073994171062,-0.033846912586207534,0.003946536877327267,-0.021681896185274274
2011-10-18,0.019545522072548005,0.026666561718557302,-0.0010965787440793129,0.035267063380185704
2011-10-19,-0.01182902295923971,-0.01909846157374362,0.0014645316821029208,-0.011541249762626271
2011-10-20,0.004375145873362296,-0.019210961450643382,-0.0005483449611795033,0.005649834941756637
2011-10-21,0.018987667017553944,0.028586641993626705,0.0005486458083439061,0.03295892568023051
2011-10-24,0.0122609672006877,0.03911483598497267,-0.0015537637005480498,0.024836037030131042
2011-10-25,-0.019443960950240258,-0.01981140681274951,0.005126021850840434,-0.016274175556223125
2011-10-26,0.01015869835600891,0.018443194666744933,-0.0027317828262798383,0.007372726083249681
2011-10-27,0.03483500345200907,0.060778889534458536,-0.0038349517746565365,0.047483268558543346
2011-10-28,-0.0002331625461625686,-0.008418680565002945,0.003941468199475828,0.002045238087071244
2011-10-31,-0.024105961662073017,-0.03750004862438072,0.004748323681086131,-0.011225051226269822
2011-11-01,-0.02788833075204511,-0.02425905060249245,0.004802058243477125,-0.03216342720208598
2011-11-02,0.016311635463015728,0.03063808703802362,0.0,0.01919288304956157
2011-11-03,0.018227066324963292,0.010234053172422541,-0.0021771934897114598,0.013775026079404284
2011-11-04,-0.006098724163131619,-0.006512476284255775,-0.00027206918429489857,-0.008083611663064927
2011-11-07,0.006215975415615915,0.008496896822814515,0.000818464393950169,0.00017311120032958982
2011-11-08,0.012830541294251319,0.011795998204079838,-0.0013622463107226812,0.013002960642978234
2011-11-09,-0.03690946149183705,-0.058529570124884134,0.0017279064888564566,-0.04569563092130846
2011-11-10,0.009418270167070641,0.006570602350205013,-0.0019070212565752698,-0.00017934175499589866
2011-11-11,0.018822962890334693,0.024102551428600627,-0.001181808417330732,0.02690566742774725
2011-11-14,-0.009474274947300687,-0.01372893037123979,0.0008188059743785558,-0.018515230640842817
2011-11-15,0.00494154268148983,0.006214412895627408,-0.0012734935317039175,0.007474592951100645
2011-11-16,-0.015862454393007153,-0.026927100633597045,-0.00036477086434272277,-0.009538688433895826
2011-11-17,-0.01587728642510633,-0.025387216665869072,-0.0005471009210943345,-0.018369949865707835
2011-11-18,-0.0010645608155321895,0.003907563816040849,-0.00018250082472404117,0.006359072476848304
2011-11-21,-0.01901972793501383,-0.032174485068032666,-0.00018294249112948968,-0.025275621347946697
2011-11-22,-0.003927612967546956,0.003485237643430228,0.0007302701468585582,-0.004630284049699451
2011-11-23,-0.02206552457249822,-0.0323269389245906,0.0009117634214719228,-0.03014555791791873
2011-11-25,-0.001887423535311239,-0.0033131203381800978,-0.0013660934803059188,0.004413066357997764
2011-11-28,0.02896683023161528,0.04792250896845984,-9.136080956084758e-05,0.022350239318091658
2011-11-29,0.0028398215189870957,-0.004494058395146605,0.00036496618626569166,-0.001495095481336639
2011-11-30,0.04114985505378477,0.062400638886442206,-0.0025531168834217466,0.04659400267866687
2011-12-01,-0.00016004716318562817,-0.002999149886433461,0.00034878301941332346,-0.00822434742960132
2011-12-02,-0.0008802036534822921,-0.003008171844679719,0.002573180542790876,-0.0009016991858944445
2011-12-05,0.010892176740309623,0.01634363096977065,0.001099101427964655,0.008480716548093126
2011-12-06,0.0003169750579570252,-0.013607249565555923,-0.0009147764055962293,-0.0016099617757873164
2011-12-07,0.003722692823848739,0.004013281341928687,0.0018318399485941494,0.010931763663923011
2011-12-08,-0.021936451812176405,-0.03597279923098973,0.001005873363801424,-0.022690934841800403
2011-12-09,0.016942064635785625,0.020212115546338838,-0.0005473856790806364,0.02194784683914741
2011-12-12,-0.014597710193995361,-0.03759193254511839,0.0002736392122446585,-0.01774907786868163
2011-12-13,-0.009338815916776433,-0.009237273701822368,0.0020106827439898556,-0.011745806554233629
2011-12-14,-0.010645850613937302,-0.014384628983705183,0.002463230490084456,0.005850973159485573
2011-12-15,0.0036144706729910325,0.00648655257709807,-0.002093376608671149,0.016724399217309838
2011-12-16,0.001482000095099023,0.007518732506104797,0.0033738451187692586,0.011085454197250488
2011-12-19,-0.010691565557901295,-0.025852880175746495,0.0009996869340220815,-0.008665100746307663
2011-12-20,0.03026046156213602,0.04190266859699032,-0.0013618664067361896,0.030324772051234072
2011-12-21,0.0019362933783195757,0.0031812074880264163,-0.0025454082929007305,-0.00034626376633684064
2011-12-22,0.008859087455935333,0.013213454773444822,0.0015494028514368985,0.014374633325366037
2011-12-23,0.008940833995942254,0.003912645252279745,-0.0011821584525848472,0.004350514538065786
2011-12-27,0.0007909441302385023,-0.00961315939978924,0.0018037819487537465,0.0044689909647297466
2011-12-28,-0.013123435183375443,-0.016788910211962382,0.0017276503519934039,-0.01197874311309699
2011-12-29,0.01033424227985602,0.011473002000830679,0.002361405371692049,0.008833022771638444
2011-12-30,-0.004916070981704657,0.000791007955088574,-0.0012686545346032307,-0.004291606413908466
2012-01-03,0.015936280097827993,0.030574840101959655,-0.0019957430339776483,0.008448480514837264
2012-01-04,0.0015686528684972778,-0.0056267903717831524,-0.0013629262811127862,-0.017097454526477485
2012-01-05,0.0026621890670566195,-0.004372396059301065,0.0013647863843440078,0.009392798627386512
2012-01-06,-0.0025772285508586235,-0.012658174426493751,0.0008175534790526573,-0.003273588925142623
2012-01-09,0.0024274716640086957,0.010465459857322834,-0.0008168856313627293,-0.0034582632460636864
2012-01-10,0.008670718704357094,0.021750790331692915,-0.0002722818218000578,0.011103372294755998
2012-01-11,0.00054185224204506,0.0007600027101177798,0.0035457875220694657,0.007035213527138984
2012-01-12,0.002399552297281282,0.004051779885972495,-0.0008158948783013598,-0.0073268376989503725
2012-01-13,-0.0051735612788659235,-0.009079535881494682,0.002267563858095345,0.002231712689713783
2012-01-17,0.0038806563779423264,0.019089013687762613,0.0002705980972967925,0.00822044871706007
2012-01-18,0.011056219169540915,0.025224476298607135,-0.0012661732472417642,0.006964253770937345
2012-01-19,0.005276619533397087,0.008770071839264704,-0.001629943313241955,0.0038802182969799315
2012-01-20,0.003727225719068583,-0.0007247151408604768,-0.002538989973538186,0.006217313609380382
2012-01-23,-0.0025765167128609656,0.009666701342193607,-0.0008187342091863226,0.004843117307960831
2012-01-24,-0.0011398051086900507,0.0014359736728228878,0.0008194050841598965,0.0076449847391451
2012-01-25,0.008367365757717682,0.011233198792278909,0.0014543131942190701,0.01286477371153616
2012-01-26,-0.005130057925927689,-0.004018117567080037,0.0019979387068416177,0.007002098760269471
2012-01-27,-0.00045441115461986037,0.00522068869350667,0.00163092260726172,0.0003236290404269315
2012-01-30,-0.003413968020698821,-0.014400034967053443,0.0028943949074597963,-0.007436232666346854
2012-01-31,-0.0003805548799471481,0.008622902635609497,0.0017145189002143457,0.004885980284242697
2012-02-01,0.008757135795930626,0.022085196622915415,-0.0017604896299774353,0.009886306135102219
2012-02-02,0.001585382858530826,0.0027876891732294684,0.0002715616158246448,0.00224714434502582
2012-02-03,0.01401858941243228,0.016682100761679086,-0.00045224563140355833,0.013931425196740843
2012-02-06,-0.0006687573774952771,-0.008431973870939191,0.000722856047520759,-0.003158654893609558
2012-02-07,0.0025287532525748446,0.0020685553130546097,-0.0009939491115312782,-0.002535057040360278
2012-02-08,0.002967700108871041,0.007109972136788656,-0.0008133462710765427,0.0017468200686796553
2012-02-09,0.0012574556433118111,-0.0004555571356287258,-0.001630529675368697,-0.007292939724800607
2012-02-10,-0.007387971138584137,-0.022100514268556637,0.001360540793066578,-0.009264092342047503
2012-02-13,0.007442959508619396,0.01630901380903471,0.00036217046082631654,0.01015677777308266
2012-02-14,-0.001255876434402059,-0.0082529420779901,0.0008146387722824944,-0.010213610451884958
2012-02-15,-0.0046600931859676065,0.0027740531381212907,-0.0003613429343295449,-0.005966119306979212
2012-02-16,0.011073034259656556,0.010834356971693104,-0.00018103817052184112,0.010543359464891822
2012-02-17,0.0026461290768193813,0.0018243673023230489,-0.0012677981089038726,0.0008025659102592897
2012-02-21,0.0004393921350669405,-0.004097085725828453,-0.0015405537803884206,-0.015557505758728163
2012-02-22,-0.0032241340794278983,0.0018282996315543976,0.0028142968172719662,-0.008471683918395145
2012-02-23,0.004411296152425637,-0.0018249630522781946,0.0008139149308172833,0.012487532202570817
2012-02-24,0.0021957108141903436,0.010056537051369885,0.0002720883534137464,0.0012982762840911821
2012-02-27,0.0016798423624742043,-0.009956410044855146,0.0031649019192570016,-0.0016208487327944443
2012-02-28,0.0029157791209362127,0.013942518392352943,-0.0007218156936579234,-0.0058438175687030025
2012-02-29,-0.003925447180012198,-0.0006759946603203115,-0.0009922872943068928,-0.0040822872077318495
2012-03-01,0.005181721330969058,0.009474187894996655,-0.0020185189769750256,0.0060663328698475905
2012-03-02,-0.003049175535361104,-0.002458242843703995,0.002177467902409802,-0.001466857763353313
2012-03-05,-0.004078215342745994,-0.017249059229887176,-0.001448791866722754,0.010118901862182561
2012-03-06,-0.01462574851475662,-0.033507837124750695,0.0019949414915514385,-0.013248745958574393
2012-03-07,0.006975960439594475,0.012028089863932667,-0.0009052411439011143,0.005403402005981439
2012-03-08,0.009949150657240446,0.02097431403141914,-0.002263749866917908,-0.005211496157194295
2012-03-09,0.0038674228872999095,-0.0004563601871609979,-0.00018005596806658364,0.004911359670293214
2012-03-12,7.299323974674365e-05,-0.010961908799988596,0.0009061702283534867,0.007331790917418202
2012-03-13,0.01802581329692088,0.02724556405181544,-0.003354523425738498,0.02021633838852699
2012-03-14,-0.0010711090749329077,-0.015733492119964776,-0.005458542559163226,-0.002694877922598149
2012-03-15,0.005789269339332881,0.007992495931743226,-0.0004571472331146298,-0.0014308220481397127
2012-03-16,0.001385467178852462,-0.00113278213454171,9.2221193038311e-05,0.005731066412915098
2012-03-19,0.003919054092179852,-0.003855897647208395,-0.0032031242875050214,0.00696389289017052
2012-03-20,-0.002910070702047518,-0.01730410275370453,0.001468758386805602,-0.0014146456449816158
2012-03-21,-0.0016379137278180744,0.001853653536580735,0.0023828259499631965,-0.0014166497023134772
2012-03-22,-0.007203675134665244,-0.015263927069563143,0.0009145499828755455,-0.013713603378256667
2012-03-23,0.0032329067878746898,0.0075153696202674425,0.002284336451253255,0.006232895118908788
2012-03-26,0.014035083565195894,0.017482569263403747,-0.0007294266308959241,0.011720262585820596
2012-03-27,-0.0031072854801021954,-0.005269340668832778,0.0010943325132322101,0.000157928165811283
2012-03-28,-0.004958259776271734,-0.016812082645232262,-0.00018143256652003448,-0.0015821570185120537
2012-03-29,-0.001708323051823557,-0.0011718652240794158,0.0027342953628402,0.00047550358468995135
2012-03-30,0.004135176953864894,0.007270537053515547,-0.001544994258861676,0.008236650283597324
2012-04-02,0.00731554153186198,0.013736721531441676,0.0001184480343776606,0.007069785470861234
2012-04-03,-0.004089405634330245,-0.005742022953083237,-0.004287814995398209,-0.0038999603082299217
2012-04-04,-0.009910889296319447,-0.01801759708705153,0.002107181819442472,-0.010962972646488378
2012-04-05,-0.000500185039954304,0.005410771167873252,0.00228518600042249,-0.003800703892737567
2012-04-09,-0.01123116627595877,-0.01474038806263367,0.004378537265792737,-0.01065005071801517
2012-04-10,-0.016784836308671447,-0.019472901525754982,9.121488289731694e-05,-0.021529602065873843
2012-04-11,0.008094031083249131,0.010898301091952778,9.060453997977724e-05,0.012808087839488502
2012-04-12,0.013065955049934352,0.025635040824319333,-0.0009984658820536563,0.01378027736223375
2012-04-13,-0.011889075378692993,-0.01518355201616195,0.0030901830298235566,-0.004157791640475361
2012-04-16,-0.0006555563900118022,-0.004980854954096281,0.00018091512617646188,0.01365003238001683
2012-04-17,0.014811568892590055,0.011441916075719316,0.00018148300746467783,0.00855552198581222
2012-04-18,-0.0033788385785200603,-0.0047134975295758386,0.0012680488031651116,-0.006754942275618792
2012-04-19,-0.006420992976712281,-0.004499348121686619,-0.0007232818283237075,0.0
2012-04-20,0.0016696274547964851,0.006898234175663376,0.00018025113724773334,0.012177768856843851
2012-04-23,-0.008408600305394254,-0.01913505603992305,0.0009962031070216426,-0.01031243082943789
2012-04-24,0.0038017728666805972,0.002167698469820234,-0.0014464089353842802,0.01499841562372728
2012-04-25,0.013691125162189843,0.00913240301729501,0.0004518508223914086,0.011510281322727023
2012-04-26,0.006969150672798685,0.0061919259913418845,0.0015394593340409823,0.0024605182829151584
2012-04-27,0.00164083919484459,0.0014198767026061265,-9.066981627781079e-05,0.00690327896662879
2012-04-30,-0.0037039384697449274,-0.0021269791343494493,-0.00036151376398740886,-0.0025900858889208456
2012-05-01,0.006219984441347304,0.006632171667855902,-0.0003627434232149618,0.010844230803455313
2012-05-02,-0.0029840727372134612,-0.0018828051710330085,0.0009967820947793804,-0.0015104177545951503
2012-05-03,-0.0076256002313283,-0.007543654476747541,0.001086343057373318,-0.003480759987348536
2012-05-04,-0.016157891799786772,-0.01757702471322342,0.000995407025832229,-0.00880791940007497
2012-05-07,0.000730055047314826,0.0036267655371879925,0.0003616605900049752,0.007047711737697693
2012-05-08,-0.004011806005763119,-0.015899702609917354,0.0007228604878262157,-0.0018260107129033365
2012-05-09,-0.0059316943843022996,-0.012974733383867343,0.00027100128056312123,-0.003200586901352276
2012-05-10,0.0020628275762453185,0.0042165618228728885,-0.0009930704951701674,0.000764266047926121
2012-05-11,-0.0030143329896287208,-0.012842628550370883,0.0007228604878262157,0.00213907508236022
2012-05-14,-0.011061419972863695,-0.022766923055114296,0.002256187671820342,-0.012654203185645585
2012-05-15,-0.0057414174254349915,-0.008704956409825049,-0.0005404845573642181,-0.005250158622895129
2012-05-16,-0.0038245751491161606,-0.014204432630038788,-0.00017982841785768588,-0.011021292545340566
2012-05-17,-0.014831183103923062,-0.013623077993864086,0.0006307051138090269,-0.029194820739031235
2012-05-18,-0.008558868661476704,-0.009561779330679587,-0.000270117631263056,-0.012125926058373704
2012-05-21,0.0171881499425679,0.02386707803708532,-0.00018049130388531065,0.021766781543760327
2012-05-22,0.0017431115111612439,-0.010477034546475972,-0.0024326512769308195,0.0019226391337938686
2012-05-23,0.0005296818245419388,-0.006881717389369046,0.0011744242039746222,0.0014387386836536287
2012-05-24,0.001965402735505384,-0.005063680625273959,-0.000811741845799463,0.0044701706981609135
2012-05-25,-0.003244368751557536,-0.004822010195297821,0.0015343034958046342,-0.003973413211015631
2012-05-29,0.01211165456863239,0.0282637314466323,-0.0005405723506090032,0.014201545287113815
2012-05-30,-0.014510127265036532,-0.017277602099441958,0.0033375869158078775,-0.02375722450560591
2012-05-31,-0.002200501630520657,0.0042621786252246,0.002967041365796508,0.007574699104625937
2012-06-01,-0.025176786402256845,-0.026790823929230934,0.0024966005314617234,-0.024472501602260888
2012-06-04,-0.00046851992325191993,0.004361204966455867,-0.0023293855931242335,-0.006885956519144032
2012-06-05,0.007572337655849859,0.0027140403030199156,-0.002065638139686521,0.020637432360027796
2012-06-06,0.022468145951472618,0.029228339498394096,-0.0029701476102165225,0.0221612169970955
2012-06-07,0.000606584824266232,0.006047760493028687,0.0015347876256368576,-0.007121768553772778
2012-06-08,0.007951747740624127,-0.008625018028657117,-0.0004510138738332836,0.01418548879296977
2012-06-11,-0.012697570659985224,-0.014500481027183043,0.0009017402724111889,-0.022473298022436694
2012-06-12,0.011490666405364891,0.020866833026556453,-0.0008106269244707587,0.009485223054346514
2012-06-13,-0.006394701551814652,-0.0036689318849146835,0.0026145029269932785,-0.005096381173079756
2012-06-14,0.01060038223233084,0.007101751115966115,-0.0007191294061889009,0.014567033803547957
2012-06-15,0.010227163344093126,0.018281495287101546,0.0023396446342291988,0.006153303834449897
2012-06-18,0.001938545454729157,0.0020519025190675055,-0.0002697809923632999,0.008311616133359179
2012-06-19,0.009672102103833735,0.016124681697741172,-0.0011664679735126082,0.004042824248018384
2012-06-20,-0.0016212208381850557,-0.0032745469035472263,-0.0015291106782516772,-0.00046424062449079706
2012-06-21,-0.02243857255439119,-0.03662231452776166,0.0013506346407468062,-0.016271576226573048
2012-06-22,0.00770197962507968,0.0031857818338398847,-0.0014387535354144498,0.00015699933415280753
2012-06-25,-0.01603518875175569,-0.018523592837629055,0.0031521610317115645,-0.00509690802371876
2012-06-26,0.005026030129509307,0.008627851582603041,-0.001077841661582979,0.003351602612334581
2012-06-27,0.009016508394658729,0.0064153651485232555,0.00044991488203716123,0.003977100228513608
2012-06-28,-0.0028535829881815022,-0.004780972049764687,0.0011667816810629894,0.010933400647206382
2012-06-29,0.024926567307903102,0.044302367393118436,-0.0013443074842001135,0.025548606793149853
2012-07-02,0.0030124599609413494,0.0,0.0019168106169362709,0.01100384064223503
2012-07-03,0.0065929064043876995,0.019933338995705263,-0.0007186868041051397,0.0058959061076755415
2012-07-05,-0.004511768120072923,-0.010523739425778333,0.0026080513687578577,-0.006161696125167704
2012-07-06,-0.009503536417550085,-0.018232506095368195,0.0007171358841522313,0.0024193592178276546
2012-07-09,-0.0012548974241146649,-0.00361066425871992,0.0019709564393828316,0.0010558226848231822
2012-07-10,-0.008720100912615103,-0.011131339967684784,0.0004473760095671242,-0.010699197358504664
2012-07-11,0.00014930752683772752,0.0052353632736776845,-8.923884565970042e-05,0.001066414034378571
2012-07-12,-0.004844702606138007,-0.016666697807856012,0.0017886670885844946,0.0030434385660045304
2012-07-13,0.01677771902911651,0.01933284305186178,0.00035693788457558107,0.01228775922711045
2012-07-16,-0.0023576645301170984,-0.0023384494279437007,0.0008023828124310572,0.0019476321192382073
2012-07-17,0.006866951992490655,0.013281428088676606,-0.00035564342385652203,0.009572949503941386
2012-07-18,0.007406915978699358,-0.0025700480508432655,0.0019613862787177805,-0.00592607051237537
2012-07-19,0.0026206805134219024,0.009275946755462172,-0.0008005524799241659,-0.010432422486595927
2012-07-20,-0.009148476994842336,-0.014807138948338738,0.0014247576635499914,-0.005270858509331844
2012-07-23,-0.010112218392325234,-0.026172830029463467,0.000889914777791434,-0.0072675583813121
2012-07-24,-0.008586978529939504,-0.0042574042264744705,0.0012439532085444238,-0.0033550922274476758
2012-07-25,0.0002243125308565297,0.0048102207535509756,0.0003554609652300922,-0.0004588756318156806
2012-07-26,0.016497899410482963,0.022606478317511947,-0.0006211292685465164,0.008879266701350419
2012-07-27,0.018432310377161976,0.02808818484044151,-0.003019053270832739,0.009559627993848352
2012-07-30,0.0,-0.005818367519977996,0.0016918271478949531,0.004659675942413566
2012-07-31,-0.006994305262065126,-0.004579983940519283,0.0009780814666984217,-0.001496367116807562
2012-08-01,-0.0008714267236076267,0.0017890159842210984,-0.001156185833149137,-0.004794689801804752
2012-08-02,-0.006904360708826274,-0.011737497633845906,0.00017750981845088276,0.002860869761813767
2012-08-03,0.019832968829505804,0.030983848799024383,-0.002405133789655012,0.007806721547457096
2012-08-06,0.0019372354058670993,0.0062608963732802,0.0015179763551109726,-0.0010429026598248736
2012-08-07,0.005013865188895794,0.0027378557634063494,-0.0026748078535290265,-0.011780756539891302
2012-08-08,0.0012114265887483988,0.001985679145388941,-0.0012516894035028425,-0.0067903396549117145
2012-08-09,0.0008543897666062339,0.004210975984024756,-0.00026868142750180457,-0.003190483067942451
2012-08-10,0.001635689308072008,0.004686534291962641,0.0016122274564367434,0.0013717690038519414
2012-08-13,-0.0004972355271005702,-0.008838430705910505,-8.973423677549608e-05,-0.000761116156620778
2012-08-14,0.00014227543369260687,-0.0002480591812841215,-0.002324678002998959,-0.002132032460040012
2012-08-15,0.0011363234962835644,-0.0014868196655614119,-0.0032249932904702128,0.00457904298250833
2012-08-16,0.0073785773040344615,0.009181356444870836,-0.0012585666270886753,0.007597646001602731
2012-08-17,0.0013383677201597166,-0.004917658672777825,0.001170092391134414,0.0003019805572570533
2012-08-20,6.961561022889029e-05,-0.0004939428837146265,-0.00035962281183066214,-0.0028646517739816524
2012-08-21,-0.0030242236613587936,-0.0014834478401507534,0.001348331484141374,0.0021169276524057867
2012-08-22,0.00042370917661394003,0.0004953652766959138,0.004311508587041102,-0.0006041357440710327
2012-08-23,-0.008179213109336558,-0.009156169145881243,0.0007158429050206916,-0.0030189563729312585
2012-08-24,0.006042766351457951,0.000249527663779725,-0.0007153308405137837,0.0033314120809535552
2012-08-27,0.00021168178511743463,-0.010237167454891671,0.0013414213911580042,0.00301833932806872
2012-08-28,-0.000988869712894913,-0.002018045925445189,0.000803069929332878,0.0034608609526489698
2012-08-29,0.000778002070155992,-0.004803150004126122,-0.0009806119127868662,-0.0002999660873849175
2012-08-30,-0.007207983575790777,-0.011683703190239592,0.0006248518754512489,-0.0022500289871422163
2012-08-31,0.004769114698348176,0.009508881434084904,0.003124852029094516,0.003157301288675196
2012-09-04,-0.0009209328811559114,-0.0056005869686003296,-0.00018744736576470356,0.007042921874767627
2012-09-05,-0.0008513240631010666,-0.005120553735931788,0.0,-0.0017854576866348504
2012-09-06,0.020297164685177282,0.022130922962540378,-0.002317584249830529,0.008944326879446463
2012-09-07,0.0038951334957590955,0.023162074394213805,0.00017696754669405124,0.0008864456298876
2012-09-10,-0.005681230848437302,-0.012795286761362212,0.00017898908606461816,-0.007823768491862504
2012-09-11,0.002786661832218762,0.0119640494741593,-0.001161510452274639,0.0029757727047046156
2012-09-12,0.003335736892618124,0.004433397329989486,-0.0018783475434167585,0.0020770446516658048
2012-09-13,0.015236551480595217,0.026974356396448407,0.002330589166627872,0.012286913537719268
2012-09-14,0.004433965769794712,0.011699763662522455,-0.00411367228999282,0.005557065209607526
2012-09-17,-0.003395661268151162,-0.010856500540617597,0.0016157705173736048,-0.0029088827032336395
2012-09-18,-0.0008181310716132151,0.0004773380884122158,0.0006277337722435661,-0.00948023502747386
2012-09-19,0.0005456693361285403,0.0,0.001971191944962536,-0.005595716478699053
2012-09-20,6.865787700749415e-05,-0.005962320933129317,-0.0006262035935264976,-0.014808550512581009
2012-09-21,-0.00041811820953607803,0.0023989382700064787,0.0016108693214189618,0.00015044191945823293
2012-09-24,-0.0015084282761916867,-0.0009572788551219791,0.0010718926227584191,-0.00371132369760252
2012-09-25,-0.010641752829874895,-0.01485363597302003,0.0016063613431713808,-0.014748237290726274
2012-09-26,-0.005620947308811686,-0.004620866304467897,0.0009792842883726838,-0.0001541392845357814
2012-09-27,0.009421268757187962,0.01588077010725697,-0.0006226243343122606,0.004321464145044418
2012-09-28,-0.004632035467358797,-0.006012078636053464,0.0014250576963295014,-0.0015369879535582776
2012-10-01,0.0026391406348442725,0.009919743050785801,-0.0003831383711181413,-0.00738790183468252
2012-10-02,0.001039209888461734,0.001437601130730437,0.0008023787620869971,0.007598070726631434
2012-10-03,0.004082991341292974,-0.006698479766076737,-0.00035653213144959395,0.002000652529718927
2012-10-04,0.007168183469836942,0.01035635795394585,-0.001425372763426691,-0.00030700978143505253
2012-10-05,6.842795886052855e-05,0.0,-0.0020517458784403697,0.0012289138378047681
2012-10-08,-0.003421493114438512,-0.00882016529945373,0.001519549325621261,-0.0021485807658437883
2012-10-09,-0.00988750629752222,-0.007455334948674341,-0.0010716892578671589,-0.003690045354109772
2012-10-10,-0.006379899126421229,-0.006057982455339728,0.001609014618297211,0.004012738146666139
2012-10-11,0.0005585812787816113,0.009263891214120967,0.0012493588598507799,-0.0007684315532314745
2012-10-12,-0.00327865815012629,-0.0031398982536547937,0.0008014830793099392,-0.0035385797269645858
2012-10-15,0.008328172986761029,0.005815022383309776,0.0005346069550227206,0.006638559388309595
2012-10-16,0.010132962443533566,0.010359042225653203,-0.0016019924161349008,0.006134999799815022
2012-10-17,0.004535149941382155,0.007868460105887598,-0.003119896949890344,-0.0027436345722838817
2012-10-18,-0.002599017347364563,-0.002838909267174672,-0.0003581301448265517,0.010241338912929221
2012-10-19,-0.01666446228541274,-0.01542129578911522,0.001253172232577926,-0.008321792711815768
2012-10-22,0.0001394039257271995,0.009638982424383213,-0.001340544276970168,-0.005035193081128653
2012-10-23,-0.013876306964520468,-0.0205253573642451,0.0022372395803325063,-0.010120951780702492
2012-10-24,-0.002828618390898985,0.0009747894668290513,-0.000714591383123131,-0.0007747850174780746
2012-10-25,0.0029074132007287368,0.010954329690186393,-0.0021432595603261273,-0.0027907259804146323
2012-10-26,-0.0005658198535741787,-0.007705501903468748,0.0026849020211565655,-0.008706589787242147
2012-10-31,0.0,-0.0014557171236506683,0.0014281718717870096,0.009723895653728665
2012-11-01,0.01047069977718662,0.01628145795390501,-0.001313445617347142,0.004815629107516317
2012-11-02,-0.008891405946785058,-0.005260611479449118,0.0006261615071840865,0.00664696831137479
2012-11-05,0.0020482013634779417,0.004808090917613805,0.0016986150682922752,-0.006603077862068152
2012-11-06,0.007825292266232742,0.00789481201920661,-0.0028557132298121513,0.004327944071864209
2012-11-07,-0.022663618784597328,-0.01637818202520125,0.0023269912066095078,-0.00446362787833765
2012-11-08,-0.012024332592266651,-0.012548274425986161,0.0012505726644289616,-0.011904667719736306
2012-11-09,0.000869119923699202,0.001955170964427433,-0.0005359564403516481,-0.002660000904065818
2012-11-12,0.0007966167610924391,0.003658651370817667,-0.0002676845288256402,-0.0023533852091599528
2012-11-13,-0.0034714616618037875,-0.008991825426434064,0.0017856247003056325,-0.0007861764150131068
2012-11-14,-0.013499429220873882,-0.015448496006736034,0.000267375994313479,-0.018728432077054102
2012-11-15,-0.001691872350298551,0.0034870077751159023,-0.000980148927914759,-0.0046509854553984376
2012-11-16,0.004937907891581661,0.0029784233169523056,0.00035633484986874464,0.006123203241271025
2012-11-19,0.02023906460858882,0.017569975334044363,0.0007132896136410327,0.012331737035949253
2012-11-20,0.000430878604985363,-0.0019458476670174418,-0.0018705776787432127,0.007435487850966815
2012-11-21,0.0018681802759741295,-0.001949391618234153,-0.001694557761636406,-0.0017275909312054472
2012-11-23,0.013624729084464882,0.016357612931741317,0.000625170629423355,0.007394095422612157
2012-11-26,-0.0021222597265981857,0.0,0.00035739247307908784,0.002029613174906242
2012-11-27,-0.005104460594821059,-0.008407477674216013,0.0013396700091139468,-0.005610255465025138
2012-11-28,0.008052289819338476,0.005571582749130943,0.00017795628667016672,-0.0012537686146725235
2012-11-29,0.004665884642393925,0.007227464153897634,0.0012484831003172214,0.005492364933793903
2012-11-30,0.00021046661016299595,-0.0004786636153137902,-0.00053427228680758,0.0020283465114532273
2012-12-03,-0.004924139638095237,-0.00047846361855352626,0.00014315048697377541,0.004049490091298624
2012-12-04,-0.0014137716009420265,0.002872830753282374,0.0006271519837768302,0.0015508899582488134
2012-12-05,0.0017700741838164724,0.010742759310366834,0.0008954807026526623,-0.0030973781129648437
2012-12-06,0.0033920830537657043,0.007557543856952176,-8.952608726231492e-05,0.00932090438744737
2012-12-07,0.0030287464519904717,0.0030477595252320633,-0.0008951472322431542,0.0036941503155176747
2012-12-10,0.000421089764903293,0.005608458523672422,0.00017990753819363547,-0.0004601064741212024
2012-12-11,0.006808771760235199,0.005112682195951068,-0.0003583928060789665,0.0024547326372708067
2012-12-12,0.00048811269465387497,0.003006242248143165,-0.0027769880156301996,-0.0027544525276526066
2012-12-13,-0.0061323316983668,-0.004380069790490326,-0.0016167685581364166,-0.007673527929118684
2012-12-14,-0.0037161499488164162,0.004399339203232433,0.001799340241911196,-0.0001551742394333422
2012-12-17,0.011752576328116326,0.0025355376356979153,-0.0024249603442054735,0.005259209252024277
2012-12-18,0.011128864485641321,0.00698602712086438,-0.002340382884534087,0.010309600988471557
2012-12-19,-0.007429121752101198,-0.00045943803449455256,0.0017140137726967541,-0.0013708592572657663
2012-12-20,0.005752679727053289,0.005975439792743398,8.974883009482681e-05,0.013116019540815316
2012-12-21,-0.009077710044483989,-0.011423322231188915,0.0009012119881970371,-0.0016561710826190623
2012-12-24,-0.0030816426495166027,-0.002079541276551522,8.975742981509605e-05,0.0013278185157772349
2012-12-26,-0.004214894147651194,0.0030104345924157894,0.0013534517453379635,-0.004724940312770154
2012-12-27,-0.0013403041825095219,0.005635591949456842,0.0005403959341749864,0.0036754127305329565
2012-12-28,-0.01080811126797443,0.003674758761718966,0.0015296626358090037,-0.00656071936496061
2012-12-31,0.01699667956827211,0.014874201875505255,-0.001797500048314693,0.010597239156620253
2013-01-02,0.025629986194721566,0.019616927712441168,-0.0011702016914804103,0.012462115398717888
2013-01-03,-0.0022596513946151475,-0.007076806339023856,-0.002523926751578087,-0.0001500478001186245
2013-01-04,0.00439202687479523,0.00200453396229916,0.001084503590111252,0.004653813140741203
2013-01-07,-0.002732580793092132,-0.007557484216190624,-0.0005416643581145353,0.00224158361379434
2013-01-08,-0.002877353172892172,-0.008958683235860576,0.000903653584949593,-0.0019382971896027001
2013-01-09,0.002541683324195132,0.00429398268159642,-0.0007219581564598121,0.00283852256864936
2013-01-10,0.007949867327571747,0.008775959611678319,-9.065149836484654e-05,0.0010423548410776196
2013-01-11,-6.822189189836791e-05,-0.008030428706800374,0.000993646110332147,-0.0005951063572863236
2013-01-14,-0.0006797963132193496,0.0042725098630735925,0.0009018950520172098,0.0028291292637641074
2013-01-15,0.0006802587506100632,-0.004254333182590164,0.0002703928937319855,0.004751291917539646
2013-01-16,-0.00013593327157856994,-0.0008995058958575219,0.0005405422249071812,-0.0011823241872017665
2013-01-17,0.00646069759625334,0.0056271166159314046,-0.0021606114880881044,0.0031068250544945553
2013-01-18,0.0022292562619985468,0.0022375678895329987,0.001172572722283327,0.004277732035578463
2013-01-22,0.005393398542033134,-0.0015628688827722392,-0.0005408833056932405,0.005140549294581964
2013-01-23,0.0016094999521962805,-0.005367950457538351,0.001081767193133798,-0.0002926761852193316
2013-01-24,0.0002680641831382946,-0.003597794555830758,-0.0013507964811327877,0.002045685255922969
2013-01-25,0.005621890945024743,-0.003385413015331018,-0.0024361459870183566,0.005689080918653833
2013-01-28,-0.0011980787998375764,-0.007020079230166787,-0.001446530467352547,0.002610333557265365
2013-01-29,0.003931969483887299,0.011174544215934779,-0.0006342632533123949,0.002893385122658909
2013-01-30,-0.003916569651535862,-0.004735821334521995,-0.00045308086171158557,-0.0095197471616002
2013-01-31,-0.0024654487263779945,0.0020395097606593637,0.0009062785141147334,-0.005970448864244804
2013-02-01,0.01028757012874082,0.006557853174567585,-0.0021690264472226106,0.005859960226073158
2013-02-04,-0.011240927586619542,-0.013255645290556117,0.00281960428998973,-0.0023307385699111727
2013-02-05,0.010097791642478926,0.0011387238339037875,-0.0020855460320914343,-0.002335996753297098
2013-02-06,0.0007279968994811092,-0.0011374286168284176,0.0017263747493010406,0.0035125741915413844
2013-02-07,-0.0013229322008943,-0.008879634189171481,0.000362903367876255,-0.004228796389197487
2013-02-08,0.005564232678336278,0.007351090034796615,0.0002724701270993002,0.009225121125340907
2013-02-11,-0.0001974835794953389,-0.00045570567545183405,-0.0009981329387880322,0.001450775585519537
2013-02-12,0.001647364820755115,0.0027376881586940183,-0.00018132181646079992,0.007534606282259881
2013-02-13,0.0008549216234885471,0.005005758673350069,-0.0009981363160632695,-0.0005755410513811343
2013-02-14,0.0009202655706050944,-0.0004526346541979809,0.0018173194068245024,-0.004172359170216966
2013-02-15,-0.0011817163036250689,-0.0036241011260319533,9.05054499447111e-05,0.0004329280127264301
2013-02-19,0.007494356301764871,0.002045769105923023,-0.0011785189052199163,0.007943869043542273
2013-02-20,-0.012462990131138163,-0.008847632413538475,0.0006353057195733758,-0.006448296392939201
2013-02-21,-0.006079093186936224,-0.013733006830428662,0.0005442579610452913,-0.007499187820257269
2013-02-22,0.009772456517164851,0.004409695491930377,0.0005444510798231494,0.010026422322333639
2013-02-25,-0.019026710666543267,-0.013401036252359888,0.0038068347213600084,-0.018990374169275848
2013-02-26,0.006845361919682436,0.005620273629066919,-0.00027070464350520407,0.006892880585156247
2013-02-27,0.012598509561646987,0.010945399660133193,0.00027077794435204083,0.00728199681082331
2013-02-28,-0.0019752922394542516,-0.004606882345074559,0.0009039723251988985,-0.001012129733601097
2013-03-01,0.0032983964305790536,0.0023139251885853085,0.0003528925952018813,0.003329017836922077
2013-03-04,0.005324894386997903,-0.0094664378855992,-0.0007239237386570396,0.007501442265482661
2013-03-05,0.00895896649364536,0.012120689820949604,-0.0008130448573719917,0.007875070602754164
2013-03-06,0.001361190048131844,0.004836987697359518,-0.00108643596872815,-0.0029833312028586523
2013-03-07,0.0018119787661696751,0.002750237726379945,-0.002084031383864149,-0.0047024064634380025
2013-03-08,0.004264262918200146,0.0086858787599291,-0.002905555989990649,0.0017178616937181257
2013-03-11,0.003796069906312427,-0.005438846556489629,0.0005461403289488409,0.0008575493150306812
2013-03-12,-0.0022435745890556635,-0.011391772935889444,0.0018205518463889625,-0.003712558455935322
2013-03-13,0.001413367132194976,-0.009449217381057973,-0.0008172265408500357,0.0010034642447527276
2013-03-14,0.00532380069056404,0.004187805139868717,0.0010903960868680063,0.0063000931351582246
2013-03-15,-0.0013204265338663257,-0.00903575755838093,0.0009084232867284658,0.0022763766574278588
2013-03-18,-0.005518860768033429,-0.011223342151316373,0.0009075011170371905,-0.005536332808663613
2013-03-19,-0.0023232040890159844,-0.007093456980590274,0.001450294899802751,-0.004853650931615383
2013-03-20,0.006985841803290649,0.00571542814501802,-0.0010861459429306608,0.003155920773416865
2013-03-21,-0.008542631731878858,-0.01018238503281832,0.00018126993737599406,-0.003003229727993384
2013-03-22,0.008033233484954883,0.0038277886773623315,0.0003621815365451031,0.005261501324669071
2013-03-25,-0.004177637870304118,-0.000953252634036228,-0.00036205040857184567,0.0001437214543076326
2013-03-26,0.008002585682190144,0.014313161752995684,0.0011778459611588854,0.008625517354838852
2013-03-27,0.0,0.003762671560283426,0.002081384744890835,0.0018528589242086113
2013-03-28,0.0030729832454829964,0.0021090983674576513,0.0,0.00341453789221835
2013-04-01,-0.00395745653760049,-0.010755474686340083,0.0009048922029055717,0.0029773848589800256
2013-04-02,0.004934757026271885,0.00047259323335313574,-0.001084655801976031,0.00311002967738383
2013-04-03,-0.01013925297244156,-0.011811655923602782,0.0010858335576442446,-0.0035230739146563383
2013-04-04,0.00405888928931275,-0.0028690099988951667,0.0028035331453366563,0.016263383412072896
2013-04-05,-0.004491259297783268,-0.002397568136414119,0.002886363378783896,0.0054275195700899115
2013-04-08,0.006767435859953874,0.0016826677571961657,-0.0017087523355170386,0.008027408528001878
2013-04-09,0.0034560452196521485,0.009836521241914475,0.00036089287412655047,0.00013751039393716802
2013-04-10,0.01224923753327678,0.009503386573955108,-0.002071145301569044,0.006177962459854358
2013-04-11,0.0032772068095818785,0.0009416619056230591,0.00017998035044897165,0.005866908316603414
2013-04-12,-0.002450354473656935,-0.015283389466182351,0.0032479783713594834,0.002441945117354516
2013-04-15,-0.023173666861718734,-0.02435549718961938,0.00045020036379206374,-0.020704037118375984
2013-04-16,0.014763063514771302,0.02055809581543433,0.0,0.01658130033822136
2013-04-17,-0.01461186971745665,-0.015827438725232068,0.0,-0.010601958817223922
2013-04-18,-0.006253472046943709,0.0,-0.0001802501277052837,-0.0015108282422019448
2013-04-19,0.00869365557569779,0.014620011297896252,9.018959320239439e-05,0.015409614728612908
2013-04-22,0.0044379867729917866,0.004802891286132205,0.0012579058436041901,-0.0013548788762378638
2013-04-23,0.010309142692588091,0.004780359775748089,-0.00044841215808333335,0.005563444725735556
2013-04-24,0.0006341627839245856,0.005946415155957396,-0.000179252376734107,0.002158394520550333
2013-04-25,0.004053490454447584,0.008985747940510214,-0.00045014115036967617,-0.003365976133506199
2013-04-26,-0.001766250128362068,-0.010077089369677439,0.002067720326514255,-0.0032424734943041766
2013-04-29,0.006698602681124433,0.010416389128969472,0.0006276390463739734,0.008539213268587975
2013-04-30,0.0023852356908851124,0.014292626973204214,-0.00017878659071690617,0.01169204939616919
2013-05-01,-0.008767633695778598,-0.010857140638879104,0.0004666422977828155,-0.00797020891987843
2013-05-02,0.009287702756004101,0.007940121033774838,9.047444607013233e-05,0.00656097148025947
2013-05-03,0.010140587255015099,0.008341153090612341,-0.003681014423209228,0.003991064058179061
2013-05-06,0.0025408264996837904,0.0013786532937374307,-0.001621561679716499,0.005167564882134101
2013-05-07,0.005068538891985552,0.007113157430709727,-0.0005419144878094917,0.005536550011741026
2013-05-08,0.004550663653564824,0.007746897551317522,0.0009030996968242277,0.0005244149326797398
2013-05-09,-0.002815859865889059,-0.007234978430578742,-0.0013533789063425727,-0.006551043537159074
2013-05-10,0.0032538315727153044,-0.007742903681659974,-0.0019871550637587942,0.0036926720557606263
2013-05-13,0.0007955365184681984,-0.00918086252421002,-0.0009055007008387239,0.004730396996179165
2013-05-14,0.010333753861515582,0.0046328479227621955,-0.002354628955564375,0.003662180083544353
2013-05-15,0.005386728926824125,0.00023037457002916817,0.0014523100121572874,0.009903578434638183
2013-05-16,-0.004695350318011715,-0.003457405253279089,0.0027200679749643797,-0.0051613504846811376
2013-05-17,0.009677136843539547,0.004394589516525604,-0.002441313698242187,0.005577235791108137
2013-05-20,-6.006769298461112e-05,0.002533665807333829,-0.0009972845596616375,0.0023216147882185734
2013-05-21,0.0014374937022023637,-0.0020675050397848116,0.0008170311396076269,0.005662086112415032
2013-05-22,-0.0074172055173974405,-0.011049772980141093,-0.0033546947645763936,-0.024312078206778387
2013-05-23,-0.0028926574663531435,-0.007448329212725424,-0.00036361628883929686,-0.018753938407020443
2013-05-24,-0.0008464508293722917,-0.008677547349325687,0.0,-0.002539811285137916
2013-05-28,0.005988878619024307,0.005441259712673618,-0.00618909187558625,-0.008575468608224779
2013-05-29,-0.006494313371015359,-0.01270608605004353,0.001373141004576528,-0.021219074774148083
2013-05-30,0.0036919093207092857,0.0,-0.00027354569041515564,-0.00938987679749248
2013-05-31,-0.014351990075154641,-0.018112588911940564,-0.0019215222952192468,-0.013381300632005155
2013-06-03,0.005506041371968973,0.01480599050126008,0.0005051581947939088,0.005651199209864011
2013-06-04,-0.004806585749554615,-0.012198077069353164,-0.0022020887335102435,-0.013908577730983529
2013-06-05,-0.014001256427557673,-0.017917456912721952,-0.0005521800827561485,-0.008263187904579916
2013-06-06,0.00905320875073512,0.00838241668699058,0.002576885301422971,0.016089683734012317
2013-06-07,0.012720502309470083,-0.005134574893966404,-0.0031206395498750705,0.00014141354465224687
2013-06-10,0.0,-0.013516901069835607,-0.0020262075755707043,-0.00862303151002386
2013-06-11,-0.010315015669152827,-0.01893314239049093,9.261496375434497e-05,-0.014829935410165418
2013-06-12,-0.008277540742552048,-0.006856736068971525,-0.0016605964068524548,-0.013605010101292336
2013-06-13,0.015208672816138469,0.02122218548914323,0.0048969197308839085,0.025972185258656744
2013-06-14,-0.0062729143588150515,-0.015773460107693316,0.0002774172425199506,0.003718345944138335
2013-06-17,0.007721939288639845,0.009157819852811944,-0.0007369834032636691,0.0028495308363758465
2013-06-18,0.00790588155792249,0.004285431963929609,-0.0003677296959303522,0.00511530321142506
2013-06-19,-0.013816979072071578,-0.03087373999473375,-0.006718090939372479,-0.03067575703004244
2013-06-20,-0.024778175694372684,-0.044806981627026565,-0.006670519263712427,-0.04156325848552167
2013-06-21,0.0032101517767209042,0.014371268316537344,-0.0055963943819439255,0.01354244927717585
2013-06-24,-0.012635788438596252,-0.020315804003211424,-0.004034075925472891,-0.004531980854609485
2013-06-25,0.009613968590026722,0.02128267248468041,0.0011305805975356797,0.016747889334386645
2013-06-26,0.009900808096590774,0.01576271761779413,0.004233001646687384,0.015124162535765207
2013-06-27,0.005869799937238351,0.020065600172194165,0.004215760393306622,0.020061735125411984
2013-06-28,-0.0040969385530895686,0.0057470683300866465,9.344335156535877e-05,-0.0062179315273407365
2013-07-01,0.005859670662981875,0.0031170179453414715,0.0013826527047127168,-0.0021829770083493516
2013-07-02,-0.000930082085110584,-0.01786628241167254,0.0,0.0153132606461448
2013-07-03,0.00043418407032880246,-0.009227932333841116,-0.0013997835429436778,-0.00660784154986338
2013-07-05,0.010788746579995845,-0.006386318679007408,-0.0109336562612522,-0.004771214632804166
2013-07-08,0.005704796794334666,0.0013393851105065746,0.005196517837488868,0.0010166314842472435
2013-07-09,0.0071973932697797505,0.013104854429491386,0.001034191786147609,0.014223589906896095
2013-07-10,0.0003630120208903964,-0.009503908161861863,-0.002629349048042018,0.00042974416539487414
2013-07-11,0.01362135968162792,0.04904079151278462,0.006684129235884795,0.024173747935995138
2013-07-12,0.00041780297356797114,-0.01067074601551865,-0.0011221758042793128,-0.006145117945130729
2013-07-15,0.0038208034805988778,0.010272098503924632,0.0021537616820443972,0.004215454107400429
2013-07-16,-0.0037467138162393665,0.0040672410139597215,0.0015881728328037692,0.0006997291399466476
2013-07-17,0.0025667476413762103,0.009113618101741716,0.0021447287897033984,0.003635976906875671
2013-07-18,0.005477945597408551,-0.011791288772673991,-0.001861349034113835,0.008499312803056158
2013-07-19,0.001775757961600677,-0.0027927829924287995,0.002611405594838967,-0.0006909219375537123
2013-07-22,0.001951404096840914,0.00992918319819025,0.0013018052003457292,0.0030417235766841966
2013-07-23,-0.002123927483621668,0.010839503718512722,-0.0005567375714117251,-0.0011024512307309386
2013-07-24,-0.003665921821718876,-0.010224452359519631,-0.003253234023770646,-0.019456412059189243
2013-07-25,0.002433471794651254,0.005794791621154927,0.0003728096189861141,0.0015477327361939075
2013-07-26,0.0010656588603130679,-0.002254449326671293,-0.0002791794275427417,0.0008432025149707201
2013-07-29,-0.0030751560298912795,-0.012552990582291423,0.0,-0.007440865707462052
2013-07-30,0.0,-0.0022886513602989877,-0.0003732727173496597,-0.0029700272018937657
2013-07-31,0.0007116849598929331,-0.005861501930211399,0.0007457282771394791,-0.016314783895283846
2013-08-01,0.011558479004013078,0.01820068166227462,-0.005648876073668263,-0.003893192179904581
2013-08-02,0.0016989051610982742,-0.0002515728364103076,0.003380286089825324,-0.004922691108783073
2013-08-05,-0.0014622918155171583,-0.006296219787207957,0.0004686841739214298,-0.0007277971752280843
2013-08-06,-0.0056825376620029955,-0.012671080282996572,-0.0010293854077412234,-0.003494084035519096
2013-08-07,-0.003240009376333286,-0.010779983019138406,0.0013111955311724266,-0.0026300503124074837
2013-08-08,0.003664158929467254,0.019200334919134532,0.0014031053177512298,0.0004393901066266359
2013-08-09,-0.0028855344832294794,0.0020371755099000133,0.0006529755542401539,0.00878606116538494
2013-08-12,-0.0011808740659239314,0.009400355257343174,-0.0006525494553978328,-0.007113053158838811
2013-08-13,0.002956067184912037,0.006040910153337853,-0.004016227806622474,-0.01374257069171858
2013-08-14,-0.0051289393708255915,0.003252380542482225,-0.001312616847142345,-0.0038543577741049218
2013-08-15,-0.013986158317981778,-0.011471399466863708,-0.003568043329043258,-0.0183030060217787
2013-08-16,-0.0033058138935648795,-0.00857739691799786,-0.0028263602750412398,-0.024557083521774437
2013-08-19,-0.006391923857110182,-0.018829226897360773,-0.003118271781081039,-0.013208636474808633
2013-08-20,0.004915906116462976,-0.0018155505923090898,0.0029385373043253615,0.022676949290221682
2013-08-21,-0.006160604617852838,-0.023382731920057243,-0.0036859631911533297,-0.0023096556177936156
2013-08-22,0.009115824594852162,0.01622781195046774,0.0012335707630883874,0.006019258871045041
2013-08-23,0.003372251881432975,0.011780253343507185,0.0033153352411923187,0.010432677042628846
2013-08-26,-0.003720910894436269,-0.010867027140907815,0.001794398914118256,-0.0028850403218912968
2013-08-27,-0.016084815426609,-0.023018410902718056,0.0026388896845019882,-0.0048724743562174044
2013-08-28,0.0035512270646056443,0.0021419039636796366,-0.0018801893019253502,-0.006121208632606012
2013-08-29,0.0015863000581770592,0.008015173994130098,0.0019777268232439305,0.0015399208500053163
2013-08-30,-0.0031671142170685007,0.007686000745100063,-0.0015978806908401033,-0.008455188448895146
2013-09-03,0.004521375737172706,0.006312475885166924,-0.0024713782297868248,-0.00868186707783647
2013-09-04,0.008273103014081684,0.01777315572439253,-0.001417828205996008,0.008601182392033335
2013-09-05,0.0012669884364322481,0.011813061722108387,-0.00672361215526851,-0.0105441073062561
2013-09-06,0.00048197547445094635,0.014720831901586795,0.003717651651921061,0.015514919294974838
2013-09-09,0.009576158244347877,0.026263040512707336,0.001994973346444384,0.02083326659457918
2013-09-10,0.007397210035057444,0.007555457877934879,-0.0018005366906764797,-0.0007558026970783116
2013-09-11,0.0031383717051580717,0.0007258120063615703,0.003418074551034822,0.008018063148694798
2013-09-12,-0.0026569237562660275,-0.011602321642864455,-0.0011354098922372602,-0.0064536636972707395
2013-09-13,0.0022495965458386724,0.006602780619559212,0.0014221612737337352,0.002870223535548
2013-09-16,0.005787533708728532,0.011175730083566204,0.0020804712002451264,0.009941421008373474
2013-09-17,0.004462818606250529,-0.0021624250463782024,0.0009447284614068074,-0.0005966761759587103
2013-09-18,0.011574169094087372,0.041897302853904694,0.008394646250934112,0.033875393703448387
2013-09-19,-0.0016760977242412656,-0.005315178985364932,-0.001215817756155757,-0.0008655699814192896
2013-09-20,-0.006991302286175172,-0.022304978151414745,0.0,-0.016325126301581228
2013-09-23,-0.004627777988022053,0.0035645841684779356,0.000749436004304993,-0.006847230099247259
2013-09-24,-0.002353799249245059,-0.008524282027593144,0.002340046912487681,-0.007610885690206515
2013-09-25,-0.0028903320426427737,-0.007643431690745772,0.0013998560397905369,0.0033083559256690265
2013-09-26,0.003845186986535909,0.0040918261706062165,-0.00018585073596100177,0.006145237513331736
2013-09-27,-0.00459648318918604,-0.01174510319502009,0.0005590452741321972,-0.004171312110399006
2013-09-30,-0.005328167976684561,-0.011399483779479302,-0.0008389424841346305,-0.010620545867021436
2013-10-01,0.007916337571352239,0.019872762869828087,-0.0007384882106944435,0.014514703050857447
2013-10-02,-0.0009445771682394799,0.0038486318853943047,0.0013099747333631395,0.0014899625628210789
2013-10-03,-0.00922122957001592,-0.0038338767052618072,0.000747492640412073,-0.017410587530224064
2013-10-04,0.007576061493090647,0.012989910997024623,-0.0008409207378172745,-0.001968651114316544
2013-10-07,-0.00864441239877456,-0.008548990796778067,-0.00018634499960856754,0.004552133305259609
2013-10-08,-0.011646486540851542,-0.009580851588178452,-0.00046723949487714744,-0.010876045826148983
2013-10-09,0.0007250717872291368,0.007496805169492804,-0.0007475553530037482,0.0001525016409158475
2013-10-10,0.02155736081741577,0.02352416265737345,0.0011223209617361452,0.025500154334398006
2013-10-11,0.006443992712359181,0.004455738376639706,0.0003739853488657907,0.009976405011842049
2013-10-14,0.003993867536487006,0.005836979318313729,-0.0018682355214971746,0.0005896077408438227
2013-10-15,-0.007254047813113673,-0.009749083919571189,-0.0004676845855633438,-0.003683519823750925
2013-10-16,0.01396611552607907,0.007969769053316478,0.00430580536371461,0.01878168751820586
2013-10-17,0.006682719584884866,0.006278903235806377,0.0027970674905539727,0.015096274240024243
2013-10-18,0.0067547090656834285,0.0009245456234050486,0.0016731447043054626,-0.0010010065330160467
2013-10-21,5.713749365576781e-05,-0.0016158510543476945,-0.0009281365049740309,-0.006011968080597563
2013-10-22,0.005791401957338849,0.00971277367778467,0.0035294058443740006,0.009216524915981461
2013-10-23,-0.004788714547727113,-0.023362034983532398,-0.00027747362525687436,0.001855058521154751
2013-10-24,0.0033225344400176215,-0.0021109913714347783,-0.000370592064097508,-0.0002848105423935987
2013-10-25,0.00456761889112034,0.004700595725378065,0.00037072945349092556,0.012252562515430165
2013-10-28,0.0015906965182490573,0.005847784071255191,-0.0004631417276632632,-0.007178031913106286
2013-10-29,0.005334409285969954,0.003255935413388311,0.0012042934996785437,-0.005812361359284535
2013-10-30,-0.004966851333287781,-0.005563289466754773,-0.0018505079683193149,-0.008412738833122435
2013-10-31,-0.0028364479555553768,-0.010256423475069054,9.30464744985926e-05,-0.005896122719810437
2013-11-01,0.002389770842159855,0.000470913792944172,-0.0024143559813963877,0.005207492231771971
2013-11-04,0.003517799097102925,0.006120654321233099,0.0010245111909170657,0.0018710778140169637
2013-11-05,-0.003166733880803685,-0.02012169191702995,-0.002975938719619764,-0.01637508674696231
2013-11-06,0.005105908982059315,0.003103931041890773,0.0015859057496550033,-0.0014599375974300166
2013-11-07,-0.012643261574922904,-0.018090897963681463,0.0007444067556985345,-0.012430484573129008
2013-11-08,0.013490955188398601,-0.0021816385940932603,-0.006233172668314246,-0.013475563806365387
2013-11-11,0.0001690336333370901,-0.0051020473583858195,-0.0005617860965932975,0.0010506475952622996
2013-11-12,-0.0020299728519015403,-0.0053725964134984094,-0.0003741717216766416,-0.004498490175132597
2013-11-13,0.008024750689449967,0.001718760865663027,0.002623560894425392,0.006476888014170568
2013-11-14,0.004988912588963279,0.016176369313905647,0.0030835842201835106,0.007034100892761019
2013-11-15,0.004351272389672589,0.019054719944523013,0.0002803982089292223,0.0037148053640967404
2013-11-18,-0.003499267015027674,0.008993975107389307,0.001955520646754083,-0.006218387999797681
2013-11-19,-0.002173449751769252,-0.006098881683039514,-0.0026963839354192665,-0.007002197084558515
2013-11-20,-0.0031281343022988572,-0.013689125845052996,-0.002795404465767315,-0.012152902962794365
2013-11-21,0.008068517331180303,-0.0009571080290808887,0.0010276236171637976,0.0077459426983719215
2013-11-22,0.00500218606147107,0.00718557849478052,0.001400379514533201,-0.003918687976066981
2013-11-25,-0.000995082716250817,-0.012841873355028288,0.0007462795044672621,-0.004690800908865644
2013-11-26,0.00027706954894068936,0.0033726861823457632,0.0002800290107682901,-0.0034959004758109424
2013-11-27,0.002435389109210151,0.006482783447843143,0.0004649709074608932,0.008542664348937468
2013-11-29,-0.0006627724667698232,0.010257526597656552,0.00037292944919298243,-0.009227055759190028
2013-12-02,-0.002596756577875947,-0.021015436315451552,-0.003795316441528307,-0.005801191357377333
2013-12-03,-0.004321110411126816,-0.0033767535859745568,0.001217051602333985,-0.001996734965021285
2013-12-04,-0.00011097224153555629,-0.0012101911757800288,-0.002618269662083006,0.003693101845879454
2013-12-05,-0.004395365771146742,-0.00581518876664322,-0.002156349742585384,0.0035262358213803413
2013-12-06,0.011176926814603139,0.02217898599114254,0.0016918993260242043,0.007179571952885988
2013-12-09,0.0025422366685863285,0.0014304972032437302,0.0012190362218831297,0.004853740163324183
2013-12-10,-0.0035830845844501136,0.0004763108361434121,0.0015921070985729369,-0.0025657826399165806
2013-12-11,-0.011231320645158971,-0.02213222744665344,-0.0015895763228256365,-0.023002592380803932
2013-12-12,-0.0033012424003340257,-0.0058412113109660435,-0.0014990135955179618,-0.0055764996262508415
2013-12-13,-0.0001121929405579758,0.0024482919449257956,0.00046924429328543127,0.002492364403288372
2013-12-16,0.00623243021101616,0.0065932923464266935,0.0007497837238676919,0.0034180693370648996
2013-12-17,-0.003180940840028623,-0.008733758642165967,0.0016864684066335567,0.004645468489256954
2013-12-18,0.01707285622723065,0.01990414787790673,-0.00046728971962617383,0.017725046759644147
2013-12-19,-0.0011556574605577907,-0.018401468986370184,-0.0016848123231987255,-0.01378121861146564
2013-12-20,0.005816730942411974,-0.0014802190500561307,0.0016876557063301156,0.006142113734444843
2013-12-23,0.0053422870176564885,0.007411082271879588,-0.00046790437476729174,0.001984069977781777
2013-12-24,0.0021913904660402217,0.005885054303728543,-0.0014041720458578544,0.0008973538647694124
2013-12-26,0.0050840392934390355,-0.008532148522859773,-0.0005641455858808042,0.0007728481108242313
2013-12-27,-5.4105700529771816e-05,0.015490140817123743,0.000375812900182515,0.0021620571249825193
2013-12-30,-0.00016324297973668855,0.004358580692271019,0.0009398244377381015,0.0003084421787726832
2013-12-31,0.0047328829320045784,0.007714341144827941,-0.0009389419971035373,-0.005392338790316864
2014-01-02,-0.009583879946794771,-0.03851691658738776,0.0006579465833524978,0.0001548667960169503
2014-01-03,-0.0001636633218102812,-0.0017412497968066765,0.00037582145852255167,0.005575482023119749
2014-01-06,-0.00289797056015928,-0.00947168285301958,0.001313939017048238,0.005082426489757763
2014-01-07,0.006141837248144544,0.00427759954533391,0.0004685632851553212,0.004444185705529735
2014-01-08,0.00021789199602229026,-0.0032570515102789965,-0.0029978162429401545,-0.004882199223728234
2014-01-09,0.0006535335883290916,-0.005279151839479135,0.0014092562004146547,0.0
2014-01-10,0.0027227063960697517,0.017690354158939048,0.005068205057796149,0.013644112123573748
2014-01-13,-0.01330472024407603,-0.011919851011603644,0.0009333524415948702,-0.006654853679454065
2014-01-14,0.010897482495634492,0.010806849681725517,-0.0014923852385806402,0.007308434748000581
2014-01-15,0.005390054775702424,-0.0002485731966630489,-0.000840813896008874,0.007557559294083527
2014-01-16,-0.00129980989823697,-0.005471456621399695,0.0023373949913076952,0.001799855481217305
2014-01-17,-0.004229473871126155,-0.005001240983406929,0.000466191783672798,-0.005840031910532839
2014-01-21,0.0029405106658291214,-0.0015077447263674992,0.00046646701957020476,0.009037265650957638
2014-01-22,0.0006518022260348921,0.013339870678670929,-0.0021441965273270025,0.004329233974243563
2014-01-23,-0.008193249356983068,-0.02459017661168783,0.0026157594152491637,-0.0023778757029471187
2014-01-24,-0.0213357392618988,-0.026228697400819345,0.0021424106784391217,-0.012515020594250914
2014-01-27,-0.004919447773529706,-0.003922440388148485,-0.0021378305674029097,-0.007694724592384294
2014-01-28,0.0059548334794625735,0.006301259238310486,0.0016760830923137071,0.008362463047769664
2014-01-29,-0.00960501621446086,-0.014349283335087781,0.002976594828564272,-0.00542836023929727
2014-01-30,0.010600599959816659,0.009263992504473517,0.00018521571165974748,0.015160954169034513
2014-01-31,-0.005858793981720067,0.001573384605887851,0.0018540664702366705,0.005376292341831235
2014-02-03,-0.022505042879590653,-0.0282795636792037,0.0033933689332754646,-0.01589410965297322
2014-02-04,0.0070045997097309964,0.020210264661088218,-0.002402180481209548,0.012075519243436528
2014-02-05,-0.0012545380202461098,-0.0036974780849557964,-0.0025013187706420803,-0.002088258464023829
2014-02-06,0.01318689616029145,0.020943677829474927,-0.0004639263716836872,0.0073234197435771975
2014-02-07,0.012395857611408934,0.005712601542646967,0.001579296244046624,0.007567041766296967
2014-02-10,0.0018370345285128042,-0.011102555875964204,0.0010203034918845333,0.009424345442442972
2014-02-11,0.010943402902810151,0.02167111511008213,-0.0019464084636580115,0.003938288507165266
2014-02-12,0.0004946585625706934,0.0002555610465642122,-0.00167076478744288,0.0005812109146361433
2014-02-13,0.005163204979824254,0.0010219830072097924,0.0021391579135607852,0.0037757210467592728
2014-02-14,0.005518512850409385,0.012250766928447288,0.0,0.003906346080845058
2014-02-18,0.0011959077496694892,-0.009329210825959056,0.0006489182201621091,0.004900285847796448
2014-02-19,-0.00662195224503026,-0.006871733826559812,-0.0007414750896046485,-0.0005740657480440836
2014-02-20,0.005900839447050776,0.003587813307322607,-0.0005570081665831061,-0.002152177638806485
2014-02-21,-0.0011406404947219562,0.006895053768228188,0.0009286359066873473,0.002444548415200698
2014-02-24,0.005546915225628668,0.0,-0.0009277743421198803,0.0024384110804498427
2014-02-25,-0.0003788180815067488,-0.011412999432821036,0.0026932007620570353,0.003291818252003198
2014-02-26,5.422425163947864e-05,0.0007695697157064085,0.002129949990695712,0.00228180387254473
2014-02-27,0.00524771082183384,0.018969952653331346,0.0010162397667257128,-0.0027040683305900037
2014-02-28,0.002529351486699749,-0.006792898156592009,-0.000553882574752973,0.009275284841960385
2014-03-03,-0.007032195623499771,-0.0177303069682887,0.00259050252944526,0.00056516873666701
2014-03-04,0.014055527552461644,0.017019260171174055,-0.0036917525961445152,0.014413332286833835
2014-03-05,0.0009063496610102195,0.0007604674633030495,0.000556073164176274,-0.0012540291285626504
2014-03-06,0.0022903146720534284,0.014188139500382446,-0.0022221795677375145,-0.008368066166582366
2014-03-07,0.0004248998478801891,-0.012740514036971073,-0.002783837571065595,-0.010829595363507472
2014-03-10,-0.0005308992308479255,-0.006832054850550939,0.0,-0.0052607506479069865
2014-03-11,-0.004942723528978954,-0.011210118087076948,-9.292959520690314e-05,0.006288963875107134
2014-03-12,0.00026695990898550903,0.002061345831643635,0.0022331617517945546,0.002983202420458353
2014-03-13,-0.011213225033356089,-0.017999736521428278,0.0025999898767681273,-0.004673759926817844
2014-03-14,-0.002808110367427785,0.005499271446480325,-0.0004625508284493707,0.0025613341678694113
2014-03-17,0.009043682012850773,0.012239124217939379,-0.0005563709248705972,0.0021289194897353703
2014-03-18,0.007137867324728875,0.013892673902238029,0.001204775551163495,0.0029736340102370917
2014-03-19,-0.005328562225609179,-0.02131435667811632,-0.004443701277801582,-0.0189210143437899
2014-03-20,0.005839464409647777,0.00440748732346119,-0.0007440694668422454,0.0017274232930861722
2014-03-21,-0.003878457760991605,0.006195019180661898,0.0013958017808668455,0.009195332156836988
2014-03-24,-0.004135472485043867,0.009748628525043435,0.0014865843538316437,-0.00654901828513732
2014-03-25,0.004745406530569429,0.011432984369361243,-0.0010198626105787367,0.009130713567609305
2014-03-26,-0.007192061581827058,0.002260824834437569,0.0031581339106656614,-0.011292319833166808
2014-03-27,-0.002108309297888078,0.013032467621238109,0.0007406076159686137,0.006361021000466982
2014-03-28,0.004930253435640797,0.007916956255674013,-0.0014801190445002943,0.0060336637052851305
2014-03-31,0.008194506634751964,0.006627279101548256,9.216908980347327e-05,0.008425271775095666
2014-04-01,0.006630644166168098,0.011704525281316602,-0.0015315237998642095,0.0045308557206575895
2014-04-02,0.0033462445085892245,0.001928135689269972,-0.0016736444993502575,0.0008459884186746702
2014-04-03,-0.001323447797775712,-0.003848850272965887,0.0007451324972964635,-0.0021130974337684183
2014-04-04,-0.011822297600220244,-0.0026565112916014932,0.0031642596452676752,0.0033879948191608555
2014-04-07,-0.01105105388769656,0.004358580692271019,0.0014843607089105593,0.0032350253878514756
2014-04-08,0.0041228645404205455,0.011571661830905189,0.001204821153004465,0.006169520351619662
2014-04-09,0.010750384626081466,0.007626510067632042,9.223805582792011e-05,-0.0025080288363409364
2014-04-10,-0.02100570154756287,-0.010643381620906278,0.0023135136017689018,-0.009500377853033148
2014-04-11,-0.009008432867510963,0.0,0.000922590712289395,-0.006064416884281942
2014-04-14,0.007878067066689365,-0.0021518264534310383,0.0003691804909955465,0.005959595408949081
2014-04-15,0.006887767300397085,-0.015093059726176028,9.19947611404126e-05,0.011849524279753165
2014-04-16,0.010478074953707006,0.012648817863384343,0.0005533702085425141,0.006413173460785293
2014-04-17,0.0013966123557453969,0.009127888923656347,-0.003224901145225112,-0.005817939715984655
2014-04-21,0.0034870116172345256,-0.006188712571818411,-9.242704089007514e-05,0.005712562182185854
2014-04-22,0.004544407469936562,-0.0026348173882914105,-0.00018390020685377095,0.002216508353491742
2014-04-23,-0.002341092734293615,-0.0072046261201657025,0.0010160073107465806,-0.0040087419014048775
2014-04-24,0.002026882209387182,0.0009677164560659701,0.0009234904777353226,0.004163674195985179
2014-04-25,-0.008199268978205998,-0.013533427643926288,0.0001848378491309255,-0.0038697971498099504
2014-04-28,0.0031670895026181256,0.004899672073852113,-0.0006459891978511934,0.0077698305311899585
2014-04-29,0.00465559096592183,0.00950759644107535,0.0004614836208709505,0.0006884461937322062
2014-04-30,0.002982615631615948,-0.0019319808725413168,0.002030308560958316,0.003577121724160026
2014-05-01,0.0001062795042006126,0.0012100287938521248,0.0014574247603378332,0.0042507279055947755
2014-05-02,-0.0014335809326506688,0.00555817752353005,0.0011975082015982519,-0.0002733804828645159
2014-05-05,0.0019143837443806877,-0.00552745494767759,-0.0003675632476499713,0.0020483329638967263
2014-05-06,-0.008703889953592947,0.004591336446670313,0.0007361688702673952,-0.003543164019376266
2014-05-07,0.005889258571554867,0.005292154146459449,0.0,0.01203511997384088
2014-05-08,-0.0010649293172648733,-0.0023928828943411418,0.0006439150032195862,0.002296969524673509
2014-05-09,0.0014920134101326088,-0.0016790178390866384,-0.0009190388103073044,0.0006743985865829139
2014-05-12,0.009736282350699677,0.01681883571720899,-0.0008276642831607228,0.0030988446661184277
2014-05-13,0.0008956922450977789,0.003780993802710908,0.0016569893903635169,-0.006447353344170348
2014-05-14,-0.004737697069385205,0.00706198524069368,0.0028498024839267444,0.00040574964224870946
2014-05-15,-0.008780382218917082,-0.009350145173582458,0.002108283663339039,-0.0005406427641752032
2014-05-16,0.0034688157426030486,0.013213683234567952,-0.001097384691167047,0.009193837510349079
2014-05-19,0.003668784780132217,0.0,-0.00036638878343364656,-0.004019114896067211
2014-05-20,-0.006305023562432677,-0.008150588263681868,0.00045786569465056104,-0.0030935969965492083
2014-05-21,0.008424336166705793,0.007748201577687519,-0.00036597131157412033,-0.006612117649140048
2014-05-22,0.0024323514578230565,0.006989588446096429,-0.0004579197401536339,-0.0017657240802256835
2014-05-23,0.004008796764786604,-0.0018511295797620786,0.0010075390555901453,0.008844651754957411
2014-05-27,0.006146749454259082,-0.008576413903365276,0.0009160087283355267,0.007148654962766399
2014-05-28,-0.0007310975208324466,0.005844871219844228,0.0027436891792389506,-0.00629426754213902
2014-05-29,0.005172593422013483,0.0027894299940494083,-0.0005478102128350093,0.0020215555894504966
2014-05-30,0.0016114502557813548,-0.013676374493476695,0.0009128795243993348,0.004572970070986004
2014-06-02,0.0011422695792993043,0.003055437118685056,-0.0030417816922925223,0.0030793449334129974
2014-06-03,-0.0005189462770222031,0.005623301148551585,-0.0026574171060294027,-0.0005340039052851298
2014-06-04,0.002023267675004714,-0.005591856455721689,-0.00036777223005257653,0.0020031977547638746
2014-06-05,0.006521648040512584,0.0105436312963203,0.0012869549894707344,0.01839291671763066
2014-06-06,0.0047832143764627855,0.009969557386716899,-0.0005509118431541449,-0.004188007450454001
2014-06-09,0.0010234773542867615,0.0036734767159121162,-0.0009179876856435509,-0.012090828711376678
2014-06-10,0.00010204282098236206,0.005260633267629045,-0.0014709379600890138,-0.007450215892560896
2014-06-11,-0.003476253720845479,-0.0034131746910954774,0.0007359743369534932,-0.0026803783652046276
2014-06-12,-0.007079818598487386,-0.0047945143940631985,0.0019327862881926006,-0.0025532685557975165
2014-06-13,0.0030484496486360424,0.00045905423628100905,-0.00027615621678667157,0.0025598044239421025
2014-06-16,0.0008240733570368253,-0.0045861515129673736,-0.0005506388285050345,-0.005106782957012279
2014-06-17,0.002779497516999463,0.00023007718085343853,-0.0018379485601357493,0.002566621580559536
2014-06-18,0.007339465174948545,0.011055046124165857,0.002670183106252999,0.007006126458134254
2014-06-19,0.0011211481499819875,-0.005694990475820894,-0.0014695661724201114,0.008295076678793922
2014-06-20,0.0020302740276623155,-0.0020618206103089065,0.0017470406401780547,0.003450315210136168
2014-06-23,-0.0003060035528622551,-0.0020658517844831525,-0.0009178662007562899,-0.0040991928053542015
2014-06-24,-0.006024334444665214,-0.00046020678135783033,0.001745596035713337,0.0007367380471559049
2014-06-25,0.0045197500951743574,0.002110863679387176,0.0013760947473435703,-0.0020087404929298724
2014-06-26,-0.0007159236977007932,0.001157545646287561,0.0019227541661031022,-0.0009392233705042274
2014-06-27,0.0019442473074977595,0.0023118432055853066,0.0,0.00765645000589954
2014-06-30,-0.000510571367847823,-0.0027679043037959206,9.212656525470209e-05,-0.0024000144957589953
2014-07-01,0.006693362216628529,0.009484188769631308,-0.0012275714479489386,0.00534517396921097
2014-07-02,0.0010151541074594483,0.0059576869008237665,-0.0034839104270308896,-0.0023923550629416646
2014-07-03,0.004917869082771142,0.005922740818704808,-0.0006438396254023759,-0.005728972444799196
2014-07-07,-0.0034812566128188394,-0.0006793393106239165,0.0002761090379692632,0.002948141751072164
2014-07-08,-0.0064298817792353136,-0.004532044839547944,0.002025394442827677,0.002939395044943671
2014-07-09,0.004484375347334035,0.005690762846630282,0.0008264246325777602,0.0015983001683366194
2014-07-10,-0.003956963187312756,-0.005432254660876712,0.00045826631907464055,0.004522013913233813
2014-07-11,0.0013747776658050714,-0.0011380510600026428,0.0013764690865587514,0.00013190058423395712
2014-07-14,0.005035724792768148,0.007746618441262454,-0.0008248036318537766,0.004898312782936065
2014-07-15,-0.0018725469381466464,-0.0006783760185417043,-0.00128338464158273,0.0006589076490670642
2014-07-16,0.0037011077817288296,0.002488918169840648,0.0008262575758257729,0.0031592265784481377
2014-07-17,-0.011365636461482365,-0.01873157799752878,0.002935123817630947,-0.005118081050620615
2014-07-18,0.010218964255582774,0.015639329250688006,-0.0010968770484042212,0.009893305659736118
2014-07-21,-0.001871411531770839,0.0033966965531195825,0.00036564459613064315,-0.003657103175620846
2014-07-22,0.004357788068162449,0.009253023422447493,0.001647428501880377,0.003145973370306754
2014-07-23,0.0022202493748582075,0.0008945168570120288,0.00018288442334424282,0.0018299025194181695
2014-07-24,4.999586482790086e-05,0.00446803497224213,-0.0031058899966197595,-0.001304606971191058
2014-07-25,-0.004681434800241413,-0.004003509281446993,0.0019245767706914663,-0.0069228022482061835
2014-07-28,0.0004048323766758788,0.006923162585608322,0.00018230396089746748,0.006971061528628919
2014-07-29,-0.004297351053911935,-0.0059884952057511764,0.001006214686836815,-0.00483297263919602
2014-07-30,0.00015221714402380293,-0.004908535872648501,-0.0035632083209030663,-0.002099978748846265
2014-07-31,-0.019748181635360518,-0.01748868428792072,-0.00128338464158273,-0.014862533937320399
2014-08-01,-0.003055595318586457,0.005476995794326811,0.0037709989152971968,-0.0024032152138349083
2014-08-04,0.007220554985059469,0.009305189346665799,-0.00018324145147097237,0.006959463327405047
2014-08-05,-0.00969612718818913,-0.01529116936858299,0.0,-0.01023395440296837
2014-08-06,0.00031236347391105923,-0.006850795431523893,9.154196224314681e-05,-0.00040303787363449306
2014-08-07,-0.005414639096545382,-0.00390882070006715,0.0019243072684926865,0.0005376816643734017
2014-08-08,0.011569125224408783,0.009002658128649532,0.00036600330871561226,0.005907588569214806
2014-08-11,0.00289779559657255,0.012811819496819199,9.056173250132638e-05,0.0062731077518667355
2014-08-12,-0.0013930836995796891,0.001129232920952239,-0.000456389800355228,-0.0015918372024310568
2014-08-13,0.00676881646377514,0.005415319258172069,0.0020118738415775272,0.014481331627550942
2014-08-14,0.004722006773325793,0.0015710810179805357,0.0005478074805034261,-0.0006548664122364434
2014-08-15,-0.00020444281935372288,-0.002688962099609671,0.0024633083857210636,-0.0010482195231361624
2014-08-18,0.0083795067709449,0.009661038102733555,-0.002093463569672771,0.009838637812178419
2014-08-19,0.005218713817717102,0.0046728380975422645,-0.001368555142179817,0.0020785062255122
2014-08-20,0.0026718341151719116,-0.001993549315771004,-0.0010955447150012843,0.004537399457266389
2014-08-21,0.0029151817334314156,-0.004216401584994922,0.001737674615805096,-0.0015486195432464767
2014-08-22,-0.0015535196161161613,-0.0026743590102271675,-0.00018279114175667743,-0.008013571965077793
2014-08-25,0.005070121065041455,0.007374319001171914,0.000821520877641646,-0.002215011066790118
2014-08-26,0.0006496108732583217,0.0059891668974452195,9.109951119112836e-05,0.0019588762219802103
2014-08-27,-0.0003991873923500089,0.00507185592393844,0.0012767032511671328,0.0006515509471503034
2014-08-28,-0.0005490555095769567,-0.009872951606240021,0.0020038255109655623,-0.00013014665497912414
2014-08-29,0.0028476974812767786,-0.0015511283736138193,-0.0003636463924088229,0.005340642221198566
2014-09-02,-0.0004981319589109079,-0.001553209064177552,-0.0030517779268161016,0.00012955040919915284
2014-09-03,-0.000548440317904797,0.01311400565873666,0.0010968640093089732,0.0025907508293478987
2014-09-04,-0.0014464290293852988,-0.0026328087811616774,-0.0012781459275021945,-0.003746924402480478
2014-09-05,0.0044953112801864314,0.008578862643505047,-0.0005477712870827212,0.010635174332842112
2014-09-08,-0.0025854850274286134,-0.01177760418423901,-0.0010056384081353897,-0.0010264834115815136
2014-09-09,-0.00633142922503771,-0.012359076628434829,-0.0013730346399501991,-0.006166548420999285
2014-09-10,0.003762322682452801,-0.0042460509550411585,-0.0013746362722917294,-0.015770485652893296
2014-09-11,0.0011502225755373185,-0.006732412127880338,-0.0010093268641907516,0.0007879198321325553
2014-09-12,-0.005841258884938583,-0.010619308940933325,-0.0020218407375856007,-0.030708486303724025
2014-09-15,-0.0007533129081532808,-0.005023991891908719,-0.00018396702467737835,-0.004874271364322391
2014-09-16,0.007538435000892241,0.013082463235490227,0.0,0.009796292516735639
2014-09-17,0.001346758386360225,-0.009288326425078708,-0.001105059420303367,-0.00026959691598060775
2014-09-18,0.005329948018188757,0.001371699478806221,9.286973427169443e-05,-0.008760354332199238
2014-09-19,-0.0009008302188896478,-0.007535762111489652,0.001658453382859193,0.0012239094740695844
2014-09-22,-0.007723063754148551,-0.01518630318066172,0.001380171236622374,-0.007876033831479057
2014-09-23,-0.005724539982713717,-0.00560740648789404,0.0009190053930476783,-0.00725444352031035
2014-09-24,0.00782798531577411,0.014332603875205185,-0.0006423022436242709,-0.002671742435866098
2014-09-25,-0.016135532734600333,-0.021774299446160383,0.0019285276375125004,-0.0044649721432008516
2014-09-26,0.007945477791113431,0.004498958645907214,-9.12307234539611e-05,0.013454489230007471
2014-09-29,-0.001819089308845001,-0.020273360886748693,0.0011000222371317925,-0.0013827685221156072
2014-09-30,-0.002632403517977555,0.0,-0.0006409268853336814,-0.0049851580096471615
2014-10-01,-0.013552090146077722,-0.020452480045969335,0.005590696278551466,0.0008351890080628976
2014-10-02,0.00015467665875990022,0.005404031265161979,-0.0016433333817140738,-0.0016694003044626093
2014-10-03,0.01100952592424731,0.00855118059844684,-0.00045695309869120404,0.006268864271134156
2014-10-06,-0.0011708164068111593,0.013081773581257394,0.0009149894474385079,0.0026298377791633687
2014-10-07,-0.015436408073823515,-0.008847585593747431,0.0038388727681368806,-0.007869811340557975
2014-10-08,0.017489564494203247,0.014957812086497935,0.0028228951213473685,0.02170915182645272
2014-10-09,-0.019833201458394956,-0.01568805970675269,-0.0019979003931173134,0.0
2014-10-10,-0.011414473031460926,-0.02173426303679238,0.0007281183283984749,0.0009532386388744207
2014-10-13,-0.01642674770739616,0.010121240776766127,0.0029098818939181648,0.000952738097778516
2014-10-14,0.001546961587418627,0.005865029321825199,0.0022662930077608223,0.016177306705710937
2014-10-15,-0.006765858172225081,-0.012633968182704791,0.0018094047318757411,-0.0038798838381148837
2014-10-16,-0.0008579724990924742,-0.009103936968422155,-0.0008134322610555689,0.0016118278095202943
2014-10-17,0.011810748694875084,0.011174248119032004,-0.0013547899005341701,0.0012065643263401427
2014-10-20,0.009709544032196815,0.0029472224165865146,0.0011759321622146768,0.01526689469141429
2014-10-21,0.019810921304010076,0.004162634829554257,-0.0009037318943737604,0.009101825513220696
2014-10-22,-0.007110824478243738,-0.006583979222910319,-0.0005427860120426065,0.00026165689691670657
2014-10-23,0.01162464791264628,-0.00024535490693433637,-0.00235287988454147,0.007710444740261169
2014-10-24,0.0076952774033476334,0.007120314747774303,0.00036253069044756003,-0.000777906855338073
2014-10-27,-0.001374433006408493,-0.007801134916452401,0.0003630589027028286,0.007397538716642282
2014-10-28,0.011470251390241382,0.02014761258859976,-0.0015416632443067124,0.00438043510532915
2014-10-29,-0.0015118559398245024,0.001445068299712915,-0.002178943969244007,-0.005643731610402214
2014-10-30,0.006410425003324782,0.009379390088845696,0.0016377056917504795,0.00632052670077754
2014-10-31,0.011435131419310851,0.004288605902211584,0.0,0.012562501165368722
2014-11-03,0.0005455202471020826,-0.008303847730468439,-0.0018928077834959867,0.008735475606536314
2014-11-04,-0.0034693167022975535,0.0009572413665897006,9.135390170533775e-05,0.001631464877717148
2014-11-05,0.006316425942023862,-0.008843298034558855,0.0003645311821676156,-0.002130417555090691
2014-11-06,0.0040029556691629775,-0.012298012553647597,-0.0017315302027151036,-0.007658969464989007
2014-11-07,0.0009354256186564491,0.006347918723183854,0.0033778806154554086,-0.0012654927809802041
2014-11-10,0.0031475800706570745,0.0026684934624248147,-0.002365417734281783,0.008235139944065217
2014-11-11,0.0009803513068935565,-0.0009678276672435704,0.0004558537907850546,-0.0038954788030035603
2014-11-12,-0.0010775746029022537,-0.0019379494686004861,9.067536696338863e-05,-0.007568912260151772
2014-11-13,0.0011277458173801769,-0.002669142483409437,0.00045607748779197266,0.005465881232204817
2014-11-14,0.000245220374392785,0.008272784910778874,0.0009113611505755514,-0.008217213027914227
2014-11-17,0.0006363310853976234,-0.010617785828855308,-0.001183577428868765,0.004460901870688483
2014-11-18,0.0057738756289198445,0.005366047351114123,0.0009116102890591726,0.004314688460502536
2014-11-19,-0.0016055884762217199,-0.0004854149794494278,-0.0023677069366040415,-0.008971166921082574
2014-11-20,0.0017542041613101134,-0.0016991477450619685,0.0018249365394837902,0.003315086214298324
2014-11-21,0.005350552261871755,0.03185029548224971,0.001184737728189278,0.0062266273268267724
2014-11-24,0.002806084865718539,-0.008247221948556982,0.0003643065985456939,0.003536562649495645
2014-11-25,-0.0007235164324970178,-0.006414394772198406,0.00218259058048087,0.0017617860640137817
2014-11-26,0.0025592986408364826,0.012673241163375648,0.0008170419954314223,0.00967357157295412
2014-11-28,-0.002119147617696382,-0.020071014750510097,0.003083581597615348,0.0024881908131328956
2014-12-01,-0.006950120534743753,-0.017108321760661016,-0.0022484214537872305,-0.0024820150859979906
2014-12-02,0.006464202414923292,-0.0002451146844112406,-0.001998035892841199,0.006221072863965782
2014-12-03,0.003862693530590544,0.002697407358503545,-0.0009104701239042168,-0.0009893301710691693
2014-12-04,-0.0011059824281753894,0.0017119087313992587,0.0030071574929337874,0.0025994338651760263
2014-12-05,0.0016369651246705974,-0.0019528994674864464,-0.004269459656937702,-0.005061828487993747
2014-12-08,-0.006682573707156192,-0.014677460849868429,0.0024627450121721406,0.006328206163492611
2014-12-09,-0.0006774122583449449,-0.009433886446004403,0.0015467555322237203,0.004562621064419181
2014-12-10,-0.016031592836845077,-0.014786824630454776,0.0017270135966129807,-0.0009818235173145728
2014-12-11,0.005069966114433555,-0.008394956211940086,-0.0003636316204297385,0.0018427559085347767
2014-12-12,-0.016161199006377913,-0.016418873390138256,0.003176245532275246,-0.008707626337882912
2014-12-15,-0.006869786130045963,-0.014344854789943517,-0.002713929706020246,-0.01299014638167717
2014-12-16,-0.008019363605575092,-0.0015879629738615453,0.002448733254157842,-0.0013787459144448677
2014-12-17,0.01960472752571185,0.022987092704186862,-0.001265790320050364,0.022969826918427305
2014-12-18,0.02472862886500704,0.01366616051731584,-0.002627479622388962,0.006993772272116283
2014-12-19,0.004254851086913591,0.006999883532124551,0.0016349545559875,-0.00048714055423593194
2014-12-22,0.00460002105154711,0.013903455065346515,0.001541566812408135,0.016718472924179606
2014-12-23,0.0013499511415464571,-0.009141433484013084,-0.004617394784818707,-0.0027952239035640147
2014-12-24,9.623191041296941e-05,0.0023059899299613384,0.0010862545185712502,-0.004143843439801009
2014-12-26,0.003224431638538139,0.007926698006870625,0.00045535020510500956,0.0035493000377044837
2014-12-29,0.0013433163181109098,-0.006088207539299284,0.0020956871352584283,0.00548753925007861
2014-12-30,-0.005365968923142117,0.0020415227344641185,0.0010916901591488948,-0.0007277694578773364
2014-12-31,-0.009923034062660596,0.00076408884205037,0.00027321030159255244,-0.01687094555938007
2015-01-02,-0.0005350559542475208,-0.013234549260517592,0.0028144117507706845,0.015061787799916848
2015-01-05,-0.01805959894849274,-0.01779728052979146,0.00217297708037667,0.005473359988714899
2015-01-06,-0.009419049743670471,-0.004201886300342128,0.002529860468687195,0.00991878261862178
2015-01-07,0.012461126798227529,0.021624619865424854,-0.00017973717109676102,0.015331075910504977
2015-01-08,0.01774501392647343,0.017036593360467478,-0.0015324093516567716,0.0037749305959071666
2015-01-09,-0.008013591379394391,-0.003299306472312913,0.002437129342966582,0.00047026526472659924
2015-01-12,-0.007833355509487938,-0.008148926199801787,0.0008112062548784049,0.007635374434686204
2015-01-13,-0.0028126292393568786,0.008728927352775973,0.0002698426691041256,-0.0015155860626389073
2015-01-14,-0.006037216620722652,-0.005599060678718737,0.002428856544953062,0.008640059835687719
2015-01-15,-0.009160686916124705,0.002303475671249,0.004577289477629476,0.0023145755645350707
2015-01-16,0.01311430365762023,0.008426749784337328,-0.0038413844202423997,0.008661729214127778
2015-01-20,0.002132514447785283,-0.0015192772020821144,0.0017038883425555262,-0.00789991925569733
2015-01-21,0.00504794221943583,0.02206464565784927,-0.001790263172933071,-0.0006929025501771768
2015-01-22,0.014870966192059187,0.01910675093109737,-0.0005382641535958133,0.01778516816464304
2015-01-23,-0.005482861744100509,-0.007548227870295854,0.0025123268264222176,-0.002836566920451311
2015-01-26,0.0023418773352210653,0.0004908655556119523,-0.0004473934279225489,0.00842074592466191
2015-01-27,-0.01319059044621751,-0.005394960370688429,-0.0005369831318038365,0.0003384498636405109
2015-01-28,-0.012824009207705989,-0.010848087317084643,0.004211230261503829,-0.006655527379816895
2015-01-29,0.009243495725024475,0.0,-0.0008034018899265583,0.0035202941666014897
2015-01-30,-0.012575330537380136,-0.027417586604614574,0.003571806759637308,-0.020595060943647492
2015-02-02,0.01238410258626077,0.017939160723552394,-3.541661314410138e-05,-0.002657523731545708
2015-02-03,0.014461530621345142,0.018882344444917987,-0.0038323784272521477,0.008688750823004465
2015-02-04,-0.0038077966897788196,-0.00494178313881366,0.0015214586180849476,-0.004134783749602633
2015-02-05,0.010094905038231516,0.005959336696443662,-0.002055419722151841,0.011994442362324387
2015-02-06,-0.0027650117960523746,-0.01703267091393479,-0.005818158493670955,-0.029060185335358923
2015-02-09,-0.00447645941069319,-0.001506869805433242,-0.00018011213486734956,-0.007042582997118241
2015-02-10,0.010653973192521926,-0.002515015157610545,-0.0010804039132632504,0.0031919782838258914
2015-02-11,0.0005801934914195783,-0.0073119827205269106,-0.00045154466328967136,-0.0029459407555435524
2015-02-12,0.00961665853860394,0.021335818644860893,0.00018097802978722655,0.011935891922718822
2015-02-13,0.004116294081115468,0.011440215060121606,-0.0011721986346568958,-0.00665646690231636
2015-02-17,0.0015733376639097685,-0.0022131538898479963,-0.0040632663065574,-0.002468859983890348
2015-02-18,9.480118686888694e-05,-0.0002462513159767754,0.002811046441903109,0.009310248086527917
2015-02-19,-0.0007139146905174032,-0.0041903658873653216,-0.0008141467964003501,-0.021485206376350874
2015-02-20,0.00600094019834474,0.006683292438228516,0.00018060321473711838,0.009665728617691105
2015-02-23,-0.0001420500139570624,-0.010081446674749417,0.0018090585538594883,0.008037071368582449
2015-02-24,0.0028409689030701735,0.01440644737335739,0.0044248684279999395,-0.01969734453091687
2015-02-25,-0.0008500930816789376,-0.0019587811320667115,0.0007188199691463559,0.00023887090764951324
2015-02-26,-0.0011813661927830843,0.00024528336055418265,-0.0035927204499482945,-0.010881212558671582
2015-02-27,-0.00340598673385506,-0.0007355501296534284,0.002524102182561716,0.007857899030387916
2015-03-02,0.006313202790519945,-0.0014729604747533154,-0.0050805813324904525,0.005757410715721445
2015-03-03,-0.004103837089845963,-0.007620713546997004,-0.0012674888051361632,-0.0019078926610714975
2015-03-04,-0.004215878975255438,-0.010898723977500469,0.0005440319766696344,-0.009559532994416697
2015-03-05,0.001094049539982711,-0.0015026571957573731,0.00045312899258220796,0.002895411669105341
2015-03-06,-0.014064174979556476,-0.015300127688949727,-0.006520668718754452,-0.03320049951030002
2015-03-09,0.004144640818163348,-0.0038207544623403145,0.0025526831701951913,0.007962967970312818
2015-03-10,-0.016222107752237203,-0.022244871670933808,0.0023639528588774716,-0.0007408515980867891
2015-03-11,-0.0023414939897022924,0.007583824529494798,0.0019952420362563394,0.000864906884632477
2015-03-12,0.01271381797227833,0.006229091941399645,0.000814707309234608,0.017403235787397442
2015-03-13,-0.006132479551968828,-0.012122747951889501,-0.0018993742570545535,-0.0006069438763898205
2015-03-16,0.013360587948358482,0.012010538193317988,0.0021760019612986348,0.010318147295498958
2015-03-17,-0.0029724644656105026,0.011609491682572193,-0.00018198539748426334,-0.0003605099871767381
2015-03-18,0.01202144017298612,0.024483698854884217,0.007326756806428358,0.02091350020108118
2015-03-19,-0.004561226622644021,-0.016928249638951565,-0.0035017656946378928,-0.0004706785676270586
2015-03-20,0.008826483678640251,0.014940772371214939,0.0030633402410831234,0.025088269444509592
2015-03-23,-0.0019482017258208861,0.0029942498222919056,0.00017957556461278834,-0.0012637909276571602
2015-03-24,-0.0056189822518979415,0.00397999054406073,0.0026944421879731006,-0.008513816463469381
2015-03-25,-0.01465407992901957,-0.0158575763657407,-0.0018813818047842545,-0.017252581771515896
2015-03-26,-0.0023811975103892324,-0.009315135370019378,-0.0035893509496076614,-0.005226300688489172
2015-03-27,0.0022895629136971962,0.0027952920328604414,0.0014412825915464111,0.0013135447420744573
2015-03-30,0.012199676169085683,0.019260062923716736,0.0004496023828925999,0.014309635679699673
2015-03-31,-0.008739161695793585,-0.002237492293307608,0.0017075179944918695,-0.008817935860008452
2015-04-01,-0.0035364084531380735,0.012459433766404127,0.003246049800065265,-0.001422839289553779
2015-04-02,0.003597605355329936,0.015013576019865305,-0.0013443981632411672,0.0076017524569798045
2015-04-06,0.0067331704191371244,0.012851779693025644,0.0006283163249101165,0.010373396748880603
2015-04-07,-0.002646454581783475,-0.005027449118671257,0.00018005024846390327,-0.017617473452151144
2015-04-08,0.003377080194026938,0.020933328050040556,8.941100500448051e-05,0.0015442651222248305
2015-04-09,0.004423497142551636,0.009898610522293128,-0.0025108265483162473,-0.0207519493521372
2015-04-10,0.005457053159768188,0.0006999591463090482,0.0,-0.0007264298259476165
2015-04-13,-0.004522949892463379,-0.005830049125350567,0.0010788561800800789,-0.0026662474274766756
2015-04-14,0.0019134301888887872,0.004456866535728077,0.0010773250615598862,0.0035236769894997355
2015-04-15,0.004487056617827889,0.007005975098994366,0.0013455751473447908,-0.0075065759214268946
2015-04-16,-0.0002854910145527745,0.007885007074405204,-0.0005378192216204392,0.0025618898386652322
2015-04-17,-0.011503338563902288,-0.017487111544195466,0.0008061975992246229,-0.004623804930720454
2015-04-20,0.009136549894347201,-0.0009367854657449382,-0.0007160734372581024,0.0014663538425998546
2015-04-21,-0.0011912359554675511,0.005860113572678571,-0.0010746500262917014,0.0017092086590351219
2015-04-22,0.004914286691801717,0.010720085004018998,-0.0029609976560494022,0.002071844546846835
2015-04-23,0.0025161717295238972,0.007378285475995838,0.0015301693404017325,0.0026752218940719885
2015-04-24,0.0023206491337395274,0.003662234069839343,0.0017063457722852338,0.0020618308608071345
2015-04-27,-0.004157851238383636,0.003876981045870531,0.0003590884618058787,-0.0013315103341614565
2015-04-28,0.0031787326261787374,0.0015901605069299496,-0.0038549295687858587,-0.0019389558666096374
2015-04-29,-0.004114569080281294,-0.012474329517496607,-0.002250355824704564,-0.020158465952631266
2015-04-30,-0.01002046801915446,-0.015158754848138334,0.0,-0.01623452161884409
2015-05-01,0.010841225916162989,0.006063660136882865,-0.002837287108619191,0.007559062944196393
2015-05-04,0.002847596506487582,0.005795023695210455,-0.001903464505843444,0.0009996677315844416
2015-05-05,-0.011451882408364922,-0.01083202180373044,-0.0009087335486128723,-0.021733817651327536
2015-05-06,-0.004116784230275838,-0.012348615067533042,-0.0033618547208997818,-0.0019149678999842434
2015-05-07,0.003989416776970955,-0.001415109791118474,0.002462247407217122,0.015351163910334975
2015-05-08,0.013166390312311371,0.012756568689052283,0.0032742808420713754,0.01398546574236903
2015-05-11,-0.004772546563211466,-0.009563692201175478,-0.0063468022423764925,-0.01503512111862404
2015-05-12,-0.0029915323158191676,-0.003297282206391805,-9.119034040161456e-05,0.0030274950192812344
2015-05-13,0.00019035774012876594,0.0018903944246948523,-9.138553933163429e-05,-0.009558376472143082
2015-05-14,0.010427528312393575,0.009905614955257436,0.0015515468089046802,0.019301763280962003
2015-05-15,0.0010840249038666094,0.007706766040392443,0.004192007921222984,0.010215428269498394
2015-05-18,0.0031068138069667572,-0.010196950828516349,-0.003811301593082961,-0.0025896199472839054
2015-05-19,-0.00032861356238300665,0.001638819698462246,-0.003461846471082386,-0.0034617913202347195
2015-05-20,-0.0007037286800051223,-0.0007014462046339709,0.0015540515876990568,-0.0008688183996932164
2015-05-21,0.002911853464981018,-0.00350855318823029,0.003103560866743127,-0.004718325921896693
2015-05-22,-0.00238852459423744,0.0032865606136316394,-0.0010928676666842607,-0.001248032919944353
2015-05-26,-0.01075167782122144,-0.015910106252428835,0.0024604534016314794,-0.007620240640413223
2015-05-27,0.009492135006276436,0.00023781788594390285,0.0009989025747627611,0.00981848704895083
2015-05-28,-0.0011281428156387774,-0.013073631085888326,-0.0003629339674872112,-0.001994452852539519
2015-05-29,-0.006213127877087832,-0.009633972641061916,0.00036306573637534534,-0.01149137049190041
2015-06-01,0.002036684405670508,-0.0038911229669504888,-0.002764618129801777,0.012256715276262264
2015-06-02,-0.0009925375941230996,0.003906322949897234,-0.00392123347835327,-0.009237129308672043
2015-06-03,0.0026495119452205618,-0.0051070396504719895,-0.003936576515480961,-0.014362741675522317
2015-06-04,-0.008446676480982518,-0.015155203503885661,0.0021141049293420533,-0.001917544966144269
2015-06-05,-0.0017131283893876414,-0.004467632564687407,-0.004402639408946918,-0.0111428124840941
2015-06-08,-0.006149869494048499,-0.0002491368277435235,0.0014741302706724468,-0.0018127142723763923
2015-06-09,-0.00014399296619371782,-0.00598496568746032,-0.002851412097677586,-0.007266614415167849
2015-06-10,0.011993506833717804,0.014550706997194629,-0.002491112765232284,0.007058322734928568
2015-06-11,0.0032233693497378813,-0.004945569995646437,0.00536404109495181,0.006099927453650622
2015-06-12,-0.007654870752526133,0.0,-0.0011959384534967477,-0.0009030351522619773
2015-06-15,-0.004285617471598058,-0.011182868267893165,0.0011973704348429148,-0.005423259760211407
2015-06-16,0.005451486580979603,0.00025150776086335647,0.0016555676571086142,0.008049313255787727
2015-06-17,0.0016175733319923058,0.006029955440211454,9.179267432513072e-05,0.008499493332583485
2015-06-18,0.010399129305726618,0.009240930718725116,-0.00027544659653588877,0.013791113070125816
2015-06-19,-0.004439259266582951,-0.008661381721726591,0.0031231201574692946,-0.007683221860018796
2015-06-22,0.005123486482075279,0.014478307866087503,-0.004944432107149677,-0.01028210954518538
2015-06-23,0.0007077843129117412,0.009842282389517898,-0.002300778657080338,-0.008336621588769133
2015-06-24,-0.007262922802275584,-0.007066171912155084,0.0015678056132191198,-0.005431848466118772
2015-06-25,-0.00304053098635515,-0.0034363044993463987,-0.0011047435833484442,-0.01014332534901552
2015-06-26,-0.00019023864931078105,-0.00942694822976875,-0.0023968864878880503,0.007192813741375259
2015-06-29,-0.02097023166071066,-0.022288770729659513,0.0059146689248390505,-0.015546958979847147
2015-06-30,0.0020930999663055783,0.014856411762960597,-0.0006435356264196113,-0.00040156513179545605
2015-07-01,0.008015752571776336,-0.0007572901998542658,-0.0025238444249043868,0.016467749956057487
2015-07-02,-0.0009160381424911934,0.004799378561191725,0.0013852547184560748,0.002503047955961568
2015-07-06,-0.002845825741713104,-0.027903632049422256,0.0035963789585446992,0.006306632096278353
2015-07-07,0.006288512814759173,-0.01499856333204419,0.001378474983790623,0.015667997018885993
2015-07-08,-0.01677723366515682,-0.034392309298940216,0.0023856120144472026,-0.003856425041690814
2015-07-09,0.0018092809427807666,0.019304006729141232,-0.0036616386673375967,-0.004774845704543784
2015-07-10,0.012591272442894486,0.02533991327719809,-0.004226509812859325,0.00829868983562898
2015-07-13,0.011037393170455045,0.006763836226126196,-0.0014766165209955107,0.001414318910230028
2015-07-14,0.004337964255903604,0.0018087671722128995,0.0016639093500225854,0.00205482171494209
2015-07-15,-0.0003323346874718469,-0.011349124589391524,0.0026747319504758504,0.0016663006063493135
2015-07-16,0.008024323991416615,0.012523108578903708,0.0008283570443146093,0.008060228764375843
2015-07-17,0.0008479069483864343,-0.001288492546587805,9.198432984591776e-05,-0.0035538935019482354
2015-07-20,0.0005175835761246361,-0.006449963482003329,-0.0017468852198340157,0.0011468359342123868
2015-07-21,-0.003951330352009341,0.0002596432834081064,0.0016578053459832542,-0.002799294571852795
2015-07-22,-0.0017941022627973036,-0.014278180352321423,0.0004596403515846337,0.004337443767972848
2015-07-23,-0.005629953242629826,-0.009744763565171177,0.0028486108687335587,-0.01244895435560589
2015-07-24,-0.010372441070577443,-0.014361614486404162,-0.00018280107318058292,0.004244946193602495
2015-07-27,-0.005817447827251021,-0.018888165066906937,0.0012827391523808629,0.0017934092581961547
2015-07-28,0.012283310399956227,0.010175990257353273,-0.0010071020861520674,0.0006396326748860925
2015-07-29,0.006879148578825323,0.009801322393116374,-0.0008243985334266402,0.0065166223437829185
2015-07-30,0.0002373545641867203,-0.009976098645098741,9.156110562802411e-05,-0.00495134788495899
2015-07-31,-0.0015181733493006,0.010893458952761614,0.003942378081511322,0.007910149762259566
2015-08-03,-0.0033728039348313033,-0.01670251155228064,0.001033771386739435,0.0062025238236060876
2015-08-04,-0.001954132427334665,0.003561768693124412,-0.0029248464646365324,-0.00729647480712603
2015-08-05,0.003295376639004477,0.0002727051279258763,-0.0018332047766169701,-0.006589693135468755
2015-08-06,-0.008188286744466589,-0.008733292455215369,0.00119405669988204,0.0014030264448059437
2015-08-07,-0.0019194944725409169,-0.0005509309534713625,0.0017426761794627765,0.0036943583634219124
2015-08-10,0.012599459743010133,0.01680442980821173,-0.0012826627328816897,-0.0031732193007204534
2015-08-11,-0.009023197072406175,-0.021945332880853097,0.003301271475369738,0.006621256688369659
2015-08-12,0.0011977563943736946,-0.015512444666591518,-0.0006395303833683919,0.0031617936712229344
2015-08-13,-0.0012443367645832426,-0.0016881828560852963,-0.002102938118003994,0.0011349014435406701
2015-08-14,0.003642125745078495,0.0014094252107730298,-0.00045890265078551984,0.005415485085878968
2015-08-17,0.005587015660856176,-0.010976750808257996,0.0017418119810008736,0.008518268548769914
2015-08-18,-0.002896593004261483,-0.010814033512012045,-0.0018305581623122569,0.002732524834178962
2015-08-19,-0.007905345319809687,-0.012370387730886057,0.0031178519473040733,-0.005945861390075802
2015-08-20,-0.020881515828094277,-0.01572965407651017,0.0015544527930693164,-0.007351789412898935
2015-08-21,-0.030102218912716805,-0.03077834125473078,0.0017339554996946838,-0.018579248845937313
2015-08-24,-0.042106970915050335,-0.04366402715483386,-0.00036468475219841867,-0.046815036961743606
2015-08-25,-0.011768086358542096,0.012771172985173607,-0.0023696456006657707,-0.02750917586020374
2015-08-26,0.03839383004770114,0.03310226913826653,-0.004658755224277833,0.027045800684392773
2015-08-27,0.02473509612931646,0.044247696842156126,0.0013760529229562835,0.01934694401487147
2015-08-28,5.0429758381209666e-05,-0.012858070466906901,-0.000916108002209981,-0.0014496277156870185
2015-08-31,-0.00807931689393937,0.001776355071151814,-0.0007338946410094804,-0.022835574702993244
2015-09-01,-0.02984777164918495,-0.03871161044621174,0.0029618480511197642,-0.019046096848575833
2015-09-02,0.018981403163222277,0.014448342468436515,-0.0012839328265876748,0.010327592891877346
2015-09-03,0.0007159565902057352,0.003939385013058461,0.0014693048528116037,0.002725962833597828
2015-09-04,-0.015136326364027064,-0.029882382909337868,0.0021094636571490355,-0.01862154910156255
2015-09-08,0.025130664672273095,0.031736004975246423,-0.0023788314680744937,0.015096539031917988
2015-09-09,-0.013371698719529923,-0.005126513703785696,0.0003664452804092999,-0.011461305328016258
2015-09-10,0.005442142030093855,0.010306153735304635,-0.0011004237264845562,0.00220846295646715
2015-09-11,0.004544127422218658,0.0039004541872205145,0.0011930348476787422,0.01914332348790282
2015-09-14,-0.0037110388345570344,-0.0014943682955146365,0.00027526712322201163,0.0005405511532752261
2015-09-15,0.012499765483695136,0.009578038949794365,-0.004491532952839772,0.009859513006995169
2015-09-16,0.008666848600068278,0.024310515857724813,-0.000828363464372206,0.010699610867420217
2015-09-17,-0.0022481094327289064,-0.002315361600453647,0.006266140381280705,0.01138013023309048
2015-09-18,-0.016341442028236508,-0.018566861641980625,0.0008248180445811215,-0.0017008029922209733
2015-09-21,0.005167764233567462,-0.0017737293211145255,-0.002654255165854935,0.00851896025818144
2015-09-22,-0.012979929055739192,-0.018655496459055287,0.0023856887014606087,-0.012605324119265848
2015-09-23,-0.001598319732874276,-0.015992689939962612,-0.0008240859243947574,0.006273822554936581
2015-09-24,-0.0036160787954374607,-0.004293043704586386,0.0012829376918530588,-0.009379120496143534
2015-09-25,-0.00025912814083728364,-0.002155962875734274,-0.0017387859598819722,0.0040006479117544735
2015-09-28,-0.025096961113472926,-0.021296484606041166,0.002383344650891628,-0.015539812750357651
2015-09-29,0.0005845237980561802,0.004730517803116285,0.0015546819455325434,0.010658666113726456
2015-09-30,0.01865859876339737,0.028876008691514743,0.00036467230548486995,0.008409568297766512
2015-10-01,0.002609210604161527,0.005491341589611398,0.000777010285813784,0.004898149208910407
2015-10-02,0.014937334721140116,0.026699149679590084,0.003014656592984055,0.007245389208194286
2015-10-05,0.017795310693272448,0.02157215098119014,-0.0037345049079452464,0.0168716957780235
2015-10-06,-0.0034263335101494263,-0.0017356911798712682,0.0024685946698825845,-0.002314926852603816
2015-10-07,0.008190654700234168,0.026658850627417907,-0.0007293774018961585,0.01147316235425988
2015-10-08,0.009026610463631402,0.010725861437062667,-0.0013690320019212887,0.008412185193920507
2015-10-09,0.0005963126366792526,0.0036298565917973757,-0.0008219151168993299,-0.0016433701356513009
2015-10-12,0.0009439063437648443,-0.00751260859268188,0.0025608009361717254,0.007089771452901683
2015-10-13,-0.0063024722968201274,-0.016260009934092934,9.084691434568803e-05,-0.0077937773035368085
2015-10-14,-0.004794095723100078,0.007694451370050315,0.0037399257657573237,-0.007474822819689697
2015-10-15,0.015354792462253908,0.024321236450219663,-0.0013629403532733342,0.013658251172415037
2015-10-16,0.004546451683177022,0.0008284445491266723,-0.0010012905111989046,0.007555647852929059
2015-10-19,0.0004919952322257615,-0.010207068442424583,0.0010022940987695073,0.013998125576587972
2015-10-20,-0.0012787188553280426,-0.0002786751131397258,-0.0020021195981991813,-0.00036993639803228895
2015-10-21,-0.006203382675950442,-0.014496628405738954,0.002371207586680635,-0.003699101174535757
2015-10-22,0.016894058910503773,0.0206504734627595,0.0001816426696619189,0.008787620435527721
2015-10-23,0.010961508326415847,0.005820675424610844,-0.001727828423215727,-0.009692097858167492
2015-10-26,-0.0024574523505862533,-0.009093776723913538,0.0004559649641511232,-0.00024806694899248694
2015-10-27,-0.001932343649548529,-0.011401471977621092,0.0014562987993778087,-0.0003715510405675193
2015-10-28,0.011374301143154408,-0.01153303277188189,-0.0030008565180953406,0.0008674886481814248
2015-10-29,-0.0005739638985201578,-0.009390902573024329,-0.0042870635275126245,-0.0013622490742906113
2015-10-30,-0.004309716444524714,0.0017236547844496908,0.002656475876389841,-0.009177805449250176
2015-11-02,0.011830594822138663,0.019787887800791992,-0.0019684793161436343,0.02127948131043733
2015-11-03,0.0028996742826910005,0.01321688353442485,-0.0018343234595489255,-0.010050587217515394
2015-11-04,-0.003033258552610607,-0.008048872155220432,0.0,-0.00445688602854355
2015-11-05,-0.0009986941213420142,0.0016786003355442336,-0.000459702598551992,0.00397950766795141
2015-11-06,-0.0005229425983456215,-0.01396638063905653,-0.004780109830408663,-0.031091348985991307
2015-11-09,-0.009331666307393793,-0.024929153980464358,-0.0006468600409524905,-0.017131030064983843
2015-11-10,0.0023065857239394916,-0.004357857590067016,0.0018490337173380222,0.01144643093970954
2015-11-11,-0.003931649596896514,0.00204279388949824,-0.0012920748385583103,0.001157610471180126
2015-11-12,-0.013959634369937302,-0.00961002754131901,0.0009239576841966191,-0.0068088039569867975
2015-11-13,-0.01122862659662005,-0.013819386843718529,0.001938034280049683,-0.011380630780807977
2015-11-16,0.015206945093597435,0.01937987514102013,0.0008292059499954707,0.011511640511146615
2015-11-17,-0.0007290300157432039,-0.0029249233371058114,0.0007364819785486976,0.0
2015-11-18,0.015865877666829897,0.01085359450661083,-0.0007359399720220372,0.008795118283308367
2015-11-19,-0.0008623736959624262,0.008996037423785186,0.00046074372197080216,0.0030769223959745684
2015-11-20,0.003644478741061663,0.01006625550775997,-0.0006441482326799974,0.012525351236476912
2015-11-23,-0.001146731637454601,-0.009396386917064348,0.0002756957474281396,0.0021461708848256045
2015-11-24,0.001339057432812485,0.005173937047131094,0.0009210301416615607,-0.00529044617637453
2015-11-25,-0.00014308702381504723,-0.0077209923949687065,0.0004589745863761152,0.004052438261102687
2015-11-27,0.0011465039244247244,-0.02190203359799381,-0.0002757049008778045,0.008702500815133796
2015-11-30,-0.004151932988309737,0.001473162851502341,0.0003684522613804919,-0.0073772648328217505
2015-12-01,0.009535749253186232,0.007649292169068955,0.003503750736749467,0.013856020196380214
2015-12-02,-0.010204821972014777,-0.011970782800830193,-0.0011946103599754787,-0.02037566572541727
2015-12-03,-0.014002716490001066,-0.005614661602557414,-0.007360526513345844,-0.0157261570514049
2015-12-04,0.01950286860777517,0.0068350079456114265,0.0032440619559557238,0.019070027725442973
2015-12-07,-0.006058331953841201,-0.016528902025576664,0.0014784120255857403,-0.00278184627231004
2015-12-08,-0.006719727347964666,-0.011104267555588687,0.0003695691272447288,-0.0008875059084985093
2015-12-09,-0.007779637524917171,-0.008194474584109934,0.0,-0.005583730917737562
2015-12-10,0.002580793677183335,-0.0067319949601604145,-0.00018490231660839296,-0.007146256975347431
2015-12-11,-0.019380947680731064,-0.02803422445392434,0.002490131060263856,-0.0017993494267213306
2015-12-14,0.005052239458046781,0.01616473950272579,-0.004692196459245235,0.004635291863496205
2015-12-15,0.010498109701153835,0.015283838018982587,9.239371319980094e-05,0.01089449769640316
2015-12-16,0.014631740251719316,0.019661826421405237,-0.0017563438365615358,0.019526005455188455
2015-12-17,-0.015237784977719993,-0.012955622272619483,0.0013892431155839713,-0.0049745277018085066
2015-12-18,-0.017815170654457924,-0.0033576669274716364,0.0021272299893730917,-0.011623309358395506
2015-12-21,0.008249259426243105,0.007807478290197789,-0.0009232551701032765,0.003919757283704417
2015-12-22,0.009073869341709173,0.008024556630679802,-0.0007390258755929358,0.004030564187664121
2015-12-23,0.012383597720232453,0.014084496774277255,-0.00018475328631539778,0.010278543860921863
2015-12-24,-0.0016502329367933388,-0.0036230451465486535,0.00048154745577910774,0.0
2015-12-28,-0.0022852943305565754,-0.006969835260079105,0.0,0.00554020796804755
2015-12-29,0.010672173013362318,0.0009154171018572743,-0.0024992072036509327,0.010643323389843973
2015-12-30,-0.007087657559081584,-0.015548801645561383,-0.0001861888771718112,-0.003469116356862534
2015-12-31,-0.010003465569341286,-0.003096922411692793,0.0026921590167845455,-0.008703053106467351
2016-01-04,-0.013979742161077557,-0.027337712726530627,-0.0003700492861664628,-0.012040326688683822
2016-01-05,0.0016915483484407634,0.002235828372092463,0.00046284936970453217,0.01929631501388429
2016-01-06,-0.012614090862475669,-0.019120461067199335,0.0037957520860283367,-0.002740123374463055
2016-01-07,-0.02399161628626767,-0.030864039955003864,-9.208433922947012e-05,-0.01948324944875446
2016-01-08,-0.010976799922140401,-0.010727747751659633,0.002213384075981706,-0.013373658235897756
2016-01-11,0.0009896757587692928,-0.00033871361924864285,-0.0028532965750900363,0.005680320505579095
2016-01-12,0.008068519438491073,0.0020338581406746936,0.002215279829220762,-0.006675228574529735
2016-01-13,-0.0249406346907598,-0.01048711263644031,0.002302702651597821,-0.014344848383333497
2016-01-14,0.016417051789668236,0.01299130507690216,-0.0003681519438256675,-0.0023600783081720866
2016-01-15,-0.021466213997262673,-0.03948699610666684,0.0011951536284462438,-0.00683386791912477
2016-01-19,0.0013312218348371374,0.014757683452466974,-0.0010099415952531388,0.00529313172454815
2016-01-20,-0.012815182424619098,-0.02181434499666013,0.0008271764508054336,-0.026852851135488298
2016-01-21,0.005602032003354518,0.0038937141943995446,-0.0013772107388427823,0.005545722369696637
2016-01-22,0.02051523685525347,0.034203114744216334,0.0007358276821316512,0.02784514777260183
2016-01-25,-0.015116286212017327,-0.017047326290509313,-0.000551349381835764,-0.006281738531647818
2016-01-26,0.013643110513675838,0.014568117777148837,0.001286975683941094,0.020940455833642346
2016-01-27,-0.010883501318516675,-0.003418790199723132,0.00018306290202096953,-0.019350448848542312
2016-01-28,0.005209509620706987,0.01578059711391777,0.0008262654667230418,-0.007629492393088633
2016-01-29,0.0243769481304279,0.03242139686267742,0.0029351919405047333,0.020546387696012802
2016-02-01,-0.00036124414453631015,-0.00948637935002683,-0.0012093000308538437,0.0016884951916804614
2016-02-02,-0.018022249412870672,-0.03236468798368963,0.003027832094338212,-0.009076514836109828
2016-02-03,0.005994906980004933,0.028327558934823527,-9.197110618819337e-05,0.006673439933322811
2016-02-04,0.0015683792163072585,0.00763350333288626,0.0010064457368343938,0.0005204131409075607
2016-02-05,-0.019050421883122115,-0.011528244497034934,-0.0009135467359659977,-0.018969016467024424
2016-02-08,-0.013460645407500582,-0.013662147765128863,0.003841837996158226,-0.0286054639966139
2016-02-09,5.3791520572721296e-05,-0.013851146149886695,-9.152759277764044e-05,-0.018404692491399532
2016-02-10,-0.0008630453198311683,0.004110915263903836,0.002460578432276206,0.006944163115085944
2016-02-11,-0.013007587637986373,-0.01671801399761408,0.0006359831505098335,-0.01420676643588814
2016-02-12,0.02061676926922762,0.017349328829756594,-0.002725278511783502,0.011473609657640882
2016-02-16,0.016878363686701814,0.02216920103984399,-0.0024590415941661004,0.01839800239942546
2016-02-17,0.016334675527774678,0.019686106887889077,-0.000548442849760078,0.008557221538807669
2016-02-18,-0.004095905475973827,-0.005890092382958012,0.0030151999005121333,0.0101008325417975
2016-02-19,-0.0004683443021374911,-0.004608230642578537,0.00018263924320738312,0.005733696618527073
2016-02-22,0.014478966860530962,0.024801610891374226,0.00027290249321088034,0.00954536601102185
2016-02-23,-0.012629639848358187,-0.02129723392191185,0.00018228168932421518,-0.0026265570357687507
2016-02-24,0.004575523043965468,-0.0023078351230084726,0.0003639482717943121,-0.0011852351514609616
2016-02-25,0.012112025613650212,0.003304522396702092,0.0025486306629127764,0.02043293155981174
2016-02-26,-0.0023015102757734107,-0.009881386036986739,-0.0018157314336810781,-0.005167681905438037
2016-02-29,-0.007842466297014461,0.008649382844933884,0.0011821804790050905,-0.00389524939625141
2016-03-01,0.023507159699194924,0.03562021635531876,-0.002994204010051016,0.02815759875222046
2016-03-02,0.004492143179691377,0.013375834430438438,-0.0010956568958621071,0.007227234789616066
2016-03-03,0.003919821302397208,0.011313639079521431,0.0011880116360645232,0.005287078285804547
2016-03-04,0.003253418130195751,0.019888079700890904,-0.001551238639302066,0.00012534765498983802
2016-03-07,0.0007984557978049089,-0.0015235641345704432,-0.00027529999130293525,0.00262912884919686
2016-03-08,-0.01091788381374792,-0.017088851550792428,0.0024693985889647774,-0.010239711534345997
2016-03-09,0.004939571151866273,0.006209376172805259,-0.00045566493566417954,0.005551248220017069
2016-03-10,0.0008022994253693572,0.0015425440435370419,0.0004558726608507868,-0.003638463689839777
2016-03-11,0.016137155490817623,0.020948987766822746,-0.0018242142888952317,0.022414877469019157
2016-03-14,-0.001282170014145656,-0.006034908016813834,0.0005482919217956184,0.00012322443755174994
2016-03-15,-0.0016294862326283743,-0.014268288936555518,-0.0009128613001104791,0.0004926972483731973
2016-03-16,0.005786690620478208,0.02001828830553065,0.00429711760725815,0.012063042573225546
2016-03-17,0.006344311369292921,0.02204092818165071,0.002093055130471644,0.014108478069341457
2016-03-18,0.003929430033806858,0.00531782520208246,0.0008176434693836221,-0.004317522404489349
2016-03-21,0.001419108244753442,0.0020567695256668017,-0.002178328303855559,-0.009025810557706793
2016-03-22,-0.000537329524769703,-0.0023459485849177675,-0.0006368429513731177,0.0
2016-03-23,-0.006599484796957156,-0.017048856133146773,0.0021842924563120203,-0.005407422132638451
2016-03-24,-0.0004428238517407701,-0.002392107724878856,9.095418312754511e-05,0.00037026837209741537
2016-03-28,0.0005905464075386391,0.00329728478968061,0.0007265658833028876,0.009017782803139918
2016-03-29,0.009250428437649116,0.013743711371888345,0.0029949423845205825,0.021670268713420704
2016-03-30,0.004387440559545652,0.01031527930220788,-0.00036216195723093314,-0.0019172712583083173
2016-03-31,-0.002427002990370908,-0.0008750938456363322,0.0031685454405727675,0.006123134312770784
2016-04-01,0.006811984588912079,-0.0029197660794646474,-0.0008864562669365084,-0.0013126438184092315
2016-04-04,-0.003238000713092437,-0.012005747308354575,0.0009955115528041958,-0.0014336621457805565
2016-04-05,-0.009987501619613592,-0.019561245427919705,0.0013561738966549886,-0.006581683832860619
2016-04-06,0.010920883484640598,0.012091561084797142,-0.00018026520479652586,0.002409103964608139
2016-04-07,-0.011965724749804396,-0.02001170871749003,0.0021662823597572434,-0.006248657201587182
2016-04-08,0.002696570836601797,0.017372588403407274,-0.0009912965461184031,0.005562807418126203
2016-04-11,-0.002347121570439592,0.012882008542496992,0.0007222406729676667,-0.002044684925923246
2016-04-12,0.009312861817266649,0.01538008989770856,-0.0016224937718454235,0.00723019510051337
2016-04-13,0.010100924876507822,0.01776858360614031,0.0004516157929890241,-0.004426707893807835
2016-04-14,4.8050439528157796e-05,-0.004865376728865667,-0.001714661265489692,-0.00552750786190348
2016-04-15,-0.0011057958703578619,-0.005751994318470177,0.002801644222016897,0.00749162312036411
2016-04-18,0.007027016822445775,0.004628313356904945,-8.989625593369688e-05,0.00479700043439002
2016-04-19,0.003153989503536625,0.015260472644522682,-9.01748625847798e-05,0.0004779993690087192
2016-04-20,0.0009525658392977032,-0.004537877716144445,-0.002433497932329387,-0.016941588077042713
2016-04-21,-0.0053781581952249136,-0.009971438851302361,-0.001355954451718988,-0.01783962744362766
2016-04-22,0.0,-0.006043080820801627,9.052573909285044e-05,0.01087362103458922
2016-04-25,-0.0017228150077244209,-0.006369622578440759,-0.001085486398743174,0.008311510279700896
2016-04-26,0.0014862385132050626,0.010781172059877386,-0.0004531701522075826,0.0038795783664489214
2016-04-27,0.002058184719999634,0.0060538064729831476,0.0029905021390970177,-0.0006036847540323853
2016-04-28,-0.009075673016021635,-0.01031545714638138,0.001987693671557933,-0.002054161288786993
2016-04-29,-0.005398852417926925,-0.004342946419025218,-8.97563471493612e-05,-0.00920176844969145
2016-05-02,0.007948479981138235,-0.002616884676924114,-0.0006778791278544416,0.015519814799981102
2016-05-03,-0.008703464022949081,-0.028279891456951867,0.0018078807567858401,0.0015644536888683724
2016-05-04,-0.005578160405147914,-0.016201657327332364,0.0004517402950179328,0.014297455223694966
2016-05-05,-0.00019500497210256373,-0.0003051223448383711,0.002525558910177139,0.002842929255494342
2016-05-06,0.0036589788380085864,0.0015254962783977088,-0.0015295410586178004,0.01098523694722564
2016-05-09,0.0008264331850711404,-0.012793142024139947,0.0006306964241880042,0.010982452061352177
2016-05-10,0.012433586307222022,0.01912969131707931,0.0004499951034706573,-0.00011537773821890251
2016-05-11,-0.009354250476760528,-0.002421728851285998,0.0,-0.02138250025620836
2016-05-12,0.00028996307936446364,-0.002731465309740222,-0.0009002146043303183,0.005787181334355074
2016-05-13,-0.008713886627385481,-0.01795517199353147,0.0018923789328220142,-0.008923875554974425
2016-05-16,0.00986537239418972,0.012085623333595086,-0.0017086704338593606,0.009478183906396653
2016-05-17,-0.009333385882767664,-0.004592938680284542,-0.0013509798764356207,-0.018544420420994023
2016-05-18,0.0002926483618774789,-0.009843030483908444,-0.004149486353794196,-0.01566630660885604
2016-05-19,-0.003465037266130122,-0.009319629404249241,0.0006342240961922929,-0.011177374220449732
2016-05-20,0.006317189210430341,0.01003447036972771,0.0006336413288172693,0.007986616298282234
2016-05-23,-0.0013624564835007513,-0.0018627389306966613,-0.00018129997775073736,0.00012189747163993125
2016-05-24,0.012962348266727819,0.010264442820081543,-0.0005431854083702836,0.012431205916299648
2016-05-25,0.006783140360822504,0.01200726204955993,0.00018134100498001793,0.0
2016-05-26,0.00028671047317407883,0.006693095019870476,0.001539040267215297,0.0019263122402570776
2016-05-27,0.00429925328623626,-0.0003019243286680462,-0.00018030756246734114,0.0054068902535930885
2016-05-31,-0.0019025616170716964,0.0012089257820624422,0.0006322734006145581,-0.00012011202407868904
2016-06-01,0.0020491609126931376,-0.0006040205829970224,-0.0005614251322357822,0.0008371291213149501
2016-06-02,0.0030436472180241925,0.008157263993232577,0.002535684376204106,0.005135047651853686
2016-06-03,-0.0029871089949992102,0.015283208420620031,0.00542026499233339,0.004038765750519646
2016-06-06,0.005088546587926679,0.010625668865601234,-0.0013475819455179838,-0.007691230389012649
2016-06-07,0.0015612088003633673,0.009053711022250166,0.0008993013782174764,0.00608178451299457
2016-06-08,0.0032599572881033545,0.007236035124128071,0.00035957650594831136,0.006400546812870056
2016-06-09,-0.00136596951280199,-0.011494276466506026,0.0007188049659241358,0.002237635931293669
2016-06-10,-0.009477150789184097,-0.025290717312194455,0.0013469142714837012,-0.004700374766471671
2016-06-13,-0.007712155031957102,-0.014017222589546519,0.000807401102301375,0.00023580728680960839
2016-06-14,-0.001966760721290539,-0.003327205824101065,-0.00044851177667093456,-0.0025965144519299876
2016-06-15,-0.0013937976392482954,0.01062171474455087,0.002151464186437968,0.00946743463622779
2016-06-16,0.002984263943635712,-0.003603319014677586,0.0006262969298167498,0.005627001554696864
2016-06-17,-0.003724173405421971,0.0027123879878772073,-0.0007156126220418946,-0.0016320281033852524
2016-06-20,0.006440049114207369,0.017733763110887146,-0.0027733912057734678,0.0014012803130731832
2016-06-21,0.0028388043656240036,0.007678759933607671,-0.0007166863754675123,0.003812006951576352
2016-06-22,-0.0016313206730379504,0.002540175009063006,0.0006281877374210154,-0.0015235364245870242
2016-06-23,0.013022398446552952,0.024160206970152087,-0.0017042149145357621,0.005047269964731704
2016-06-24,-0.03590897284370986,-0.060701877866307985,0.005391922567381524,-0.008876240880805852
2016-06-27,-0.01790987801914279,-0.01286360015252741,0.004021786592512511,0.0007070730374725276
2016-06-28,0.01803625516000995,0.02947556746327651,0.0012463287951633983,0.0210786549587334
2016-06-29,0.017027556319121118,0.025316460202573055,-0.0007114406100826587,0.012109584921810246
2016-06-30,0.013645642675264025,0.0099939723812843,0.0020462826810461188,0.010368872051248479
2016-07-01,0.0021002445507709577,0.009604451834282601,0.0021530715183264437,0.0003383456665786433
2016-07-05,-0.007193483101222586,-0.02133187668989356,0.0026634157859328766,0.011048259714428577
2016-07-06,0.005998019013875977,-0.002651009863785858,0.0018587252558190936,-0.004348275326559459
2016-07-07,-0.0006199884093187613,-0.0026579866267605334,-0.0007066507269563038,-0.010303945750255394
2016-07-08,0.01489056857805049,0.02161682939877041,0.0015029695656139097,0.016181933715399666
2016-07-11,0.003526685136347796,0.00956533886257871,-0.002648427390288477,0.006681329217413712
2016-07-12,0.007263464387532004,0.014068134782783348,-0.003010190844743299,-0.00011043902249341375
2016-07-13,-0.00013943197634469495,-0.001698654333474825,0.0014205568049150408,0.00553142174164889
2016-07-14,0.005583611655817222,0.014463866697951522,-0.0008870075359476148,-0.008911714605812526
2016-07-15,-0.001342166784360832,-0.002236489606231129,-0.0036385823213138657,0.00033317316817438325
2016-07-18,0.0026875284414200618,0.008966143201461385,0.00017810109673943586,0.002663324852057114
2016-07-19,-0.0010168652243538467,-0.010274734250360629,0.0020479750809174746,0.004869823169651788
2016-07-20,0.004163006140617487,0.00505033933520993,-0.000888173587630714,0.0001102096531893082
2016-07-21,-0.0037771288764448796,-0.0030710370224051875,0.0008889631412130061,0.0019825138177200774
2016-07-22,0.004485013565608931,0.0072812176392806904,0.0001782359100799269,0.008793161440940223
2016-07-25,-0.0027156897789701873,-0.010008733858485774,-0.0011551447431367157,-0.0018520209729664394
2016-07-26,0.0004614826480962009,0.007863051037353186,0.0,-0.00491236893832947
2016-07-27,-0.0010610602480317644,0.003343616421714213,0.002935892670666629,-0.007788609137019953
2016-07-28,0.001154605076098214,0.0002778373690277558,-8.903222675427092e-05,0.009286936305343163
2016-07-29,0.001614665101458801,0.0052745579202155835,0.002661585818383161,0.012706803669918942
2016-08-01,-0.000829051160712635,-0.0019329453828591525,-0.0023311656347442256,0.0021632312178143653
2016-08-02,-0.006407356373499873,-0.007194321730392028,-0.0029320797061304082,-0.01597390923955322
2016-08-03,0.0029228142112076583,0.003344218894998141,0.0010695070773887316,-0.0058134696945294495
2016-08-04,0.0010640226965132893,0.005555864349578332,0.001869195883402952,-0.00408205042234
2016-08-05,0.008178725219879501,0.01160230960253883,-0.0033765186614959086,0.0006645740736999084
2016-08-08,-0.000595940986080179,0.007099827494332578,0.0006243933873075758,0.0017714105215713705
2016-08-09,0.0005962963435111046,0.0067788764764113996,0.0025833260426741944,0.0054149792811690745
2016-08-10,-0.00247482522970921,0.000268947552300558,0.0011554117474537051,-0.001099183388661329
2016-08-11,0.004640828648757811,0.012924458079952128,-0.002662796648581267,-0.01133380229574521
2016-08-12,-0.000869375159829544,-0.003721749344018588,0.00240303917208351,0.004229242904793651
2016-08-15,0.002883881145957057,0.010405821228989698,-0.0017754352923918804,-0.000997241589572817
2016-08-16,-0.005157873513966904,-0.004489192612825876,-0.0006229491316200875,-0.011981559825332555
2016-08-17,0.001881271586553268,-0.006365923946296315,0.0018693053852414376,0.004042431889153875
2016-08-18,0.002243870420665095,0.009343358409899194,0.001421104907301407,-0.0036901509723133996
2016-08-19,-0.0014622236236555564,-0.005554195881861124,-0.0022175015186587377,-0.006398384596429718
2016-08-22,-4.557794836124174e-05,-0.013298010701842555,0.0015115735477100323,0.005422390585665848
2016-08-23,0.002013104216649797,-0.004043016493255669,0.0002658272073794432,0.0005618811714125371
2016-08-24,-0.005114643514156358,0.0027061580151790388,-0.0003552819821632802,-0.004379350049139363
2016-08-25,-0.0006885337617107412,0.0008101154438417968,-0.0010648144067273435,0.004511282251932425
2016-08-26,-0.0018829452226230003,-0.00863035024661285,-0.0015997183352128852,-0.009880972804124033
2016-08-29,0.004924164116826946,0.007617320501618341,0.002759735281065767,0.009866298292569464
2016-08-30,-0.0016488495549223936,-0.0026998372252637903,-0.0005328002216872241,-0.001908985893403714
2016-08-31,-0.002844030180804147,-0.011099362877359242,-0.0001776065637177915,0.0010123885241524189
2016-09-01,4.614903893607192e-05,0.007665151270086934,0.0008718732627033265,-0.002472523333497345
2016-09-02,0.0045078891133212284,0.016299856674935498,-0.0013337690224014542,0.008675688856651487
2016-09-06,0.0030223993738476285,0.02138476614771334,0.0021366158133924174,0.007708187830912205
2016-09-07,-9.127736571890033e-05,-0.0031404776055951045,0.0005336094718322304,0.0059861927472555365
2016-09-08,-0.0022830374087489114,-0.0026255368125603917,-0.0034633554759968543,-0.012231733668181533
2016-09-09,-0.023935048304981277,-0.033692939184111426,-0.004366561170581762,-0.03960277903527476
2016-09-12,0.014347376938311118,0.006810139316235642,0.0008059335013499425,0.011848183084990582
2016-09-13,-0.01437522505945854,-0.02516245112851445,-0.00277240857437433,-0.025106376675270603
2016-09-14,-0.0003752077744387794,0.0030530720344816853,0.0012552783191286387,0.003201147558709927
2016-09-15,0.009992632634112208,0.017155257838746163,0.0006265859930913997,0.0037822840647772082
2016-09-16,-0.003865583346514323,-0.006800749810606521,0.0007164102206083101,0.00047114224482891487
2016-09-19,0.000187868029398075,0.007943187608686841,-0.0008050742548475487,0.009061836772783494
2016-09-20,4.702049171312339e-05,0.0005431680234846414,0.0003579709302763412,-0.0015159736111971522
2016-09-21,0.011245094751389129,0.02797416819494769,0.0025056979930648815,0.01284833435891608
2016-09-22,0.00630144584374337,0.007133625401778199,0.0020533159757023522,0.017876002611093567
2016-09-23,-0.005479370645440351,-0.01285433536034819,-0.00026740552635140524,0.0030586582458853595
2016-09-26,-0.008101897548392967,-0.014615848371559714,0.0012477552767773403,0.0023724786486905014
2016-09-27,0.006207733272449056,0.014293255044150799,0.0012455829562834086,-0.010592684385524298
2016-09-28,0.004963675050595695,0.009040328336745285,0.00026681138549111694,0.008200518264550372
2016-09-29,-0.009047431603119271,-0.01739133520282321,0.0,-0.013330219094560225
2016-09-30,0.007546245809396224,0.0042905256825251925,-0.0010661683054149496,-0.006869471379321257
2016-10-03,-0.0024041188454853035,0.0069424757463758535,-0.0011316602064387338,-0.01867703779621821
2016-10-04,-0.005097863516506984,-0.011137350676505453,-0.003390354360208403,-0.013627244287268803
2016-10-05,0.004425492415311538,0.014480935973704812,-0.0013433096070503137,-0.020248030911461434
2016-10-06,0.0006954149233675544,0.0007930371599640385,0.0,0.0003644901941863843
2016-10-07,-0.0034296331577544636,-0.004490503450057415,0.00017956760121617954,-0.0017013637424524441
2016-10-10,0.0052086532386739215,0.010878749313018687,-0.0004482621198560466,0.006208262913512952
2016-10-11,-0.012629572350549734,-0.02309731740004939,-0.0015240296329831482,-0.009678274068968151
2016-10-12,0.001312048056760995,-0.0018806195958924743,0.0003594247320992672,0.011483226790979462
2016-10-13,-0.0032756147097291466,-0.00888327302176084,0.0014356727241631173,0.00785000885936249
2016-10-14,0.0005163656877831269,0.0016297743691882083,-0.001702744236323328,-0.004433636834565546
2016-10-17,-0.003472189582433005,-0.0010844280639656922,0.001705648519509273,0.00216681900000415
2016-10-18,0.006262518567591302,0.017644020337224342,0.0016137141762635476,0.006365457974688793
2016-10-19,0.0026669485042010166,0.006134522033772738,0.0005371266319194046,0.0021483262792620916
2016-10-20,-0.0018665647778233208,-0.0029160951857060136,-0.0003576562279479223,-0.0022627872344540556
2016-10-21,0.0004675967318461538,-0.0002658920099042339,0.0006261665937732364,-0.003699692125274434
2016-10-24,0.004252801804224049,0.0042550894823523144,-0.0015198524254345092,0.0022758114005512198
2016-10-25,-0.003350690846400717,0.001059468437644373,0.0,-0.0017930757445585588
2016-10-26,-0.0020080841570868646,-0.010581971561873238,-0.001970018089507697,-0.013052436291396519
2016-10-27,-0.002666326473988345,-0.008555940978219767,-0.002513011574819979,-0.026206963663819804
2016-10-28,-0.0029556458507848937,-0.004045514507040271,0.0,0.0023673152070184944
2016-10-31,4.6962729276955884e-05,0.005686227071143968,0.0012592708812697584,0.016283517867144104
2016-11-01,-0.0072453498863480625,-0.008077134307729938,-0.0005404943696947218,-0.0217713480468692
2016-11-02,-0.006018687725436123,-0.011943774763026882,0.0011712153159746386,-0.014628708120554945
2016-11-03,-0.004576977617466227,-0.0027471127797306094,-0.0013493635580348329,-0.007740062418976401
2016-11-04,-0.0011014636448638537,-0.0101930391267806,0.002071920566475649,0.00792829001855977
2016-11-07,0.022057049549024876,0.03618179265842647,-0.001169181297040356,0.017508398820233584
2016-11-08,0.004503753294097912,0.006446160259034217,-0.0016194147055083041,0.005236895570234434
2016-11-09,0.01060207575094907,-0.03255920989790195,-0.009285326199187316,-0.015132578784996298
2016-11-10,0.0024957342690288264,-0.02841396315848954,-0.0040945919563109,-0.016750901663117435
2016-11-11,-0.0023052180639846487,-0.01902339289668209,-0.001827651531383201,0.006020311049875993
2016-11-14,0.0007856096625893372,-0.00723569309556793,-0.004026948269856501,0.023682116712523404
2016-11-15,0.007802699098854227,0.020116741610350486,0.0007347615251025452,-0.00833297664775512
2016-11-16,-0.001878168709160244,-0.008288178192185192,0.002204570384890303,-0.0028849909664768747
2016-11-17,0.005140586981601025,0.001440882655684872,-0.0037570423054508195,-0.010188591567811045
2016-11-18,-0.002237686872962885,-0.004604339964497495,-0.0032193884052066357,0.0029226293288924232
2016-11-21,0.007551523193703336,0.009829420934353239,0.0008301338118121837,-0.003041217735749613
2016-11-22,0.0019535381968740495,0.015173369990683527,0.0009220306888373386,0.017539696591906795
2016-11-23,0.0005438151793557555,-0.010716378139739802,-0.0035001798159056685,-0.004246795446755214
2016-11-25,0.003715469816306216,0.004846229427162729,-9.236867697848261e-05,0.005770360721165213
2016-11-28,-0.0046947736828563125,0.003971575156463736,0.003513254988574799,0.004614453301885479
2016-11-29,0.0019500510007772753,0.001412322269819466,0.0011051004264219788,0.009559155313986878
2016-11-30,-0.0023989722267521163,0.001693369753815066,-0.003957124113642685,-0.011436125988462331
2016-12-01,-0.0036754922028529036,-0.011830954347590517,-0.0032946034676166747,-0.014678742116584376
2016-12-02,0.0005007769228557724,0.001140408119835179,0.003157132772465987,0.009973731975775557
2016-12-05,0.006008897778525313,0.008257229044200454,0.0008334437292734087,0.00737518547748417
2016-12-06,0.0031672433823697332,0.005365755503658809,-0.0001852378049574943,0.006452084291771687
2016-12-07,0.013080877528359958,0.01685386771491637,0.00259070971532549,0.019973184122570764
2016-12-08,0.00244875663754196,0.004420042450784978,-0.0018460240094979596,0.006889775411442534
2016-12-09,0.006040635326200361,-0.005225755374041241,-0.0030508121255500287,-0.0010802165207479675
2016-12-12,-0.001147993476936171,-0.006635400016825055,-0.0009267720322664319,0.006609922185445871
2016-12-13,0.0066740388188319955,0.01113278341283186,0.0012988307870187565,-0.0004777891676325252
2016-12-14,-0.008254331907105561,-0.029727181015285153,-0.005468586346540127,-0.021858631238780735
2016-12-15,0.004117366530546063,0.0017018930057921544,-0.001211502930516195,-0.00586163284440866
2016-12-16,-0.00195589412626751,-0.004531250480884208,0.0006528843296633724,0.0149855975827633
2016-12-19,0.0021773788809991146,-0.006827881468139063,0.002611763477552431,0.010771434020604653
2016-12-20,0.0038575622435459422,0.0034372079520283982,-0.00093025771383759,0.0022744496893249977
2016-12-21,-0.002782659385955899,-0.004157567267439433,0.0021411812482949877,-0.015171238225716088
2016-12-22,-0.0017274649280433207,-0.011887510535847468,-9.155838133212413e-06,-0.0016718685865192429
2016-12-23,0.0014642545619536484,0.005868593187998927,0.00027943873832136923,0.002604756375075734
2016-12-27,0.0024810797464149825,0.004375611996636497,-0.0007454499770936929,0.0021037621240613813
2016-12-28,-0.008264753143643278,0.007551677971638027,0.0015844385182068876,-0.006049939000940752
2016-12-29,-0.000222435354528705,0.016431386704485407,0.0030687487893377163,0.012422328523262083
2016-12-30,-0.00365528770346224,-0.007090459818342998,0.002040637321461425,0.012637468557846976
2017-01-03,0.007650190669311163,0.011996692748444726,0.0010175583640195107,0.003272139549229447
2017-01-04,0.005949003134093633,0.007620759540469368,0.00027742387750584463,0.014613321868265805
2017-01-05,-0.0007942918026301315,0.010924285353037133,0.004159295284338782,0.0032137847564053246
2017-01-06,0.0035777382889541354,-0.004156423438469226,-0.003314106250132398,0.0001186929295795558
2017-01-09,-0.003300772936749241,-0.0008346632943054821,0.001662608434784607,-0.009016447000621652
2017-01-10,0.0,0.005848174213942903,-0.0002762939767912975,-0.008499689786906739
2017-01-11,0.0028261286458242107,0.011904596390959643,0.0011985115172441496,-0.006158350740719465
2017-01-12,-0.0025101311728442655,0.004377690604129958,0.0003684149228693201,0.0051029046889012886
2017-01-13,0.0022954815278821705,-0.0008172831104324985,-0.001749416936463466,-0.0014501502434126623
2017-01-17,-0.0035232489250236476,-0.0005453435247111393,0.0034127343573864266,0.007746960183751206
2017-01-18,0.0022096702461533724,-0.005455518878614507,-0.0043202115493715665,0.0016818049037425897
2017-01-19,-0.0037042789022909695,-0.003017039498521168,-0.0025849471060293006,-0.01019339262935115
2017-01-20,0.003674049145127478,0.0019258377371667024,0.0003703132036088075,0.0072690814699512
2017-01-23,-0.0026024213191001566,0.01482701769928707,0.0027750927600955766,0.008419502244311206
2017-01-24,0.006411853593918382,0.006222991530447253,-0.001568055505027921,0.0002388253021630149
2017-01-25,0.008655616087227536,0.011024348314439436,-0.002679712519939259,-0.006558547194701725
2017-01-26,-0.0010456715072862943,-0.0042553170341954605,0.0006483357832700598,-0.0019205487415711042
2017-01-27,-0.0015696879906955674,0.0008012231645140311,0.0008335677885005222,-0.009741267409063004
2017-01-30,-0.006201486420027158,-0.005337897162370098,-0.00046260643473272633,-0.006800975200459192
2017-01-31,-8.799029318351526e-05,0.0018783621975158038,0.002406211716049267,0.007214310626512566
2017-02-01,0.00039568131046419097,0.0005358921374920556,-0.001405921522811715,-0.012018998515531565
2017-02-02,0.0006588724739897689,0.0042822775852418005,0.000555922644736917,0.011919367051832941
2017-02-03,0.00689282887652376,0.006130424475680574,0.00027798863454520095,0.005464651759598871
2017-02-06,-0.001787493951770358,-0.0023844255562009975,0.00286987333455313,-0.001691206354226149
2017-02-07,4.3421981669844456e-05,-0.005044957253814597,0.0010160621341561704,-0.003508049211651043
2017-02-08,0.0013104554591032436,0.006138416546228154,0.002858484561549801,0.007891373774637112
2017-02-09,0.005932772014759724,0.004509075832446419,-0.0023906517323426524,0.002409169035768599
2017-02-10,0.0039460963347675015,0.009242329324308685,-0.00018489362962748057,0.007089541905022756
2017-02-13,0.00544255462729426,0.0031395475184354815,-0.001475260792108135,0.000357429979680024
2017-02-14,0.003995174866417983,0.0010432202290662218,-0.002215707567193137,-0.0052482198932507496
2017-02-15,0.005220354639304592,0.008077383187102605,-0.0015734365909231274,-0.0033567833315266693
2017-02-16,-0.0008511731446732007,-0.0036185416345697607,0.0021318116060264902,0.005895034935480936
2017-02-17,0.001576293364775161,-0.004150451614044703,0.0022197590502284203,0.0019133339752310796
2017-02-21,0.00595540214614898,0.010940456929582787,-9.182477840030678e-05,0.012773524751279464
2017-02-22,-0.0008881522193184832,0.003091698646798813,0.0006455494356558678,-0.003300571430320476
2017-02-23,0.0006770935745259443,0.0002569124570501735,0.001660439039776307,0.00520327587695002
2017-02-24,0.0012688125633391056,-0.011812898203502287,0.003683306149478538,0.0047059737083889885
2017-02-27,0.0015627691814263933,-0.003118212995842029,-0.001835704823417772,0.005269422657453227
2017-02-28,-0.0026988942249476233,-0.009645908523278401,-0.0002748114019944792,-0.0068725462337936305
2017-03-01,0.013997352087997905,0.015530553782289402,-0.004698969927260044,-0.0030495926367620774
2017-03-02,-0.006297371601523771,-0.017625748207350633,-0.001850537381879347,-0.005411717006357564
2017-03-03,0.0006295707867318701,0.007651522234156882,0.0007417325830647581,-0.003903540435724384
2017-03-06,-0.002977768200398523,0.0005239035425446126,-0.00046314852249362826,-0.004512603023923978
2017-03-07,-0.002987032515249566,0.0010469527787435595,-0.0012980340929589218,-0.004771202791123641
2017-03-08,-0.0018566667544206439,-0.009412109686406933,-0.002413638036651955,-0.018458837632497116
2017-03-09,0.0012683180804355931,-0.007917630846896007,-0.003070546202211699,-0.015020228915291756
2017-03-10,0.0035041988699084925,0.01117342145029232,0.001493523373366612,-0.0030992217804877153
2017-03-13,0.0005046779852655447,0.013943595137992482,-0.0016774799323020506,0.0024873007579109263
2017-03-14,-0.0038263102538993454,-0.005708359893639936,0.0003729019579592485,-0.00024812636739646177
2017-03-15,0.008653518940472171,0.026095884328151575,0.005786187592705216,0.020225606001194052
2017-03-16,-0.0019670557259185983,0.006104029398378064,-0.0011134000797933252,-0.0019456810900446708
2017-03-17,-0.0017561610122204252,-0.0017695110587651053,0.002136228719919142,0.004630569737758217
2017-03-20,-0.0010969218075992382,0.011648608569087004,0.001482868812446858,-0.000848935041309784
2017-03-21,-0.012839540138831151,-0.011013891956748512,0.0020366166840153355,-0.0043704493779597176
2017-03-22,0.002353057773800016,0.0048088513511357345,0.0013850440567564348,-0.0005528933421178328
2017-03-23,-0.001066951906266378,0.0002520471773010957,0.000276661802127931,0.007373899162630204
2017-03-24,-0.0007265331807231323,0.002518307342665116,-0.0008295752469988926,-0.0010981686072778496
2017-03-27,-0.001026320463668462,-0.0027633320887053836,0.0023991530168352426,-0.009037512791888025
2017-03-28,0.007276957041352672,0.0027709892522236323,-0.002301720691738729,0.0043136944441724
2017-03-29,0.0009348634488601792,0.0017582813714875911,0.0022145869411753782,0.005644524097829118
2017-03-30,0.0031843287514712326,-0.005265937147048705,-0.0018411857380418173,0.0018303786625351037
2017-03-31,-0.002327861082305427,-0.007058183202588553,0.0007381037787823619,0.005968413001907091
2017-04-03,-0.0017389521637038996,0.005585000751300084,0.003712349132503512,0.0029059895536289737
2017-04-04,0.0006372102287417469,0.0005051218625657938,-0.0009200006798831817,0.0
2017-04-05,-0.002972598703199325,-0.003028022290525345,0.0011058275627318093,0.0014487846238322444
2017-04-06,0.0028112651522864684,-0.0017716322936028872,-9.180323859525608e-05,0.00530430934261239
2017-04-07,-0.001019358190437969,-0.0017750134345988489,-0.0022090552561460086,0.0014389910805996387
2017-04-10,0.0005950333998403501,-0.004063947187908701,0.0012906423696774638,0.006226775087857295
2017-04-11,-0.0011896573631692275,-0.002295342941463052,0.00285526661365898,0.006902130126494654
2017-04-12,-0.0043819052859243035,0.0048567925656872735,0.002204348222937691,-0.0017727713067883233
2017-04-13,-0.006494932189236691,-0.00432446024758637,0.0012828400332061118,-0.0022495490409322194
2017-04-17,0.008859850920651002,0.010474984105212748,-0.0005488797692146941,0.012104016067814971
2017-04-18,-0.0029842054591306955,-0.012642007167713687,0.004029327368016089,0.002696740554780197
2017-04-19,-0.0018384733700123057,-0.006145813981058401,-0.0015510909464435674,-0.0014032765099714073
2017-04-20,0.008138958047684497,0.012367938078158724,-0.0015522508395937606,0.00011729271311633482
2017-04-21,-0.003186811252962607,0.0,0.00027384760715931655,-0.0036296736764896975
2017-04-24,0.010997956514612994,0.014252773033789135,-0.0014634278014278301,-0.011045700549388138
2017-04-25,0.0058185556556757945,0.008782818489707411,-0.003296799792118388,0.004158454865438754
2017-04-26,-0.0006286826876045204,-0.0037311277829922274,0.0012862248035727664,-0.007454678305244489
2017-04-27,0.0008385009978315594,-0.001248522599087143,0.0009175518246364867,-0.0026225899776057826
2017-04-28,-0.0021792616664415565,0.001499889811878985,0.001742556810972351,-0.01039923915804064
2017-05-01,0.002520432723669863,0.005741491547054167,-0.002577711064853383,0.005918409647574174
2017-05-02,0.00037703354010387713,0.007197924845687487,0.001379808995332299,-0.0016809975496712148
2017-05-03,-0.0012145341333701376,-0.0066537827330424015,-0.0010106149498825268,-0.013351177022623784
2017-05-04,0.0011739933323595686,-0.011163302116076634,-0.0008267741419260011,-0.004876010103622486
2017-05-05,0.003937093238020717,0.008279129837588828,0.00018340107239378511,0.009432398675471632
2017-05-08,-0.00016677605702009046,-0.0002490903784279075,-0.0019319069846219783,-0.0070384064477335695
2017-05-09,-0.0009180803319558395,0.012692939091936362,9.231060730674479e-05,-0.0053776975383034165
2017-05-10,0.0017957788569649136,0.006635451637101442,0.0002766366341859783,0.007864217868098544
2017-05-11,-0.002042692948374669,0.0021976177135127895,-9.20968585806925e-05,-0.004998664796290075
2017-05-12,-0.0016711629816432705,0.004141042856817823,0.0036856513896403875,-0.004043503730204567
2017-05-15,0.00552357012084892,0.010189046904906629,-0.00036697894942849807,0.0029524288253528486
2017-05-16,-0.0009155623248403577,0.000960768794534772,0.0012853904431686658,-0.006746614487577185
2017-05-17,-0.01774406504585624,-0.017034475237717284,0.005136660831456252,0.004075530611320266
2017-05-18,0.004028594867545143,-0.01659754491108767,-0.0005472865355587997,0.005535103861895152
2017-05-19,0.006503745310579401,0.021345302356903018,0.0,0.0053824340085997235
2017-05-22,0.005077754706781512,0.0009718684884045814,-0.0006390286692995462,0.003892964485953998
2017-05-23,0.002212725888387279,0.00097137852732887,-0.001919291912967025,0.0008485704653604653
2017-05-24,0.002332996100512519,0.0038807237446112364,0.001739718197609541,0.008113379974677537
2017-05-25,0.0047795584385841305,0.00483206778370926,0.0004568753999998343,0.00012045092128176726
2017-05-26,-0.00020709295926035765,0.0036062021825240542,-0.00036492368178331347,-0.007206638955755018
2017-05-30,-0.0008686927839836045,-0.005270449656920473,0.001918664930693481,-0.006290870466663989
2017-05-31,-0.00024837221009987864,-0.007707125409076476,0.0010029844969616786,0.0006089546609617802
2017-06-01,0.00795235650978987,0.00849491831063598,-0.00045656790117099,0.00523167951556891
2017-06-02,0.0033283346298811356,0.005054399782155716,0.0032880082626851603,0.010288183686798513
2017-06-05,-0.0007373280765676782,-0.001197285943048687,-0.001547188359020013,-0.00431322096944009
2017-06-06,-0.003196822553871881,0.0004794660622922109,0.0020059257639766237,-0.004812969763129504
2017-06-07,0.0018501995014663652,-0.0011982586293036723,-0.0011830635945385692,0.0070128690806858796
2017-06-08,0.000492556980754566,0.005998144640275482,-0.0010025395955708394,-0.00240147680409164
2017-06-09,-0.0015176157379962474,-0.007632097770710833,-0.000820461611493073,0.006980084419823784
2017-06-12,-0.00020540076399855334,-0.005286691593116233,0.0,0.008964016832662791
2017-06-13,0.004889744408475671,0.00483206778370926,0.0002734749221098287,0.00225048746883183
2017-06-14,-0.0012673474506122995,-0.0002407055153911264,0.0031940490225390583,0.0014184328732118612
2017-06-15,-0.0019245935260772118,-0.010341369567767211,-0.0006365811837506508,0.0050748476480773075
2017-06-16,0.00021877540771475523,0.0017010252809546156,0.0006369866774837973,-0.0025831080989461297
2017-06-19,0.008324746291509921,0.00994663403669338,-0.001364330139923986,0.00011761173810675984
2017-06-20,-0.0067441317816326896,-0.011052615278409283,0.0015484241969687673,-0.0023545503561825942
2017-06-21,-0.0002467090252097348,0.0021965129024426044,0.0001818598877088018,-0.0020054670127135354
2017-06-22,-0.00045292664579466013,0.005112982650957054,0.0004544343314518695,0.0009459145900594379
2017-06-23,0.0011944242844745823,0.005329494148066161,0.00018192110991521737,0.003469791629791441
2017-06-26,0.0006579489389961779,0.009638549087042092,0.0009086442878671885,0.0071300994208181034
2017-06-27,-0.008056082410052845,-0.011694596130869761,-0.002996175073095575,-0.00896755762208501
2017-06-28,0.00895022513235788,0.007727665996484223,0.00036453801806324293,0.0023814174944873923
2017-06-29,-0.008788850625041866,-0.012700747039842697,-0.0019118428228521722,-0.01140283827341737
2017-06-30,0.0018645996327819603,0.004611882592301608,-0.001276441250200655,0.0
2017-07-03,0.0016955929317383767,0.005798295877111892,-0.0017841300397808402,0.012736008014121891
2017-07-05,0.002311856824653402,-0.0019218465453674227,0.0005496018813582193,-0.014118038977302572
2017-07-06,-0.009144235828891012,-0.012033494627470498,-0.0019238844957543133,-0.01877233922003596
2017-07-07,0.006485112837173679,0.0019486606144121232,-0.00036744072277250517,0.005641060873596837
2017-07-10,0.0010738157245082647,0.00948230464975941,0.0004600493632342939,-0.009146129813784154
2017-07-11,-0.0007427298506786917,0.008188758848505007,0.0009172690357837077,-0.0011076978683184358
2017-07-12,0.0075147329607598845,0.01935036458971484,0.003026057165328666,0.012321096579037683
2017-07-13,0.0016805225143210478,0.004921261451386272,-0.0010970000741336028,0.0015821788922805169
2017-07-14,0.004664001747366253,0.012593381957213934,0.001006924751906224,0.009600526102985896
2017-07-17,-0.0001221802011464046,-0.004606223670862164,0.0004571842387663949,0.008064514063351735
2017-07-18,0.0005294648166218607,0.0030078143785727818,0.0022848765842706786,-0.0021493916102452992
2017-07-19,0.00541397678696498,0.008304527442880127,0.00027343617178021695,0.007538438454133711
2017-07-20,0.0004455888751828674,-0.001143809466363721,0.00027309585354617916,-0.004631727290872689
2017-07-21,-0.0008905688049741789,-0.0006870502581897142,0.0017314063428555126,-0.0007157183298288627
2017-07-24,-0.00024298314545823096,0.0029795488930790537,-0.0009095287068727753,-0.001910732658841785
2017-07-25,0.002430775779383554,-0.0025135690757578377,-0.003550612207145032,0.0013155508033642072
2017-07-26,4.0444100218639534e-05,0.008247236202745256,0.0019185167706265993,0.0069299523540748975
2017-07-27,-0.0009294708826960152,-0.005453430304336648,-0.0014592275438388702,0.0011866115523748721
2017-07-28,-0.001173004202652761,-0.00045702411646786345,0.0020095363164591706,-0.0027258836313632795
2017-07-31,-0.0005671746153040891,0.0011425512883302957,-0.0004560745016111145,0.0013071121886647497
2017-08-01,0.002228939928738516,0.0029685170727420385,0.002741858118783691,0.004509916854327223
2017-08-02,0.00048503104791852714,0.0009106132005571865,-0.0007292747783184117,-0.009097129536009274
2017-08-03,-0.001939889401037398,-0.004093449687360029,0.0020067262096792327,-0.002027569978567234
2017-08-04,0.001822313733124581,0.0036536720689150926,-0.001638314091618187,0.003346020268586658
2017-08-07,0.001859091744250474,0.006825590473247267,-9.171166030708111e-05,-0.0010721958736201742
2017-08-08,-0.002461061145649257,0.00022603329845627407,-0.0009111037220588258,-0.004768132694445204
2017-08-09,-4.018775947234321e-05,-0.00903729263426134,0.0009119345890571395,-0.0033532886206942836
2017-08-10,-0.014115440694150272,-0.02371181881397011,0.0010035306926023946,-0.007210900176827906
2017-08-11,0.001476702637352778,0.002335166043401893,0.0008194449348539745,-0.006173297464863725
2017-08-14,0.009913485030872193,0.010251594996506519,-0.00045511944548104477,0.016686381130724293
2017-08-15,-0.00012141118902564418,0.0011532568298884271,-0.0014566041471965052,-0.0029948073519279195
2017-08-16,0.0017441694476911795,0.010366391199327252,0.0018237867461481372,0.003965350046600591
2017-08-17,-0.015590774712785582,-0.012767763800345389,0.0014565144177460798,-0.006223808912217743
2017-08-18,-0.0015633167343929166,0.008544784598275124,-0.0006362101989876301,-0.01011694333792812
2017-08-21,0.0007824865198258202,0.0036641390439187127,0.0007273084308638822,0.010706978673427514
2017-08-22,0.010457205822065552,0.011179212510278758,-0.0009086509435499712,-0.0028891451922906652
2017-08-23,-0.0035852306257874167,0.004738152572688614,0.0022743545020493805,0.010261738002510734
2017-08-24,-0.0023307729582922043,0.0031441506945169007,-0.0012706604355902096,-0.003106435122673723
2017-08-25,0.0023362181523864933,0.005820463653044339,0.000726801594789217,0.0047948670738791055
2017-08-28,4.084565355833014e-05,-0.003561279655510785,0.0003633568718890423,-0.007635469621780855
2017-08-29,0.0011448454819198428,-0.001786744192302403,0.001452459720435506,-0.0010821883690845802
2017-08-30,0.0047374056767985895,0.0015664466808811284,-0.00018121728118913882,0.0056567823442414955
2017-08-31,0.00601627149753492,0.0015636851067304391,0.001359683452759608,0.005744404801758085
2017-09-01,0.001414296011456706,0.00736114218489714,-0.002267770659573176,0.003450544350006579
2017-09-05,-0.00718233780480193,-0.013064559308072488,0.004091476288924589,-0.0027275632138876738
2017-09-06,0.0034136683570586968,0.0065067541689893815,-0.001086421811741678,0.002616348397732615
2017-09-07,-0.00012151711644270424,0.007355906746680629,0.002447699471111786,0.00640376537239673
2017-09-08,-0.0011745016768287542,-0.00663860938332661,-0.0011759941856244183,0.0008251642366472467
2017-09-11,0.010666020756246342,0.013366053673041556,-0.0027160445396979815,0.00918383109518306
2017-09-12,0.0033705192041739718,-0.001099257290910316,-0.0014527714077448017,-0.011783903403338014
2017-09-13,0.00047987530365856124,-0.005281504756086464,-0.0010000246203194507,-0.002597311888033027
2017-09-14,-0.00031957727005615943,0.0026548764515945678,0.0005460620118371562,0.00828586074736104
2017-09-15,0.0013458937044239505,0.005957783430001307,-0.00018200929998024584,0.0018786560217611825
2017-09-18,0.0021270764658256613,0.0035095191717009477,-0.0004555020191840953,-0.005390189996342443
2017-09-19,0.0010011571029615585,0.0021857149274826515,-0.000545407891777594,-0.006597499681751828
2017-09-20,0.00036003383859273264,-0.004580142917253505,-0.0008198793934425241,-0.0027277598733418396
2017-09-21,-0.0026795806903406882,0.0,-0.00018255059586769207,-0.0019031337142342286
2017-09-22,0.0002006775794856086,-0.0056967595967449824,0.0007298948956639961,-0.007053392330290009
2017-09-25,-0.0020444803176534743,-0.016968098372488027,0.0023684240201398143,0.005818758773319388
2017-09-26,0.0006025865987868695,-0.0026897812391172282,-0.0003636877551659312,0.0016872484661232257
2017-09-27,0.0038942916001791783,-0.003596395953474496,-0.0029089779856324993,-0.009024031431440038
2017-09-28,0.0011995666521165127,-0.000676561456639968,9.091175228825854e-05,0.006799363657004287
2017-09-29,0.003515119156299207,0.011512270532374469,-0.0008205119885477119,0.002050000841465671
2017-10-02,0.004338718284544241,0.00022331226463756515,0.0006125802379073342,-0.001444043092502123
2017-10-03,0.002140290582824722,0.01584084129258967,0.0008219176874129097,-0.0014461313685156796
2017-10-04,0.0011861672284123603,-0.00021947450715253947,-0.0002735125880556355,0.005069139508594889
2017-10-05,0.005925113712431429,0.007469287509445088,-0.0004565666312724703,0.0036028411923050285
2017-10-06,-0.0011386831767424832,-0.005015238973404501,-0.0014622978384040142,-0.0032308598820814938
2017-10-09,-0.0016511180519689361,-0.0006574899333318118,0.001372950464985756,0.0024008603599230405
2017-10-10,0.0026383982089246416,0.009868429773910004,9.136338242066167e-05,0.002994108274008367
2017-10-11,0.0015710110079285577,0.004560251113708169,0.00018262189129436557,0.0033435090024804826
2017-10-12,-0.0014901841977784658,-0.00043232370018431165,0.001187839444098504,0.006426032258317171
2017-10-13,0.0012173202603227296,0.009083126622857929,0.002463297761563066,0.0026013616970614883
2017-10-16,0.0013337571983900176,-0.0006429760743540403,-0.001000800429519333,-0.004953282758570099
2017-10-17,0.0007049259868554536,-0.0051470183491727495,-0.0003644758691914163,0.0011856428611016767
2017-10-18,0.0009785555795898127,0.002371467969645824,-0.0015498291308765344,-0.0010659769870162705
2017-10-19,0.00027372226812194533,-0.008817441286056882,0.0007306137375646671,-0.0029627577099631264
2017-10-20,0.005160576246457715,0.0036884569457398264,-0.0029192648945894906,-0.00570526832218432
2017-10-23,-0.0038894576752226406,-0.007998139228937995,0.001097046547618774,-0.003825693519084683
2017-10-24,0.0017572156064467048,0.0,-0.0021010224734966387,-0.006000243171973674
2017-10-25,-0.0049500856374365965,-0.002179046820780295,-0.0006405957965143205,-0.002897596534048086
2017-10-26,0.0012926365865573164,-0.00677025381800378,-0.001100093665825308,-0.008233151611364287
2017-10-27,0.008176129617249561,0.014511974917437831,0.0022014594352435246,0.004517330631442551
2017-10-30,-0.0037251779548762576,-0.006285248516591846,0.0027461991961761356,-0.0008512106231085559
2017-10-31,0.0015579780843468782,0.00937853275798095,-0.0006391658827964442,-0.00012176916959638628
2017-11-01,0.0013220085122669367,0.0051857419575687125,0.00043945965063962866,0.00486642710474916
2017-11-02,0.00038839207771945716,0.001289822159672438,0.0005490612339418277,0.008474605986509731
2017-11-03,0.0033389425373211434,-0.005152542819562456,0.0009141595386294998,-0.002521162568173363
2017-11-06,0.001547662671664618,0.011221512358955854,0.0009141165141761665,0.006740008549546372
2017-11-07,-0.0006954995539673048,-0.006402119552274321,0.0002737471474782982,0.008129008547265837
2017-11-08,0.001700860332481291,0.004725118599847589,-0.000639095844602644,0.004980301099806406
2017-11-09,-0.0036277240960634893,-0.00619945837116731,-0.0007301713796563636,0.0010618343768273864
2017-11-10,-0.00030982791929856646,-0.0043019492047730035,-0.004020681158144801,0.0010611425680047137
2017-11-13,0.0009299064888834696,-0.0021599163838527113,0.0,0.0050628619784485185
2017-11-14,-0.002322640049584823,-0.006711422233000586,0.0010091618036895955,-0.00210867749072996
2017-11-15,-0.005005220710720626,-0.005231256799919315,0.0019247516977625168,-0.010096191741772564
2017-11-16,0.008501072027799594,0.02081489896975408,-0.0010971285152184818,0.008301610634994905
2017-11-17,-0.002938814641138654,0.004936857330262612,0.001098333528251505,-0.004351841029869075
2017-11-20,0.0017064055205564532,0.005126230547094268,-0.0005491369176389149,-0.002953493840692878
2017-11-21,0.006542670047964494,0.013386936147049555,0.0010068487221694955,0.007464537410755145
2017-11-22,-0.000884544900512374,0.0025159668439174165,0.0017377133372691311,-0.002234715755600747
2017-11-24,0.0023097200372594884,-0.002091344781475768,-0.0001823222812684655,0.0012971934094951898
2017-11-27,-0.0004990436276394172,-0.01467194547423989,0.0,-0.004709507628859355
2017-11-28,0.010144852339347254,0.007445010602522784,0.0,-0.003784163067669599
2017-11-29,-0.000608841006030092,-0.015835837475157377,-0.0024651407711704376,0.000356171488475443
2017-11-30,0.008754990444435062,-0.010942018604454429,-0.001647547233007307,0.001542485279330652
2017-12-01,-0.0020753759495992785,-0.00563981499179711,0.002857241738913663,0.0023705371233140315
2017-12-04,-0.0012100325397890188,0.0019632305600969513,-9.17332576461094e-05,-0.004965551965699033
2017-12-05,-0.0035964696216834735,-0.0006529929603309448,0.0010079257938406805,-0.008316531327807741
2017-12-06,0.00018969309532312906,-0.01350765286093969,0.0010061193057486761,-0.0009581864057398581
2017-12-07,0.0031534704348119558,0.0028708716714407334,-0.0012793402540720589,0.002518125311403052
2017-12-08,0.005452627505896146,0.011671384679029284,-0.0003659060384262336,0.0051437230252013855
2017-12-11,0.0030132824627027155,0.0050065057347128405,-0.0003668320784795398,-0.00011925707168425337
2017-12-12,0.0017648219168355794,-0.006714231386833691,-0.0004580040163835175,0.004880095056026157
2017-12-13,-0.00011223216620781518,0.011993258126886452,0.0028412431601536614,0.0016578843061083592
2017-12-14,-0.004086478108492719,-0.007326147888576329,0.00027386833222187157,-0.00023686669448796938
2017-12-15,0.008327242906416066,0.002170432221229035,0.0002746714545671658,0.0062688630482747865
2017-12-18,0.006341632999689928,0.011262731126188585,-0.0012790486476540464,0.006582174842914679
2017-12-19,-0.0038406563700366103,-0.005283218726988226,-0.0029268569671598854,-0.021251490897141734
2017-12-20,-0.0005239713834099824,0.0013115753331325308,-0.0022934900269416802,-0.011572602778281649
2017-12-21,0.0020596907602099535,0.006548486869779824,0.0008834188432937928,-0.0038735031902596972
2017-12-22,-0.000261422722415916,0.008458283899965613,0.0004594172728005219,0.006890970535351926
2017-12-26,-0.0011964865060325458,-0.0008602477194274982,0.0008262007375714475,0.005009854500912736
2017-12-27,0.0004867903993002187,0.0025828665579412657,0.003120448317574631,0.0032830879072687225
2017-12-28,0.0020572619782686097,0.006869769004263171,-0.0007318926231693057,0.005333217021294745
2017-12-29,-0.0037705192497919926,0.004690766293598214,0.001007034464256984,0.00036158858920432024
2018-01-02,0.007157340269512424,0.018887865274901605,-0.0014632958170283095,-0.00373581477757845
2018-01-03,0.006325166390298342,0.009581560904850184,9.178250871788585e-05,-0.002903447253194802
2018-01-04,0.0042147130207752515,0.004951232350609125,-0.000641274721809304,-0.017226629152347628
2018-01-05,0.006664060249235826,0.00862283708520506,-0.000641157937221859,0.0004940479322512736
2018-01-08,0.0018287492457935706,0.0,-0.0002752351613094506,0.0051818066187390155
2018-01-09,0.002263380914194979,-0.0016286745168238026,-0.0027518755777872217,-0.012888244005317628
2018-01-10,-0.0015298422517454613,-0.006319973486311858,0.0,-0.011191247257658854
2018-01-11,0.007296254169472771,0.00615510893307003,0.0004595286084836392,-0.003395059615047935
2018-01-12,0.0065188949461219,0.00958412231959116,-0.00018434532764532996,-0.008075930669527942
2018-01-16,-0.0034184313362239926,-0.0038376853653100396,0.00027617141604641127,0.001908154229207648
2018-01-17,0.009531917858002892,0.013179531730008964,-0.001103497443911694,0.006983174566261852
2018-01-18,-0.0016808606768444756,0.0012003534236471047,-0.002208106695064771,-0.012860808967409043
2018-01-19,0.004549198063631854,0.008195190389788554,-0.0021221624008969098,0.00536455044973172
2018-01-22,0.008131053265406196,0.0057494201950563095,-0.00036915776970092296,0.009147253982376924
2018-01-23,0.0021228919009450564,0.0047308379393429245,0.0024039206826993453,0.013848937630946967
2018-01-24,-0.00038820861345867375,0.008436500233653277,-0.0010149179287485266,-0.005215460941063843
2018-01-25,0.00042352601864359407,-0.0005837911904296167,0.0025859149826665817,-0.0017476878366324833
2018-01-26,0.01157798660522924,0.013821311543088965,-0.0018422548491474622,-0.003501300659109585
2018-01-29,-0.006630021306947564,-0.015169044106860041,-0.0017534609134236545,-0.013427110099244355
2018-01-30,-0.010256945316616473,-0.013647647444362643,-0.0015715624369492254,-0.007249946689143472
2018-01-31,0.000496164146759126,0.008697339397691684,0.0008334911342282592,0.017937222114441598
2018-02-01,-0.0011349814708417894,-0.013521590786791604,-0.003133542034697845,-0.02152288185419149
2018-02-02,-0.021769851864777756,-0.025625881421404317,-0.00297659429970909,-0.008489944989057419
2018-02-05,-0.0418224297452261,-0.03506601480646421,0.004011429753751683,-0.029709222317791717
2018-02-06,0.019702297931078583,0.03253733767066436,-0.0028807543841400385,0.00013361064070438466
2018-02-07,-0.0054249181993488715,-0.031512020421524345,-0.0022357367950456286,-0.0042780890282604345
2018-02-08,-0.037508844917551354,-0.034650388094218054,-0.001681544553948533,-0.028732715149677013
2018-02-09,0.01502146685992889,0.015977019894657385,-0.0013090347879199937,0.025020856568030325
2018-02-12,0.014684187911536473,0.015726262346981823,0.00028093284789143524,0.00040471123884588955
2018-02-13,0.0024876066003087782,0.007635205921486143,0.00028085394679222553,0.007009989813959283
2018-02-14,0.013496249055926723,0.025047275290762006,-0.003370198411704939,-0.0072289434305014
2018-02-15,0.01276025443551787,0.02053391161154483,0.0012210765263478418,0.009708542345318927
2018-02-16,0.00029293168384803003,-0.003219530744615451,0.0019703862041491327,0.005475608621027694
2018-02-20,-0.006260989634293335,-0.013726068166095673,-0.0010297013139214384,-0.011820986997451488
2018-02-21,-0.004974518405476025,-0.0008187905205919721,-0.0031871617262440033,-0.01975759193631965
2018-02-22,0.0012962466913601922,0.0006146430280706827,9.39151796313098e-05,0.011380188337072106
2018-02-23,0.01593936403541729,0.017809573014701652,0.0025386259751121187,0.015997889745382965
2018-02-26,0.011612190632031005,0.009251932687253994,0.0007501576050115144,0.00280242201670311
2018-02-27,-0.012486687152644227,-0.029095130939545077,-0.002155367165157296,-0.023286758206827796
2018-02-28,-0.010130125582032079,-0.01436812542901067,0.0027235461570183084,-0.0006812695110804956
2018-03-01,-0.014540369921440255,-0.001874171441282435,0.000891647261757722,0.0009544840957258494
2018-03-02,0.005154550955311699,0.004172911140932101,-0.0015942428584216906,-0.0004085938192504024
2018-03-05,0.011557862076299052,0.0014542830639547866,-0.0005632870521597999,0.011309285336261521
2018-03-06,0.0025354611719754505,0.009336146509163257,0.00018804795258753337,0.0047156401167225415
2018-03-07,-0.00036665094551213695,0.0010276706561753723,-0.00018801259720346852,0.006168742617390421
2018-03-08,0.004839007056642419,0.00020513501571017834,0.001597418817127938,0.0018656023985428316
2018-03-09,0.017402271293017302,0.02135110642518301,-0.0018771214204807984,0.005454553732817891
2018-03-12,-0.0012546916092266436,0.002411968046049928,0.0005644832159754642,0.004366358313494301
2018-03-13,-0.006463031845191702,-0.009023323363446245,0.001315425880137111,0.0009221582697935826
2018-03-14,-0.0051313594916249095,0.0016186540424503182,0.00168910414299428,0.0009213086773778301
2018-03-15,-0.0010897187311107448,-0.0036363636363636598,9.407410208051026e-05,-0.0002629303105803338
2018-03-16,0.0010844319790057622,-0.002230255128035763,-0.0005623310408884308,0.006970645208747905
2018-03-19,-0.013530698966895738,-0.010770090262230747,-0.0010310870551022422,-0.00862046076396994
2018-03-20,0.0017010636549861236,0.011092755439886748,-0.001594482176434986,-0.0034258056727412
2018-03-21,-0.0019192808890047264,0.005891929000915397,-9.445565949373069e-05,-0.00740325844287304
2018-03-22,-0.02499697535840406,-0.033326644375692216,0.00187976429334058,-0.005860442860233128
2018-03-23,-0.021314897504724928,-0.020267334415707494,0.0,-0.017818988440539196
2018-03-26,0.02735887773507706,0.03241606076857484,-0.0003753551362873919,0.011376945156852836
2018-03-27,-0.01701145160688966,-0.018177811499966556,0.002908838185151419,0.003812858023703569
2018-03-28,-0.0029548360801761042,-0.00504963430675176,0.0005618789432308979,0.0250986381978493
2018-03-29,0.012777574646696044,0.02093470725804769,0.002898593757210799,-0.0011910815154738685
2018-04-02,-0.021584617870263,-0.018019836003221545,-0.0009998489347042838,-0.013515611097671298
2018-04-03,0.012817045251619641,0.009913535658642614,-0.0011226083648249174,0.008462087611106783
2018-04-04,0.010699007690958107,0.00041777468159143183,0.0003745339773184586,0.010522454972265338
2018-04-05,0.007891927717471381,0.0025050275547293666,-0.001404043577610592,-0.0003958561818209194
2018-04-06,-0.022285628161225923,-0.019575114040394248,0.002249431491861964,-0.00751564582953268
2018-04-09,0.004928329344023874,0.0010621355628224194,0.0008421456639762237,-0.0031887509246081303
2018-04-10,0.01590033571898508,0.019520245661838187,-0.000747706225653122,-0.001066089032363493
2018-04-11,-0.0052425290729712914,0.00041620134764963623,0.0008419774206538388,0.0021350017565560098
2018-04-12,0.008227395472663712,-0.0004160281961537171,-0.0022435328664768273,-0.01118381965964299
2018-04-13,-0.002933105623078691,-0.009989404310629557,0.0002817089976441256,0.005251255869639371
2018-04-16,0.00822154135667219,0.0012612027067038234,0.0001870978769393794,0.006161472512961952
2018-04-17,0.010698572574607823,0.0020995491335560335,0.00028095164799801786,0.01171422230906316
2018-04-18,0.0007404526665408806,0.00859000091648432,-0.00280801290174848,-0.0021053698554230893
2018-04-19,-0.005547757549665633,-0.005816400271556943,-0.002440129681706593,-0.01450404186469012
2018-04-20,-0.00847958832164819,-0.012536564581252518,-0.002728361329486728,-0.009231904602552965
2018-04-23,-0.0001496528241787809,-0.008040593755591185,-0.00047163509649295055,-0.000810269582647738
2018-04-24,-0.013467410981678252,-0.004692767320853775,-0.0013210032491438595,0.003784139279758625
2018-04-25,0.0024716950417982275,-0.007715386902690469,-0.0013233819054354612,-0.0018851442240438443
2018-04-26,0.010165549350456882,0.014470823935307964,0.0017035135146850067,0.013085213891893543
2018-04-27,0.0009391479463218833,0.00617407174624196,0.0012281328702195005,0.017176993724862477
2018-04-30,-0.0076907642222935335,-0.007194179757669561,0.0001884554852926712,-0.003926843686692383
2018-05-01,0.001776693499896842,-0.00490217182368502,-0.0008509957181043193,0.00906824421745367
2018-05-02,-0.006717119035560937,-0.00792439747109941,0.0,-0.003646699261924513
2018-05-03,-0.0022038033993294626,-0.0021589273951886367,0.001135897673162134,-0.0006538794081223376
2018-05-04,0.012946401962755871,0.004543338714250611,0.000661667679747735,0.01098759214463163
2018-05-07,0.0033831029597926054,-0.005814860875245964,-0.000471998899148951,0.006727982407960242
2018-05-08,0.0,0.005632150831059279,-0.0011348439751500683,-0.005012346883366492
2018-05-09,0.009666070922712322,0.0019389678060297566,-0.001135322557543117,0.00671675186598919
2018-05-10,0.009350470175208958,0.020855812363082205,0.002274037632955528,0.007826450800930473
2018-05-11,0.0030510853107432734,-0.0016848877005223306,0.00047222178731276543,-0.003437425935158056
2018-05-14,0.0004765579978529555,0.0012657260274264726,-0.0009446273700002283,-0.008558682088661174
2018-05-15,-0.006886897156787808,-0.020648935380655042,-0.004443937510122065,-0.016235276616768046
2018-05-16,0.004204977270255705,0.01506037186621656,-0.0011400872228214398,-0.0030123429850776873
2018-05-17,-0.0008448745332537699,-0.015260701218677508,-0.0013311371019613105,-0.004991931434669028
2018-05-18,-0.002499985597702592,-0.008394365608418997,0.0025708220221545286,0.0013198642312997055
2018-05-21,0.007518690103277992,0.006077740272523391,9.502840499386878e-05,0.01186704799842131
2018-05-22,-0.0027804601806480367,0.0034518304662951582,0.0,0.0014335680317743016
2018-05-23,0.0027515755549420984,-0.00043008071375083556,0.002753211266133704,0.010019675407237916
2018-05-24,-0.0020486957376268933,-0.0053773860315456945,0.0027470043110151554,-0.0020612962029182835
2018-05-25,-0.002382784765125101,0.00410888083492722,0.002171766265296693,0.0034855973792911055
2018-05-29,-0.011500852304004883,-0.023260726002279686,0.006596191612453506,0.004760026769369263
2018-05-30,0.013344378970326032,0.00793815685639565,-0.0025277423285783307,0.01357233946196601
2018-05-31,-0.006125666653822637,-0.0004374074454863708,-0.0008444181458578948,-0.003410613098739579
2018-06-01,0.009817556996953414,0.014007574420126456,-0.0012334452544195962,0.0044364716259226444
2018-06-04,0.004751635530370946,0.010144431625807027,-0.002356576386456366,0.008707693125321159
2018-06-05,0.000727390265047756,-0.007692307692307665,0.0007558175332076367,-0.002627544055889941
2018-06-06,0.008360597944406578,0.01507314699250184,-0.002265919485732737,0.0023837364776166936
2018-06-07,-0.0001081376566296477,-0.015273751106136935,0.0021768610377559394,0.0
2018-06-08,0.002956537556911165,-0.0019384744299977275,-0.0014169046038501332,0.003628606763463438
2018-06-11,0.0013298688076126552,0.0,-0.0010403161583860676,-0.0014960152472910382
2018-06-12,0.00129224803867789,-0.0025901139272456186,0.00028431232563175257,0.00599418102816629
2018-06-13,-0.0031908893823161533,-0.006708486912959111,-0.0009465394857980369,-0.01948871798909302
2018-06-14,0.002517886981663997,-0.006753894449080922,0.0025572681588352797,0.009495109082575004
2018-06-15,-0.001275396887275404,-0.00789656806983341,0.0003782770775937472,-0.0006271821436645286
2018-06-18,-0.0020567634292133485,-0.012159851123043297,0.00018929129786626753,0.00027879366252903104
2018-06-19,-0.0038328979476819347,-0.011038720920660272,0.001038303962408671,-0.001013067435989723
2018-06-20,0.001705784977505731,0.0043281054742470015,-0.0018860220489588242,0.011153365776971125
2018-06-21,-0.006268969724226969,-0.014062183418697694,0.0002825985203256387,0.004763116013427826
2018-06-22,0.0018233302506915905,0.010351723252779,0.0009450196030988955,0.007858849100524479
2018-06-25,-0.013612712128274418,-0.01343327626216595,-0.0005662074483671065,-0.002599189726993467
2018-06-26,0.002213800524781373,-0.0039235571175939565,0.0016057464173033775,0.003226842499976623
2018-06-27,-0.00828423468758177,-0.019230598905284002,0.0017913538515004213,-0.0038350310948722655
2018-06-28,0.005717529124660503,0.008504342046883995,-9.396731618260823e-05,0.008941235555132598
2018-06-29,0.0014397827067864633,0.014992073191011812,0.0008473948086360483,0.0024614087347005764
2018-07-02,0.0021377058437641594,-0.00992389614115985,-0.0009521881476608485,-0.005524977507688877
2018-07-03,-0.0035309023954631646,0.000699164058193924,0.0020756524386120745,0.007530965448549365
2018-07-05,0.008157812720003932,-0.002562234438885924,0.0009413943005351921,0.011885566451328433
2018-07-06,0.00845793850765797,0.0137787861319838,0.0010345687175092877,0.005327986409216612
2018-07-09,0.00900476859979249,0.0179682613830614,-0.000939625959398227,-0.00794962412453093
2018-07-10,0.0035983241091230855,-0.002263027779785931,-0.0007522294536966845,0.0020637719941882793
2018-07-11,-0.007314431745462313,-0.019505769075747525,0.00037675472419906875,-0.0032712624196034046
2018-07-12,0.009065733081897953,0.013648001586612057,0.0012224087400574124,0.003039387139199601
2018-07-13,0.0007874771436493511,0.0006844851588434508,0.0009398926534278651,-0.0030301772574139463
2018-07-16,-0.0008937911589541603,-0.005472965918707162,-0.0011264205508657588,-0.005348836389309053
2018-07-17,0.004045081923449212,0.007337688967639533,-0.000375956327772653,-0.0066000422531068415
2018-07-18,0.0021037235074812255,-0.0011381591821331138,-0.00028216241575229617,-0.004428551958418736
2018-07-19,-0.0037715311187913603,-0.012306374399522091,0.0015052612379318209,0.011739590222349161
2018-07-20,-0.0011428939480498945,0.01430553260102374,-0.0019725468829263626,-0.009649255456343542
2018-07-23,0.0018595805235510632,-0.0065969633843997455,-0.003481790613257374,-0.002096916950930172
2018-07-24,0.005031701272027789,0.01465542565770761,0.0014165387318672007,-0.005067338630581508
2018-07-25,0.008522548105522887,0.016249163355263496,9.455854031648059e-05,0.00795024792849297
2018-07-26,-0.0023589045508025652,-0.011103661800112907,-0.0005656890047394114,0.003327614743476204
2018-07-27,-0.006776407356951841,0.0035931987982200653,0.0007545895029528182,-0.01068654442728123
2018-07-30,-0.005223705848684035,-0.0015665488462536237,-0.0010369010801730694,0.0006209980877882604
2018-07-31,0.004929645600967092,0.005378927272191358,0.0008493436459060533,0.016751301888073167
2018-08-01,-0.0016707410453752347,-0.00891691534783734,-0.0010302152996266578,0.007078301235027951
2018-08-02,0.0054475713752766275,-0.01327011928327071,0.0003782305929149743,-0.0039988022339225715
2018-08-03,0.004284713571025778,0.00775010858263947,0.0021754344296145423,0.010828375023093084
2018-08-06,0.003667391581489543,-0.007690506323576263,0.0006604847129734193,-0.0013241331426624425
2018-08-07,0.0033025043780738894,0.010257441735961326,-0.0017924399002953173,-0.0018078796395452068
2018-08-08,-0.0004202034541084254,-0.0013538342619360266,0.0,-0.0057955944560919015
2018-08-09,-0.0013663554312538517,-0.002936924296673804,0.0014180529919809448,0.0004856168003883887
2018-08-10,-0.0066999842743137306,-0.02130097201713843,0.002168848509415122,-0.007647068524901712
2018-08-13,-0.0037436812211486536,-0.016438941885821623,0.0005652277747765222,-0.001957294930640341
2018-08-14,0.006380747315381408,0.006120617538106998,-0.0009405058857679949,0.004902428231839728
2018-08-15,-0.007467424932497857,-0.02877868202869882,0.0014121759504093223,0.007683503839610806
2018-08-16,0.008091474502841978,0.006263752491495689,0.0005643761371774136,0.008109628039978833
2018-08-17,0.003520715146093867,0.010533668080670466,0.0005643244063728847,0.009244830288043682
2018-08-20,0.002139308924977046,0.0045013939637204015,0.0019721562167285267,0.0007138837649769414
2018-08-21,0.0023457978473149232,0.012735613792315803,-0.0008436348473226385,-0.006062443164595366
2018-08-22,-0.000593668296520411,0.007918175112550552,0.0008443471680168457,-0.005621788819704876
2018-08-23,-0.0013279806750297052,-0.01617343152402284,-0.0005625414249352811,-0.002525966421924597
2018-08-24,0.006018290853385677,0.018552993873773405,0.001126070891555253,0.00590878584139598
2018-08-27,0.007895212595705914,0.014295741004093143,-0.0013121830673897827,-0.003596376271797652
2018-08-28,0.00048332933812633705,-0.0036373067254070746,-0.00187624983521828,0.013474450751238098
2018-08-29,0.005380753437933539,0.006160206484398412,-0.0001879776766066099,0.0002376340300629387
2018-08-30,-0.004048520134030009,-0.026077160450512005,0.0004698992045759631,-0.006408495010689741
2018-08-31,3.448699415131706e-05,0.005122187964579972,-9.409563653028918e-05,0.003941666664134091
2018-09-04,-0.0017221644046970797,-0.019457845638901183,-0.0011108595338957805,-0.011897900510100312
2018-09-05,-0.0026909840322643097,-0.014410347162712611,-0.0004716684457278797,0.005779604843131114
2018-09-06,-0.003010584674310257,0.0009583669932560213,0.0016980778584585465,0.002873166021954754
2018-09-07,-0.0019434722522159165,-0.005028516430729768,-0.003578763903939408,-0.010862988348371072
2018-09-10,0.0017387497763230453,-0.009867890720150041,0.0009453877614640227,0.0044654544463034185
2018-09-11,0.003297473840850218,0.0021877778899923594,-0.0016998591008252628,-0.00012025883222255285
2018-09-12,0.00024209703239574942,0.005093266545997066,0.0006626826582658563,0.0004804817290982033
2018-09-13,0.005914584505626763,0.01351362036145698,0.0006611736518999933,0.004924436560728385
2018-09-14,0.0001721206919722551,-0.000952411600438352,-0.0018893471744055867,-0.0063344238375177
2018-09-17,-0.005294275732329989,-0.009056101933828775,0.0,0.003247566192089879
2018-09-18,0.0054261399859034665,0.009619989773350213,-0.002176326365737613,-0.004795336778398052
2018-09-19,0.0010654403102976495,0.013816004212119815,-0.0018970521688451703,-0.011685539166736203
2018-09-20,0.008103680392568924,0.011043107339093083,0.0013305501247844465,0.00938568807394069
2018-09-21,-0.0009132712324466663,0.004647964467803467,0.0007590738332261537,-0.00036242198909697265
2018-09-24,-0.0033221092331023883,-0.011334613262233395,-0.0009482567964218536,-0.017957826152516176
2018-09-25,-0.00092782569308969,0.0039777197437811385,-0.00047471274774324446,0.00012468849783653368
2018-09-26,-0.002992319634676388,0.002097321174894473,0.002374332658510836,-0.011972796762308557
2018-09-27,0.0027940706359423917,0.004883718788982527,0.0006629452233128941,0.004796881893744054
2018-09-28,0.00010344363994807537,-0.006711782601813376,-0.0010412340101310091,0.013567889661927124
2018-10-01,0.0034744545291887086,0.00023315821550307092,-0.00026610124920045664,-0.009296189295714075
2018-10-02,-0.0005829986229392015,-0.012578386342466774,0.0011400858458614493,-0.0022518850308096416
2018-10-03,0.0005486872420674693,-0.008256767863630166,-0.004745171387210645,-0.010658363348731159
2018-10-04,-0.00781593874921116,-0.02497609599834072,-0.002861126054262697,-0.008365210204813622
2018-10-05,-0.005596519471722683,-0.0036597128717443805,-0.0021996679118098106,-0.000510992954813716
2018-10-08,0.0,0.0014694182276056011,-0.00038379438581170877,0.014450006115542369
2018-10-09,-0.0014595678479070173,-0.0036676548183045554,0.001438653348262653,0.0013866657422649808
2018-10-10,-0.03166314839391593,-0.02969325896049868,-0.0002872271949988514,-0.014853940327895554
2018-10-11,-0.02202653491152684,-0.010116203523338196,0.0029690173385599206,-0.0286228418201957
2018-10-12,0.01388837855696301,0.02938177754260418,0.0002867288667567358,-0.002630699427935701
2018-10-15,-0.005617103721208272,-0.010672682856524562,-0.000668273146067655,0.00672633497013142
2018-10-16,0.021865931823420226,0.025087812996848813,0.0005729573826529499,0.020568880949395796
2018-10-17,0.00017808372418226526,-0.01223674214643844,-0.00200483158210496,-0.0038512022832017934
2018-10-18,-0.014440651356383949,-0.0262639016411077,-0.0006697697470642305,-0.001932851688601911
2018-10-19,-0.000542723549775026,0.009414771852883419,-0.0008614264844131192,0.008650628999705923
2018-10-22,-0.004488889160706888,0.010839257826077642,-0.000191733438933972,-0.013953027059343537
2018-10-23,-0.005090775231811007,-0.010972356040668707,0.0012461455405985422,0.004413914913343753
2018-10-24,-0.030298388246648877,-0.03227433604455765,0.0025840540540540413,0.009435559286297135
2018-10-25,0.01794062330351376,0.019281020719885245,-0.000859221167500257,0.012803885956995664
2018-10-26,-0.01758759137001953,-0.011503144650429897,0.0022928970734288345,-0.024020349951305642
2018-10-29,-0.005540146428125059,-0.017326412833952753,-0.0010481294285958898,0.012694317526620313
2018-10-30,0.014818493776197705,0.019473895897112792,-0.001431877577655838,0.01368653027721023
2018-10-31,0.010680861502520012,0.010841621498627774,-0.0004776471049637854,-0.011735011937639928
2018-11-01,0.010641829215660925,0.035750750656526664,0.002526799718206574,0.004723793438396129
2018-11-02,-0.00592291161287517,0.006410349909018231,-0.0029709793594314693,-0.008260056750623468
2018-11-05,0.005516820707438308,0.002694453499411553,0.0006731093447043257,0.014864359130005278
2018-11-06,0.006327641055264843,-0.001710014268278992,9.591384525364788e-05,0.005050523930872686
2018-11-07,0.021408986159178856,0.018844939304667463,0.000863951521550721,0.011934512868965186
2018-11-08,-0.001814685182394915,-0.02594311262694171,-0.001823222149411996,0.0007447260976034542
2018-11-09,-0.009768174610205071,-0.018495776086279503,0.0012499406773471833,-0.00012394564494788707
2018-11-12,-0.018685183993912946,-0.014070235349283866,0.0016323381577953988,0.001985181709655892
2018-11-13,-0.0018716894110051285,0.011467853733257094,0.0003836015371359025,-0.000990406804981414
2018-11-14,-0.006836316136229037,0.006046943701588647,9.568409098492658e-05,-0.002479000398570741
2018-11-15,0.010436505505346805,0.02228921052136723,0.0012458384543956313,-0.006834130709897135
2018-11-16,0.0026007578808615595,0.0019597748382702562,0.0016270496671006995,0.010759487591308625
2018-11-19,-0.016914161892451873,-0.013447696781091256,-9.593763194781779e-05,0.0013617306420636854
2018-11-20,-0.018506514858667056,-0.021561301897700447,-0.00038172878657505294,-0.010259725509542017
2018-11-21,0.003407354701527865,0.01849068348039573,0.0006689296203845618,0.0008744106956370956
2018-11-23,-0.006678426835129758,-0.011688838613989727,-0.00028686317002590833,-0.001996701156886882
2018-11-26,0.016144583546318758,0.012330027400824228,-0.00019081964196432377,0.001875460300613252
2018-11-27,0.003364044621535056,0.006959978652204324,0.000286821209945165,0.004243027158642887
2018-11-28,0.02302535576004905,0.02394486049708,0.0019107876676469626,0.008947406198846153
2018-11-29,-0.0021852219725968514,-0.008678940951539205,0.0004769868579401759,0.0002463676227699718
2018-11-30,0.006095507728093974,-0.0009725726327932671,-0.000285966389172998,0.009481766736328057
2018-12-03,0.013241588220409994,0.02020440585126404,0.0016343952273265572,0.0053669377487375325
2018-12-04,-0.03240250027786229,-0.021236174628454063,0.002672143505786373,-0.014802442812825833
2018-12-06,-0.0015173922298833409,-0.0092638509565387,0.0024737488201029834,0.0247541215308289
2018-12-07,-0.023235843450530203,-0.0187003847889069,0.0013290455212504604,-0.013099450952021474
2018-12-10,0.001897270279884511,-0.010531817170374325,0.0006635964589407628,-0.006454009529588078
2018-12-11,0.00022716115891863176,0.007602534224205204,0.00028390636029929084,0.0004903810463081637
2018-12-12,0.005034918984557324,0.0163483300518783,-0.0007570457515299056,-0.015435405137274483
2018-12-13,-0.00033860414475384015,-0.0002475277350998395,0.00028386367422683634,0.0057790262214378885
2018-12-14,-0.018464903339406313,-0.014108856939617276,0.0002842258378819018,-0.002879211612896726
2018-12-17,-0.01961835579612836,-0.009289606622760793,0.0017053130526334392,-0.03766502613335321
2018-12-18,-0.0010964219793110352,0.006790868378661052,0.002937794834376728,0.01030712537070877
2018-12-19,-0.014975836651711205,-0.016606872441276788,0.0009447065594461179,-0.010976488768455472
2018-12-20,-0.016277829812870626,0.007793976514517409,-0.0009438149312895883,-0.015015165313081447
2018-12-21,-0.020489650433547224,-0.006960572934834652,-0.0004720008430285638,-0.01391847000163482
2018-12-24,-0.02642276623343487,-0.009345699755995751,0.0006613071579579799,-0.035622895034837065
2018-12-26,0.05052467812448369,0.019916095635513775,-0.0018893203758626465,0.033454012319970916
2018-12-27,0.00767743259640663,-0.0012847790601633324,0.00160834876252558,-0.00013477606371758988
2018-12-28,-0.0012901364577666552,0.009518880489409298,0.0036852522149006806,0.0032375366678771833
2018-12-31,0.00875889454310963,-0.004587052713230233,0.0025422510857704417,0.0026891184620394526
2019-01-02,0.00104026016619585,0.0025601187131087944,0.0007514500069005781,-0.021724313790973837
2019-01-03,-0.023862599669101203,-0.018130724491665196,0.00412842780309175,0.006991073676076098
2019-01-04,0.03349569675221975,0.032249503529543144,-0.00299006119032863,0.011706942598637138
2019-01-07,0.007884482112223257,0.0022676922923992038,-0.0016876582343483548,0.009822563183820687
2019-01-08,0.009395354514339704,0.0037708982634008237,-0.0007511340337789107,0.020652842997822995
2019-01-09,0.004673675925077836,0.017781093840264273,0.0008458909972979267,-0.0014360254916212511
2019-01-10,0.0035274592375327263,0.007135744628554486,-0.0011263761469496592,0.013596381213694775
2019-01-11,0.000386222076317555,-0.004886305331865182,0.001409689344224585,0.0028377280828904006
2019-01-14,-0.006100778343540614,-0.008347661642035153,-0.001407704917602337,-0.0033441539555820743
2019-01-15,0.01146074256177898,0.006932375153253956,0.00018756125321073291,0.009549686579114924
2019-01-16,0.002419792995640657,0.012293967378285364,0.0008457075718300011,0.007030713071625394
2019-01-17,0.0075867425934699195,0.0043720170868799535,-0.0007511340337789107,0.004823367593851158
2019-01-18,0.013310101022484089,0.004837000216310283,-0.0007515234186683539,0.003410817127091903
2019-01-22,-0.013510504452232674,-0.01732834269007011,0.0008467902423316964,-0.0030215107441343703
2019-01-23,0.0020924133186621674,0.010286172463342513,0.0010331264568861354,0.0001263065321142065
2019-01-24,0.0005313991178388378,0.009697343455469687,0.0016893509276025842,0.0034091569374290476
2019-01-25,0.008461432287683257,0.01320493850124782,-0.0004685892309929107,0.012457355603101794
2019-01-28,-0.007600318626459046,-0.010426506246565048,-0.0005623434116613923,0.009818561116210267
2019-01-29,-0.0013268637121782723,0.001676451964149006,0.0026266496262288275,0.007876653636462283
2019-01-30,0.01583092722253987,0.021754613566727032,0.002244655889654723,0.008059865500763541
2019-01-31,0.008782226426890638,0.008422937075378334,0.002986519752270045,0.010418073356269764
2019-02-01,0.00048185552467860937,-0.007888638041491536,-0.002070766371004118,-0.006354312115392613
2019-02-04,0.007035120125345129,0.001637036168716799,-0.0008413476589403945,0.007480796309789817
2019-02-05,0.004191970579282778,0.013775400344039568,0.0021517471293719392,0.00574846916735039
2019-02-06,-0.0013183881631468886,-0.013588217211982778,-0.000559818023534886,-0.006549152359820676
2019-02-07,-0.009532720756998958,-0.01003970387851072,0.0004667183987501211,0.00827015711860124
2019-02-08,0.0012214767621394618,-0.005660426039292066,0.002241305138777294,0.0
2019-02-11,0.0005547902759139856,-0.003320454837656195,-0.001025288958857229,0.0027343826452062014
2019-02-12,0.012859433317975011,0.008329219262663834,0.00018677311490788995,-0.006283029822874431
2019-02-13,0.0032465267493364536,-0.007080462767017348,-0.0017712811335921508,0.005129932657135905
2019-02-14,-0.002217915726853148,0.001901537791291874,0.0014940369721800906,0.0032044562201072324
2019-02-15,0.010897120212876699,-0.00142331364563264,0.0007461209734518359,0.006744110564314232
2019-02-19,0.0017306877803275889,0.007840181850718775,0.000559433599705006,-0.00023486416983320435
2019-02-20,0.0020152503683867895,0.0056575458306236115,9.297018871468055e-05,-0.006230200904421945
2019-02-21,-0.0035555813406572545,-0.0021094997694179884,-0.0022352356835103615,0.0009461550382667827
2019-02-22,0.006200068534927494,0.01104078154982946,0.002520186718188766,0.0059089047657781
2019-02-25,0.001360915279042585,0.01115219756386887,-0.0002792398267361662,-0.007871292741131186
2019-02-26,-0.0007152849609940448,-0.0034466307422855724,0.0011175312047131403,-0.003078838994900468
2019-02-27,-0.0004296361079961786,-0.008531320118076224,-0.0021398827516986296,-0.004988760328163977
2019-02-28,-0.00186221233061179,-0.013022985984196711,-0.0017711166108831389,0.0026264649254930106
2019-03-01,0.0062433287882437405,0.0011780072355906945,-0.0016195261280971263,-0.0030960552956255105
2019-03-04,-0.0036372494274576894,0.0014120298144892907,0.0012192473125391956,0.004538455697908894
2019-03-05,-0.0013603778209226869,0.009870903793564922,0.0006554241278995399,0.0027344718200827955
2019-03-06,-0.006056643560670594,-0.005585651967368377,0.0014978631238866669,-0.004624165843897576
2019-03-07,-0.008365309553466815,-0.018488111794927264,0.0028034798361502578,-0.00214389990360897
2019-03-08,-0.0020000314644964545,-0.007152630172919672,0.001305497932219346,0.0010741938455192113
2019-03-11,0.01450106689856101,0.018731631327609355,9.250515623393518e-05,0.014667537588669566
2019-03-12,0.003771212805439461,0.005186374328953081,0.0018615912317023753,0.0045831732119172575
2019-03-13,0.00661891519287261,0.0011723768252540623,-0.000464899405268393,0.004913474671727203
2019-03-14,-0.0006393748527755427,-0.00538724838643001,-0.0014862484288440392,0.0015134343274800788
2019-03-15,0.004940372525378267,0.014601632362059247,0.002512581694533722,-0.003138155385785213
2019-03-18,0.0036256939253549447,0.011141948802401824,-0.00018575281108357267,-0.005014118797272982
2019-03-19,0.00024770444097566013,0.00045925231828758406,-0.0005566725869858846,-0.0030468548958311192
2019-03-20,-0.003009641272222807,0.0016062337465667653,0.004088476779212424,0.0030561665919743852
2019-03-21,0.011294875538577331,0.0013747106446708734,0.00018479040972119165,0.017813187137609265
2019-03-22,-0.019246303946925947,-0.02928378805715437,0.004996231899337289,-0.007254178541134082
2019-03-25,-0.0007519142205610896,0.0023565696326066643,0.0018410259446182131,0.0012761463921888705
2019-03-26,0.0074539109014013505,0.00305648563396943,0.0001843526391418493,0.007992230184684868
2019-03-27,-0.005229409728731871,-0.010782810225314576,0.0021128442824471794,-0.002872228950417499
2019-03-28,0.003790680088020304,0.006635146013478144,9.170979990669181e-05,0.00970302169858095
2019-03-29,0.006305435687426364,0.010357675316251092,-9.170138999059496e-05,-0.0009193191853344995
2019-04-01,0.011859100169425929,0.016542491604551346,-0.004576727370670719,-0.0005753722980560427
2019-04-02,0.0004900518064898662,-0.003208786068529035,0.0011079705507512916,0.007022608211405323
2019-04-03,0.0015737536499600413,0.006898222507211171,-0.0018443461961767937,-0.0011432650095046792
2019-04-04,0.0026532836301695895,0.0061659076896363185,0.0007389647924329612,-0.001602177563878593
2019-04-05,0.004840187235942928,0.0077167552445902565,0.0007382481963429388,0.006992482009373413
2019-04-08,0.0007624012548712589,0.0,-0.0004606590823882373,-0.00557789916508078
2019-04-09,-0.005124856895445951,-0.002027233349543689,0.0005534045186244008,-0.00526601783260261
2019-04-10,0.0034108097245353353,0.004739415137554381,0.0019375096975822181,0.009206715793479647
2019-04-11,-0.0002773889345604186,-0.01078166220137211,-0.0011967869993578795,-0.0006842380986872287
2019-04-12,0.006766088626383171,0.00726621740827893,-0.0019361654196931033,0.004792946207210935
2019-04-15,-0.0006547128496741106,-0.005184840053243156,-0.0001846729962766691,-0.00511041226087372
2019-04-16,0.0006551417794153913,0.0074776514716654585,-0.0017552305888650643,-0.02260304717165984
2019-04-17,-0.0024471100767561316,0.0029241069357714977,-9.217328852362261e-05,-0.009110032790505374
2019-04-18,0.001969423684744731,-0.0006728651638339134,0.0012954282289412422,0.007661761254463162
2019-04-22,0.0008619169246748548,-0.006507904295039779,-0.0012016897409063976,-0.010996048905066003
2019-04-23,0.008991529435261825,0.0022588259695308643,0.0017583168403680904,0.013246905111036211
2019-04-24,-0.002219170225513767,-0.013522714182647166,0.002309779471686424,0.007353729746207627
2019-04-25,-0.0006164327181954476,-0.001370736767427383,-9.239667505056559e-05,-0.002085662559013657
2019-04-26,0.0046570996650330265,0.003889324420922158,0.002028051253408991,0.007896183623689046
2019-04-29,0.0015675854555152746,0.002051052761018024,-0.001747888071470749,-0.009792817881700389
2019-04-30,0.0005105590650502645,-0.000909837759704768,0.0006452075172986849,0.009540677863374869
2019-05-01,-0.0075164755412341355,-0.0075120020574955815,0.0006459849198579004,0.0008064577450075383
2019-05-02,-0.002159230827564307,0.0022935376512318584,-0.0022140814901253636,0.0010363465173528486
2019-05-03,0.009787920082936052,0.011899638238111576,0.001663947067887639,0.008512715434673357
2019-05-06,-0.00411476720099313,-0.020579022316221107,0.0012926183691936988,-0.003193839217366712
2019-05-07,-0.016700024102271116,-0.01962581084083137,0.001198416707484995,-0.018079898079077728
2019-05-08,-0.0013891480072139029,-0.001413449501016184,-0.00018390911709675883,-0.0010486712928471364
2019-05-09,-0.0030258554839106555,-0.015801736310917747,0.0005523390816000173,0.002566416067740551
2019-05-10,0.005023748662182026,0.005990895205908675,0.0001842663716591364,0.010705291548633866
2019-05-13,-0.02513067976933514,-0.03334937098068702,0.0016558823849328608,-0.0010361076545216674
2019-05-14,0.00904408609296814,0.014046545831555513,0.0008268269983702226,0.003687620533145086
2019-05-15,0.005857249671213038,0.0019439416560373957,0.0017444300980182792,0.0067745259821891946
2019-05-16,0.009261466107246097,-0.004850751421716648,-0.001191701667561551,0.003991788205884195
2019-05-17,-0.0064655984809207645,-0.01803552709923939,0.00027576631689396613,-0.0019307954149985207
2019-05-20,-0.006611922096544598,-0.0042195792527875975,-0.0013759952271277243,-0.014454844009696877
2019-05-21,0.009016042838012384,0.012711819896067844,-9.24474582504331e-05,0.008545683692224859
2019-05-22,-0.003071884527045765,-0.004922384823058734,0.0016538598134543392,0.002977367429400024
2019-05-23,-0.012218533023767075,-0.012861753806361897,0.0029345690352411413,0.0022836222395035133
2019-05-24,0.002268500698200615,0.0010022823773885303,0.0003655156231543444,0.0030752826178668258
2019-05-28,-0.009300894677514049,0.003504475846477284,0.0014624567179659653,-0.009879708609653703
2019-05-29,-0.0067104579891044125,0.006485248213117911,0.00027340460113656206,-0.013304350644752216
2019-05-30,0.0027313582251524693,0.005452441170503253,0.002646345438908959,0.004184874380510406
2019-05-31,-0.013475506923700808,0.0034508088447946506,0.00464106651419427,0.005787786408510742
2019-06-03,-0.0025426609400236444,0.009088537275778075,0.0023605866594440528,0.0024165985630062448
2019-06-04,0.021706594148316993,0.002190852334762683,-0.0009058439661863149,-0.004477730737391439
2019-06-05,0.008661994636691706,-0.00801570950997299,-0.0005439991580666881,0.02087452785414934
2019-06-06,0.006502927657683344,0.0004899489653875655,-0.00018159889258939632,0.0019202181134605478
2019-06-07,0.010006944373598392,0.007831504102396636,0.002812828309229465,0.0037207106457404215
2019-06-10,0.004588920419210218,0.010442084157689324,-0.0026238160883210737,-0.0032576853564227903
2019-06-11,-0.0002424802479144006,0.011295399627922365,-0.00018159889258939632,0.0027052058148329117
2019-06-12,-0.0017650154364299286,-0.010693833984910417,0.0012702529363890491,0.0033716371621665964
2019-06-13,0.004125885488548864,-0.0016814713978624551,0.002174563459453438,0.004256918899683049
2019-06-14,-0.001104613218538164,-0.011068418883142694,-0.00027080371894894206,0.0005576772506346028
2019-06-17,0.0003801744901632542,0.003947156278109931,-0.00027162696385873986,0.010702269613188653
2019-06-18,0.010471315439738005,0.02417570238469069,0.0027140906183726887,-0.0009925709248842507
2019-06-19,0.0022567821027890123,0.008345298736890383,0.0034283765045122205,0.005410308747488601
2019-06-20,0.0095545098395462,0.014660821402865398,0.0017082900317471061,0.005051142438691203
2019-06-21,-0.0014537731871742121,-0.0032627213989521175,-0.0026028433640848947,-0.01409510180256035
2019-06-24,-0.0012242007272930122,-0.0014027823653486315,0.001800280612957561,-0.0034355485139853092
2019-06-25,-0.009808243307362186,-0.010302389632248277,0.00017900936070813778,-0.014791074606433918
2019-06-26,-0.0009974430260104583,0.009463207701093213,-0.0022452841585625105,-0.019979571349601488
2019-06-27,0.0035460438796885985,0.00703087118150969,0.0027905503269767262,0.012873323488855837
2019-06-28,0.005145717079215517,-0.0013963566326939958,-0.0004485668190890024,0.0034439178019665118
2019-07-01,0.00907875934752811,0.01188505763812775,0.0007379356335457388,-0.00045755353934406884
2019-07-02,0.0026043182876771542,-0.002533097871404655,0.0017992054625339815,0.017399236317352518
2019-07-03,0.007994888824214064,-0.0018473984372624486,0.0016155679481419938,0.011926226548811591
2019-07-05,-0.0011380352093286472,-0.006939382480285028,-0.0042129324196400475,-0.0035578126940180033
2019-07-08,-0.00549456677060034,-0.006056516779925136,-0.0005399838782624844,0.003570515920885642
2019-07-09,0.001246438040509723,-0.0030465544299441705,-0.000270303385539572,0.0033357137396075043
2019-07-10,0.0047779471841913335,0.008462618692442359,0.0007210315214245533,0.00576240013644802
2019-07-11,0.0023442861332902964,-0.0018649506479357925,-0.003691351754012695,-0.013001458218948159
2019-07-12,0.004476762263187828,0.0007006761842107689,0.001084398531743025,-0.0013392556743609951
2019-07-15,0.00033302505963250795,0.00373383851641651,0.0014439666437400245,-0.0007827162642094487
2019-07-16,-0.0032252878846958932,-0.0013947480422111802,-0.0010814963057299565,-0.002349442596598861
2019-07-17,-0.006805103002928248,-0.0030270036196826666,0.0026168466135756407,-0.003363922567548916
2019-07-18,0.003661249452331372,0.006071972734417175,0.0016201757459708421,0.0
2019-07-19,-0.005555266156271332,-0.005106798753769293,-0.001168693001336707,-0.016314185073193377
2019-07-22,0.0024564512222122747,0.00023337535404688303,0.0012595244664674876,-0.0009149046116279091
2019-07-23,0.007150177772555999,0.0011660855613075949,-0.0009881514317707785,0.011333610628016633
2019-07-24,0.004699438010550061,0.0016312403626195238,0.001438725344727887,0.0007926400954656465
2019-07-25,-0.004776834560779486,-0.008839168065392533,-0.001526217385357631,-0.005881896721108726
2019-07-26,0.006699808202272228,0.002112074443262335,0.00017963979286772513,0.004551135519964777
2019-07-29,-0.0018211624892404688,-0.0018737900002636643,0.00044955607267693765,0.002718530862086288
2019-07-30,-0.0024545063690804003,-0.007742667491142496,-8.988733597314891e-05,0.008019892126484907
2019-07-31,-0.010940641121547356,-0.012295823207809975,0.00044989020448160666,-0.003921809081717131
2019-08-01,-0.00870773752331433,-0.019631466334994463,0.007834397250569447,0.0
2019-08-02,-0.007529534007026828,-0.009768028607161083,0.00035777325075425637,0.004837346752887717
2019-08-05,-0.030073406632345367,-0.03699127613516462,0.004376772355247471,-0.01970482941292606
2019-08-06,0.01402336852966135,0.014340364865462307,0.002667959431879252,0.01107840568628804
2019-08-07,0.0005901816759570355,0.004544529843472311,-0.000531570141879989,0.009714147083982105
2019-08-08,0.019620489034139377,0.012314557297569584,0.0009756468360289094,0.017563534625745003
2019-08-09,-0.006811493636911137,-0.010178718839030654,-0.001329840320781317,-0.0012096689446745579
2019-08-12,-0.012173360047057269,-0.01203908324541103,0.0036401930657057324,-0.002641390851230385
2019-08-13,0.015551745041436194,0.012693431340466077,-0.0014151199380056934,0.0014346905770281637
2019-08-14,-0.029567923616494185,-0.02882914336323461,0.003100129226883963,-0.01520820506117504
2019-08-15,0.0026419711622611697,0.006711341561952189,0.004591808018839849,0.009959775813357608
2019-08-16,0.014754825053390652,0.013846032384571494,-0.0007909716375563702,0.010304553167115094
2019-08-19,0.012047997841538205,0.004046633512629905,-0.0026391701809347357,0.007238469415709714
2019-08-20,-0.007662731254307831,0.0020149379777254506,0.002734485686558985,-0.007077379848626442
2019-08-21,0.00813519877007729,0.0095526600395488,-0.0005279811453052785,0.004166740647455702
2019-08-22,-0.00030741367038933376,-0.012948299757327364,-0.002640251027241858,0.004586594065121963
2019-08-23,-0.02568762985580353,-0.014883700777864939,0.004059231437614441,-0.014023002155590603
2019-08-26,0.01105870391513264,0.005377451666287669,-0.00043942301469168665,0.007717574995685039
2019-08-27,-0.003923990873712202,0.0017831986735377114,0.003165607499665102,-0.0028446874498775365
2019-08-28,0.007041737675318238,0.0027967450462733634,8.71313575949717e-05,0.003291901323438484
2019-08-29,0.012772775866936925,0.01115634439596458,-0.0006131616362872183,0.007764666176848234
2019-08-30,-0.0004443681422861001,0.0077732283633242805,0.0008767583520641331,0.0007595501845583108
2019-09-03,-0.005847067792072003,-0.006220437257347999,-0.00023711680746762998,0.009976125538650793
2019-09-04,0.01135054143287606,0.016775178364176302,0.0017572987573450938,0.008374422307385831
2019-09-05,0.012855503025439585,0.011327204256176504,-0.004297167492615106,-0.0072400877957745635
2019-09-06,0.0007721745326678686,0.004382650584344283,0.0010563468801427778,0.0022522218592306853
2019-09-09,0.0005033310430380133,0.0031516457419882293,-0.004222216605764717,-0.004815583042192206
2019-09-10,-0.00023473958732056488,0.0007249516931848721,-0.005389306745019695,-0.010322458444771088
2019-09-11,0.007111166946589531,0.007003362748789321,0.00017733094497329738,0.0010866411386185604
2019-09-12,0.0034639071268876,0.0071939905141460425,-0.001598214459107683,0.005317534047969419
2019-09-13,-0.0006640768673158437,0.00571431840446146,-0.005959946904052105,-0.010687376571630436
2019-09-16,-0.003088987702449919,-0.007812425933904299,0.0026843875929172256,0.008730115818280648
2019-09-17,0.002532007691120386,0.0,0.0015176276212474082,0.010817593923923008
2019-09-18,0.0005981920388618001,-0.004056356031848285,0.0011582238458771599,-0.0034245467149425224
2019-09-19,-6.632679210472059e-05,-0.004072663870754445,0.001424402123272106,0.0035436764511953545
2019-09-20,-0.004724701545929966,0.0009621484649990908,0.0036441322534084275,0.0
2019-09-23,-0.00023471984469891627,0.0009613305584850185,0.0004424785572914036,0.00160495080930656
2019-09-24,-0.00784711706572605,-0.010564480185697223,0.0027441622469426274,-0.002218237839446524
2019-09-25,0.005915003928405049,-0.0007279423847962319,-0.00414911819829844,0.0019425447482415148
2019-09-26,-0.0020832042528582395,-0.00024278820699774606,0.0016846158425423141,0.008402728924668867
2019-09-27,-0.0053872300483238655,-0.012873385625630784,0.0012385648129218385,-0.005555140939658365
2019-09-30,0.0046377489379945125,0.005659640499565466,0.00026548854339703,0.0017187184918934229
2019-10-01,-0.011894720033488126,-0.007095893966367228,0.0018153205976312314,-0.009436784501521522
2019-10-02,-0.01766460621440802,-0.007639032496671638,0.0007073329159006381,-0.004222128920907453
2019-10-03,0.008192858820820437,0.012912706695180853,0.0038868957606474908,0.009675644212755019
2019-10-04,0.01353220188356774,0.004412843825536639,0.0015839553786964888,0.006030339029706955
2019-10-07,-0.0043150201175078395,-0.008298955720621226,-0.0027235466965387367,-0.002140708888446974
2019-10-08,-0.015524634559317518,-0.007137264178321501,0.0003520089481205968,-0.005255936423522178
2019-10-09,0.009496466764106204,0.007684478949663287,-0.0005282697898175703,0.0019408685120532176
2019-10-10,0.00676341935061342,0.010332134906532175,-0.0034362522521247385,0.0016142920769000035
2019-10-11,0.010367085536273413,0.016070188279657227,-0.0032719021998511844,-0.00042990191894287655
2019-10-14,-0.0011140866274362837,-0.004313441112849481,0.00168598122001562,0.00043008681408962524
2019-10-15,0.00990068108245401,0.008904881134213394,-0.003276632471313823,0.0012894978236150934
2019-10-16,-0.0016059243851701543,0.002862664696094752,0.0017769225709314274,0.00010715536156835626
2019-10-17,0.0029488556963956913,0.003805673466718007,-0.00026613037927258887,0.006545120655222281
2019-10-18,-0.004377234311192191,-0.005212975364655703,0.0007095189896955123,0.007675026689152542
2019-10-21,0.006779140177519238,0.009051617324753236,-0.0027480133431926346,0.00761656931636967
2019-10-22,-0.0032669009187684672,0.0007083901162352468,0.0015111250403425647,-0.0029393216093674956
2019-10-23,0.002909711420692851,0.00023585791927338562,0.000799029075550628,0.0022110409610596182
2019-10-24,0.0016339380574428297,0.0,0.000265968450231302,-0.0025216196557019677
2019-10-25,0.0040952843284511875,0.007075538276212656,-0.0014186878266757574,-0.008531522113682133
2019-10-28,0.005636511581224912,0.00585489037619924,-0.002131338744818634,-0.006055496173836827
2019-10-29,-0.000297039983325198,-0.0051225657271790626,8.886684456821392e-05,0.006092388609752586
2019-10-30,0.0030674186410002413,0.004446477072074906,0.002847872425192133,0.0036118339370532215
2019-10-31,-0.0026632255895012724,-0.007921286613752354,0.0039034693374566665,-0.0017993153444817445
2019-11-01,0.009263708248190117,0.015030265031283907,0.00027479034932431645,-0.00021219852136211692
2019-11-04,0.00401776988354996,0.009949184940194922,-0.0024794508283790817,-0.007000445321471482
2019-11-05,-0.0011059011700863541,0.0057274645518394784,-0.0037282185367228937,-0.016983634846372997
2019-11-06,0.00022792158189566258,-0.003189142987630511,0.0015145932381390725,0.0021733800217684784
2019-11-07,0.0035164503684983472,0.007312791222860993,-0.004714783208788376,-0.00997506940813997
2019-11-08,0.0024663989521931384,-0.009074628167363152,-0.0005370486635621896,-0.0024094524035392917
2019-11-11,-0.001909702869992369,-0.007096885128639152,0.00017954688849886047,0.002195276808726554
2019-11-12,0.002107959386345337,-0.006456230950245834,0.0010728525701668712,-0.007557782791756229
2019-11-13,0.0003232943488364892,-0.007658523232017211,0.0017862255599163657,0.009161068603723344
2019-11-14,0.0014558160479087867,0.0007018674982384177,0.0028531574170518326,0.007765383502526202
2019-11-15,0.0072366050370489265,0.007945661045370311,-0.0005333741503044109,0.005426385326076089
2019-11-18,0.0007377283034566418,-0.001622987913320606,0.001868129882469427,0.004857618518757878
2019-11-19,-0.0002886313671184304,0.0020900023673466883,0.000710433948649225,0.0017187184918934229
2019-11-20,-0.0037187440320494147,-0.004403196749093841,0.002395608264343485,-0.0005361585335799113
2019-11-21,-0.001608988366198938,-0.002094971054453887,-0.0014160627456974995,-0.014055782094264169
2019-11-22,0.0022239197464615224,0.0,0.0005318472078141845,-0.0036998800824386002
2019-11-25,0.00775019598270954,0.010030411635987502,0.0009748442569286198,0.003167505655618408
2019-11-26,0.002265783592035886,-0.0030024333500489053,0.0014160979499593385,0.013283769644319543
2019-11-27,0.004457603221527773,0.00115818829954617,-0.0012373033308408221,0.004728286265011539
2019-11-29,-0.0037087217602600475,-0.015733324246285485,-0.001239400390085521,-0.00459892421663366
2019-12-02,-0.008494914199577819,-0.0002351308501088445,-0.0011013166973121713,-0.01515001393672366
2019-12-03,-0.006706647529976295,-0.005172839849740374,0.004534305913309833,0.006437093841674013
2019-12-04,0.006170493701121105,0.007563407159282276,-0.001681559978052083,0.004118954491054483
2019-12-05,0.001798083226518088,0.004456697111387298,-0.001152576527383431,0.0005399561830101707
2019-12-06,0.009134094100261114,0.005838379369133673,-0.0014196776304991054,0.0020498700795392732
2019-12-09,-0.003144294115377533,-0.003946900678292509,0.0005327018346268364,0.001938360470449485
2019-12-10,-0.0011152708082237117,0.00349653613498746,-0.00035481092533473646,-0.005803311549034018
2019-12-11,0.0028386832881674984,0.014634034413980146,0.002665539483031054,-0.010161183415390629
2019-12-12,0.008619032504660451,0.017399281764950425,-0.004253879629398383,-0.013541253234020778
2019-12-13,0.000599303630076653,-0.0004500559090588885,0.004005200815745624,0.00022098903035305817
2019-12-16,0.006869776306448694,0.008484493826749873,-0.002039285408998337,0.007194532763408201
2019-12-17,0.00021954968432402744,0.009119817478499659,8.920729749606338e-05,-0.009450535942936544
2019-12-18,6.2310776832053e-05,0.005422714434087927,-0.001954151700551132,0.012188497915554652
2019-12-19,0.00409916534940824,0.0004494474420115857,0.0010787157580338658,0.008862140335798907
2019-12-20,0.00438393308755658,0.002021458103622198,0.00017831298785098149,0.005490301200228087
2019-12-23,0.0015277208705588574,0.0013451153484751455,-0.0007124785529415423,-0.005023208042903904
2019-12-24,3.099923600879961e-05,-0.0022386848645593593,0.001247645608504211,0.0026339304290152743
2019-12-26,0.005323513135078395,0.007179767277991855,0.000889557460906909,0.004378945638676468
2019-12-27,-0.00024760115115451953,0.004009689946554262,0.00133347293754138,0.0031605394390767927
2019-12-30,-0.0055133524215325025,-0.006656449767799999,0.0,0.000977834943832967
2019-12-31,0.0024291592038996335,0.0022336850012747433,-0.002308457666554964,0.00716402705128627
2020-01-02,0.009351845950216653,0.020280891812815893,0.002758940435744428,-0.011746989225933868
2020-01-03,-0.007571913392498852,-0.018566919875583565,0.0029287391669987617,0.006216054481539279
2020-01-06,0.003815048939514787,-0.0024484484853303234,-0.0007962831768599798,0.0011920368328901532
2020-01-07,-0.0028118757761316227,-0.0006692121026207198,-0.0010631194532941812,-0.01114977241576709
2020-01-08,0.005329829232890493,0.005804889307641226,-0.0011524089142895821,0.003065178107409805
2020-01-09,0.0067804703403435695,0.0066592109188508,0.0010651566304489268,-0.0005458000301109545
2020-01-10,-0.0028780286385718945,0.005292184980457915,0.0016847236359012197,0.0076438052206935225
2020-01-13,0.006877451951239122,0.015573672506817848,-0.0006199776390448664,0.012028527773351394
2020-01-14,-0.0015246534038542148,-0.0056155718503301255,0.0008860251510285355,-0.003747573195717946
2020-01-15,0.0022600628326352457,-0.007819258884973035,0.001504090445179962,0.009028194006207801
2020-01-16,0.00831857555771398,0.006348403133469738,0.0,0.007988847165127488
2020-01-17,0.003112310574096888,0.005655884329669458,-0.0011483792580820884,0.0009510718501852811
2020-01-21,-0.0019583460202786673,-0.025308149980616035,0.0028305482513852898,0.009501681719839672
2020-01-22,0.00012092791821527449,0.008211103775183748,0.0005290096994448046,-0.006692999472970085
2020-01-23,0.0011467163747962417,-0.010345368888195039,0.0013223849162371515,0.008422873931152264
2020-01-24,-0.00889306129185663,-0.008007281143472045,0.001849069677581916,-0.0034455588803052883
2020-01-27,-0.01602930519587209,-0.03452917588380766,0.0030756696217484336,-0.004819117115037019
2020-01-28,0.010479044227821532,0.008360498689881313,-0.0008760001166939757,0.004000506740260201
2020-01-29,-0.000825823646002255,0.0048364298631384806,0.0022796767923842776,-0.0036701697671848166
2020-01-30,0.0032450513374953083,-0.014897863817091461,8.755677695804209e-05,0.0007365968540231638
2020-01-31,-0.0181578606364734,-0.020242235418575394,0.002974447327382723,-0.012199016459394807
2020-02-03,0.007428851265946834,0.011161631052694299,-0.0003232005528280846,0.0033007128255497786
2020-02-04,0.015241231911986342,0.025833432234777076,-0.0033226638974106493,0.010292666464985167
2020-02-05,0.011548034089492232,0.0057235115174860685,-0.0014910173985653863,0.0006300512949837245
2020-02-06,0.003364709272310362,0.0009104590633566279,0.0006144954586597695,0.003358894669822199
2020-02-07,-0.0053295840375727765,-0.013872836951562495,0.002897683395534756,-0.00020921562268838567
2020-02-10,0.00746548757095411,0.005534866827722196,0.001138047716675361,0.011196129352162298
2020-02-11,0.0017329097928657777,0.01307341379156668,-0.0012241662015637367,0.007553746094196567
2020-02-12,0.006442643309526819,0.013583666657954518,-0.001050707289153019,0.005956633302677039
2020-02-13,-0.001066538332015421,-0.01317830362546879,0.0007012876488778907,0.006023693657680296
2020-02-14,0.0016018119880589765,0.00045280146253290354,0.001051313237498297,0.010351051062458483
2020-02-18,-0.002577227551850858,-0.00656117119995836,0.0013121870840990812,-0.0011047534978492202
2020-02-19,0.004781367531443648,0.007287783824584393,-0.00026210932419312716,-0.013474146803905573
2020-02-20,-0.004108285580673554,-0.015600343905502245,0.0022722360890727877,0.011925377714698593
2020-02-21,-0.010298158747252706,-0.005741914323638353,0.002005974814064837,0.0029209213413847745
2020-02-24,-0.033165304127802164,-0.03742210311647909,0.0032202651259951587,-0.013658763025268916
2020-02-25,-0.030302429340278603,-0.007919268603287066,0.0017346824243014147,-0.02708491391944834
2020-02-26,-0.003678074627527006,0.00798248403850943,-0.001038850287787163,-0.010779465562459567
2020-02-27,-0.04491158101312298,-0.023998052931940128,0.00017346567063358798,-0.05321635478204578
2020-02-28,-0.004201735230681236,-0.0036882447695414378,0.00736732393521744,-0.024136646563403197
2020-03-02,0.043306389134070145,0.021717796054562477,-0.00035329327369337804,0.04271159543846914
2020-03-03,-0.02863196283742797,-0.006763423803097357,0.006813761346202707,-0.0023064146144556874
2020-03-04,0.042032391584736706,0.017753126131951236,-0.0007710968562515408,0.037754556341838885
2020-03-05,-0.03324161880820509,-0.021027596918785307,0.0030863803040552806,-0.021425500488521765
2020-03-06,-0.016531117747864865,-0.02050280345410216,0.007350217852305274,-0.017233750728177122
2020-03-09,-0.07809405944750902,-0.06827819809085278,-0.001272584640102714,-0.07709285032881974
2020-03-10,0.05174441657361206,0.05081596146292933,-0.011299061639263197,0.042248870790468906
2020-03-11,-0.04874822469834306,-0.04657708007741579,-0.014263556791737741,-0.06008798986623698
2020-03-12,-0.09567707769403355,-0.10010665486341985,-0.04001025140515768,-0.10130320587009045
2020-03-13,0.08548625803311571,0.0720855681732051,0.015708280901293392,0.08727764668762661
2020-03-16,-0.10942374154798717,-0.12479250711793777,0.016717743950267927,-0.17727718503051093
2020-03-17,0.05399203548590159,0.06892195142577306,-0.02585096370297224,0.05780674395548702
2020-03-18,-0.05063288721296977,-0.08636501623646453,-0.038089969716609384,-0.09512774180612527
2020-03-19,0.002125073136332256,0.007769453125864967,0.02233241405692543,0.0035150014372653526
2020-03-20,-0.0430943284929568,0.007388453882478885,0.009913179341177969,-0.04983279043662925
2020-03-23,-0.025568152425217927,-0.023915821819424532,0.02372085097996557,-0.046414246920982616
2020-03-24,0.09060325369512467,0.07513882324343069,0.008256627653862925,0.08996648953323705
2020-03-25,0.014970191355789364,0.035247642578731364,0.010213832298966219,0.053845282123140326
2020-03-26,0.058389702117121134,0.03786329898284757,0.003050581725837276,0.07052146774341916
2020-03-27,-0.029785686291112112,-0.05684394863122999,0.004257951193100906,0.0010005627232083647
2020-03-30,0.032475781387127034,0.01649183216671779,0.0009517723339311779,0.02184134455882858
2020-03-31,-0.014905475765600307,0.006784542815856831,-0.0026797525089338192,-0.02416901489571366
2020-04-01,-0.04500478897335758,-0.04277753951174179,-0.0033964982759847606,-0.06571208491360458
2020-04-02,0.023075492157995203,0.03367005836387915,0.0014816072145642512,0.003371045255471161
2020-04-03,-0.014454333733157188,-0.018951798527415353,0.0006964723783888793,-0.01450827526227183
2020-04-06,0.06716627167296174,0.05463326949236902,0.00487034524939034,0.07407427580300818
2020-04-07,0.0010192726788171846,0.0051516075683839535,0.0013849166131625346,0.009233759988849233
2020-04-08,0.033568594611172564,0.010250657140718156,0.000950443233673326,0.06819163908993531
2020-04-09,0.01521754955195509,-0.0036641114334851066,0.012434180446373677,0.05607603054652088
2020-04-13,-0.009130171152403221,0.0014144563539622013,-0.0046907790585623,-0.04207333798126345
2020-04-14,0.02949239952575211,0.0228813968663788,0.0005143746388736048,0.02804588696328647
2020-04-15,-0.021247888808377358,-0.025683740454649384,0.004110796692428975,-0.03963445697388934
2020-04-16,0.004824271618185438,0.00538578480532248,0.001279552203638179,-0.01138968502346438
2020-04-17,0.02701565826319241,0.022272124140940486,-0.001192819855784899,0.031580177964605216
2020-04-20,-0.017618258777827633,-0.012686238246188197,-0.0014498408135533714,-0.03718285241647046
2020-04-21,-0.030363193614961648,-0.027653354902984595,0.0005121661207847517,-0.018149537880954303
2020-04-22,0.0221945484904007,0.027291005292991777,0.0,0.015288406645898034
2020-04-23,-7.164950202409592e-05,-0.003635543204732139,0.0023905013533782604,-0.008350418216616418
2020-04-24,0.01393872484643488,-0.001403279764490617,-0.0005108367179881279,0.0042794092018181296
2020-04-27,0.014418351816629649,0.020236077882070047,-0.004601339870591525,0.0342270168662
2020-04-28,-0.00459824496914496,0.0019285345891399963,0.0039376617539215175,0.008240180421153598
2020-04-29,0.02617848063423933,0.029144779663851095,0.0006822618004962422,0.015027712780837588
2020-04-30,-0.009310639383792285,-0.021105860545754918,-0.0022155509861736533,-0.011558805332688493
2020-05-01,-0.026473477569025183,-0.036026343136112526,5.158513418068722e-05,-0.033766420819551723
2020-05-04,0.002757868166502364,0.010758998507438555,0.0008555761577493382,-0.004895616795401625
2020-05-05,0.009239648725921645,0.005601988976380978,-0.0007693064495818414,0.004919701770015328
2020-05-06,-0.006778748860635453,-0.0030640087128784854,-0.004021317904052468,-0.017949540012237697
2020-05-07,0.01206653980902872,0.0081028061175894,0.00309226086107639,0.01426198105255394
2020-05-08,0.016546297108299468,0.021064312595753698,-0.0026547663354083983,0.023754036313545557
2020-05-11,0.00020536982078023236,-0.006514673773196478,-0.0030051755586677498,-0.01453499308801498
2020-05-12,-0.019931383890268606,-0.0038250963505062074,0.002583839360716267,-0.04546690308240253
2020-05-13,-0.017686401673809304,-0.0019198919469326503,0.0016318097157759226,-0.024241679909337788
2020-05-14,0.01196776084559592,0.0038470503293785985,0.00308784043701249,0.003487127665762868
2020-05-15,0.004596719616368761,-0.013687424928040648,0.0005985117213673785,-0.003909265755460467
2020-05-18,0.030459742864114903,0.03913432234872927,-0.0014528677165366322,0.05915700006378888
2020-05-19,-0.010270961190522843,-0.008012868249381855,0.0011125831771416905,-0.013448486078210697
2020-05-20,0.016987968570710388,0.013193182841871431,0.0025646344249987685,0.008902443761973133
2020-05-21,-0.0069043037915969,-0.0114269995975822,0.0007672073735984775,0.0008271455130417493
2020-05-22,0.0018996146989915808,-0.020698765816099196,0.0005109006185231024,0.01350055724509902
2020-05-26,0.012320106254724905,0.021959714484069748,-0.001617728124373885,0.03737932269575506
2020-05-27,0.01487933668386221,0.0032232736599824285,0.001449911519636915,0.019916181567686708
2020-05-28,-0.001845478708057957,-0.00696108807635043,-0.0006812242788026834,0.004753191951022417
2020-05-29,0.00445650544231091,0.01725520872791164,0.0026415627340667935,-0.009972936509016095
2020-06-01,0.004041484069331025,0.02305864519937839,-0.0005617336055045996,0.023117429531944733
2020-06-02,0.008280039237948067,0.02383389643503353,0.0008522182927657163,0.00807890780269993
2020-06-03,0.0133084211942609,0.023279506531739047,-0.002468694055569154,0.03205605375565157
2020-06-04,-0.0026268751311104843,-0.014094762254101889,-0.0029867949158954854,-0.009949030839091155
2020-06-05,0.02562975148083768,0.02633531072159201,0.0005986257667995876,0.03786754078910137
2020-06-08,0.012087397690178747,0.006109555518577725,0.001112100156777318,0.024796455835288
2020-06-09,-0.007456728295923698,-0.006800997801357789,0.0012821566570269116,-0.016591770748770607
2020-06-10,-0.005579964351804523,0.007336908404827369,0.004096083910166692,-0.025424972901657905
2020-06-11,-0.057649118091055995,-0.05219741023002611,-0.0016997775205873644,-0.06419787431563129
2020-06-12,0.011976062413239674,0.021260519786650445,0.0010213124518763106,0.03584267226308868
2020-06-15,0.0093355172582672,-0.009081759546659351,0.0033173111332915894,0.0141386863412154
2020-06-16,0.019247523864238225,0.006364530031630178,-0.0019498965211872665,0.019689133255971214
2020-06-17,-0.004153763734798921,0.00961302675023501,-0.0008496927863607118,-0.014511794443075376
2020-06-18,0.0003851968817112361,0.0005012856092936335,0.0010204373772026987,-0.010952585078745858
2020-06-19,-0.005714880990685511,-0.0002507884052016518,0.0003395448223189046,-0.014519547563323743
2020-06-22,0.006415130249059597,0.012274571521106115,-0.0002545721780742305,-0.0009989155681501272
2020-06-23,0.004603616822785872,0.0096511748177468,-0.00016968173959097665,-0.004124498484515904
2020-06-24,-0.025508565672408667,-0.013235223552801822,-0.00017001563396346064,-0.028489035174910637
2020-06-25,0.010720374662986254,0.004222540549525311,0.0011890912114662644,0.012772032844210912
2020-06-26,-0.023751611559837627,-0.0121196259327363,0.0011877551496248806,-0.019193465045933333
2020-06-29,0.014698030668228057,0.004506663153037493,0.0008475966179852801,0.019306607170873846
2020-06-30,0.012809469521034789,-0.0032401677593537626,0.0008465746387134043,0.011853938160732769
2020-07-01,0.007004406242306693,0.011252625022217133,0.0005339705320901444,0.023048703837178497
2020-07-02,0.005506885358251612,0.02274975494480258,0.0011860607224514208,-0.002862827567910231
2020-07-06,0.015437364727483915,0.04303682061903569,-8.4797043055862e-05,-0.0004991338249290544
2020-07-07,-0.010313561419904804,-0.016689991537183424,0.0015232145143584397,-0.019857672884226907
2020-07-08,0.0076484057119636795,0.025931180190585712,-0.00033817085542831027,-0.0014018157565122147
2020-07-09,-0.005692815844679178,0.0,0.0026199113260780837,-0.006252334063290399
2020-07-10,0.0102103224295238,-0.006433863503882864,-0.0011801866475232847,0.003081763288911521
2020-07-13,-0.008658816974664862,-0.006706616073300475,-8.420411076448531e-05,-0.011904722485929442
2020-07-14,0.012959123835245556,0.001396808890202994,0.0016037959050354544,0.008420582647241215
2020-07-15,0.009187249787830254,0.0030227517050560593,8.430298128891955e-05,0.009763731096509076
2020-07-16,-0.003293552204307937,-0.01414000203412813,0.0006739893294716026,-0.011959412516769685
2020-07-17,0.0028991648793930125,0.005642818777811476,0.0010104162853199483,0.013005302868626334
2020-07-20,0.008081674740793687,0.0128595406362213,0.0010936258496563322,-0.011948295611915905
2020-07-21,0.002127482465192454,0.009233725374057755,0.0005882842993474302,0.002444174724972825
2020-07-22,0.005691905639784833,-0.004345870976760424,0.0008395248795065591,0.01527174065250203
2020-07-23,-0.011931630696198181,-0.008040431908913792,0.001174664847817919,-0.004171185852627435
2020-07-24,-0.006440455462608741,-0.0009262458904986115,-0.0003350744935961547,-0.007362134376011298
2020-07-27,0.007292517806259724,0.015530759361331858,-0.0006705239202757785,0.00946281894358414
2020-07-28,-0.0063423672888455185,-0.008217225416244478,0.0006709738242747232,0.01988866788118293
2020-07-29,0.01229871161681717,0.0161103702864136,0.0011737550534482999,0.019376396145470265
2020-07-30,-0.0035677326267825604,-0.012684110015808492,0.0007535113380636727,-0.0064581287518074015
2020-07-31,0.007901962751494684,-0.006882199346696871,0.0004183272176949693,-0.0018394745281342662
2020-08-03,0.006952230445854912,0.00692989224658902,0.0003938594219525804,-0.013269294198871684
2020-08-04,0.003862763954032955,0.013306029232703631,0.0019265506409256172,0.01494187701898464
2020-08-05,0.006210730397993913,0.01086690374289856,-0.0019228461803844077,-0.005029893517937811
2020-08-06,0.006684445669015826,0.00313551785177979,0.0014239461438221301,0.0016029916014885792
2020-08-07,0.000717868365756491,-0.02054039909343275,-0.0011710513297236158,0.014280395908902843
2020-08-10,0.0029890217638577354,0.0025075580691031885,-0.000921110238680134,0.0015777790259965396
2020-08-11,-0.008254694161096143,-0.0027284875669897346,-0.002765803396212796,-0.014420661285895475
2020-08-12,0.013942692598626794,0.013451840914405544,-0.002016819236079992,0.010082281110318503
2020-08-13,-0.0018081681137221972,-0.0029245341943849867,-0.003704861157948658,-0.012294312377714056
2020-08-14,2.965247881991928e-05,-0.0018050372167986994,-0.0009301322925412414,0.00012311247820306903
2020-08-17,0.00317692913747214,0.012658010970426403,0.0013537594211805448,0.00813311665731642
2020-08-18,0.0021602481753975056,-0.0011158919860644323,0.0014362310683786461,-0.004767239088716124
2020-08-19,-0.004163713212583908,-0.012290460292653127,-0.0015185786936930956,-0.017563375517443136
2020-08-20,0.0031137264262661724,-0.0031674400140875303,0.0017743444581337364,0.009501416687098141
2020-08-21,0.0035471366143584593,0.0049931933788209815,0.0010123309334881814,0.001609939433614871
2020-08-24,0.010133254825530624,0.011065864533566172,-0.0004218052662169347,0.006429057885594558
2020-08-25,0.0034992373444746594,0.010051401023763562,-0.002106898905815613,0.002579878175115846
2020-08-26,0.010025550008156525,0.0026536682737459127,-0.00016902873488489067,-0.009190058853950633
2020-08-27,0.002186607239305083,-0.008380994595895808,-0.003464011509203946,0.014716940220238728
2020-08-28,0.006459583363497279,0.013122627824140531,0.0013563251320058978,0.0065813351871293335
2020-08-31,-0.0036227710860932127,-0.022173443634137535,0.00220141237405147,-0.010170594520005904
2020-09-01,0.009418819993441518,0.017063349900051206,0.002073347747856724,0.000733853412723251
2020-09-02,0.014463783794496754,-0.002648981927546701,0.002026507328463323,0.01857961960736465
2020-09-03,-0.03441422210492151,-0.01903493710592341,0.00025305522205543163,-0.012000564844013795
2020-09-04,-0.008164682456364036,0.00045121044017104595,-0.004971077633372345,-0.005222804349115151
2020-09-08,-0.027322861300248413,-0.017365769755144367,0.0011006879034627381,-0.012210213441858353
2020-09-09,0.01974723780940746,0.014918406993396527,-8.433107473149182e-05,0.009888683996958303
2020-09-10,-0.017363704456145435,-0.016056008063951355,8.433818706143903e-05,-0.012239991986911947
2020-09-11,0.0005092218215865252,0.009652913030905097,0.0011841110582824221,-0.005575865006207881
2020-09-14,0.01317115995429008,0.016162196979758292,8.468419211804523e-05,0.024423680423384164
2020-09-15,0.005052581755426111,0.010528453458384934,8.445061216511007e-05,0.012042203145716579
2020-09-16,-0.003968817307559047,-0.0013299257686152366,-0.0005071891285697294,0.005288594649722533
2020-09-17,-0.008795045152412584,-0.003995667346343823,0.00025391200405056047,-0.019488328887409367
2020-09-18,-0.011512768517736971,-0.0078002157835106445,-0.001182734834080823,-0.022558167461868672
2020-09-21,-0.01112972994656758,-0.009209379713349564,0.00016890308967965062,-0.030064878603437872
2020-09-22,0.010184501267000323,-0.007481546281806417,0.0007609555958116854,0.01196125506677781
2020-09-23,-0.023191164789650665,-0.015531966949481335,-0.0021126112950750064,-0.03012179121250247
2020-09-24,0.002665392363604635,-0.0046402275996766384,8.451387309982294e-05,0.005372706184186615
2020-09-25,0.01616723148796173,0.0009321902047638719,0.000338707820209061,0.020622577348304638
2020-09-28,0.016609232160713194,0.011178487015758964,0.0008468231727787323,0.020463431267273346
2020-09-29,-0.0054458920518152265,-0.0006910939654368731,0.00016926667329619782,-0.007189014216284484
2020-09-30,0.0075818161271790085,0.016132951105426896,-0.0016066279655564397,0.0030487906096348105
2020-10-01,0.006420471156114216,0.009299196591067371,0.0013743961098582336,0.020010286600385063
2020-10-02,-0.00949503958628739,-0.011460834176721613,-0.0010167242601335502,0.01725854510699998
2020-10-05,0.017733516925261927,0.013412187625691852,-0.003223181001569042,0.005736665030711796
2020-10-06,-0.014216234377840031,0.0017945100428924388,0.0008509003553336392,-0.006553389782606778
2020-10-07,0.017406721663018043,0.010971903427542617,-0.0006799444003087185,0.0014658648802332586
2020-10-08,0.008862626827287556,0.008194661143058335,0.001275981350761679,0.016711174465066758
2020-10-09,0.008930220547070933,0.006810297629027184,0.00025493168528023524,-0.003959291282829014
2020-10-12,0.016087697726435923,0.008728015870563155,0.0019538518512232095,0.0046980586371954125
2020-10-13,-0.006526384079338032,-0.004109823523806844,0.0002545965567082309,-0.017144320833918925
2020-10-14,-0.006283352295226807,-0.006733470779903494,0.0005932018628065361,-0.012197964159599617
2020-10-15,-0.001236062216609879,-0.007216037187307345,-0.0008472310375770009,0.005186279480712708
2020-10-16,-0.0006040098773046898,0.003523909579096207,-0.000508739421898663,-0.0071255875926574674
2020-10-19,-0.015203437440293954,-0.002853282815343028,-0.0011878393874105164,-0.015589878670576818
2020-10-20,0.004005548211293286,0.011006080039295485,-0.0008489355281638966,0.007164499820679238
2020-10-21,-0.001892859939551239,0.0028303911624349976,-0.0011901108677840888,-0.0029956078706547817
2020-10-22,0.005485497625246971,-0.00021712959750064265,-0.0017870277345641838,-0.00012489506886459445
2020-10-23,0.0033951195680206325,0.00586320799127682,0.0014492892468380703,0.006009149677335568
2020-10-26,-0.01848008318363703,-0.012953340259186485,0.0013620048553548703,-0.014310747968852677
2020-10-27,-0.0034474355798143064,0.004374317430651642,0.002295479766265096,-0.01603307152417055
2020-10-28,-0.034178922677344126,-0.025043487578332857,-0.0014420648571373818,-0.023864791470265878
2020-10-29,0.010163813026445201,0.010051401023763562,-0.0017836883387009062,0.013407014321994648
2020-10-30,-0.010425108294109475,-0.011278257783686518,-0.002722850780294328,-0.006614549757726018
2020-11-02,0.011208482725475699,0.012748925480093654,0.0018117683210392421,0.02389320902204184
2020-11-03,0.017655864802396115,0.0044168240687545435,-0.0004262960230880797,0.019255397957745668
2020-11-04,0.02234929494732185,0.03144245893352293,0.00665676263355075,0.0017513920168379382
2020-11-05,0.019502846616076264,0.017054051416345084,0.0009326205436965829,0.004745950094608986
2020-11-06,-0.0002284461266944815,0.004611103797951044,-0.0022024453161608726,-0.006836609261780535
2020-11-09,0.012565626463275414,0.006884908668417067,-0.00466904117305178,0.03541925542206137
2020-11-10,-0.0014666688643395487,-0.011396384712797247,-0.0016199208880790517,0.014625895968130687
2020-11-11,0.007428782386511568,0.006497505708047635,0.0005977212656416153,0.0038123702267951476
2020-11-12,-0.00970095376557123,-0.007496806314508997,0.004183525975308466,-0.013054621175716763
2020-11-13,0.013844343989654728,0.014057664369298672,0.000169575106858888,0.02669501384416617
2020-11-16,0.012482392241987883,0.012414714762323475,-8.477317800870132e-05,0.011244326100761759
2020-11-17,-0.005378207235881449,-0.0010218806747174236,0.002040254625715221,0.0009262477399198943
2020-11-18,-0.012034911531246029,-0.0034777179535029346,0.0006788260584900119,-0.019439790910111054
2020-11-19,0.004210497021292836,0.0016422688652624196,0.0018652410873929437,0.0038940151147661695
2020-11-20,-0.006847885165781609,0.005533936005658768,0.0010156539099963613,-0.005407082629803273
2020-11-23,0.005994222358355117,0.0026497256558828397,-0.0002535993951552351,0.0018910352441665612
2020-11-24,0.01611388485041143,0.013417369576024907,-0.0013533249561811234,0.00530851183074077
2020-11-25,-0.0015418865159592121,-0.005616624924788538,-0.00033852584735316604,0.0005865131546520796
2020-11-27,0.002785077294404692,0.009481342350467603,0.001694258324163922,-0.004456638518496647
2020-11-30,-0.004427190328016861,-0.026179052326424812,0.0013528731953189599,-0.010484040950113571
2020-12-01,0.010937238443641029,0.01970047400846342,-0.00316369297072161,0.012857130158052898
2020-12-02,0.0021038985945096567,0.0014086991903792256,-0.001103320325111068,-0.007874515042300634
2020-12-03,-0.000272471612915548,0.011454986039453274,0.0016992094243521993,0.00841117051567708
2020-12-04,0.008617696392849927,0.010331799862771662,-0.0027144096805375995,0.015272411386744622
2020-12-07,-0.002055124491223359,0.0,0.0015311671430398022,-0.008678453012179843
2020-12-08,0.0029262061616137647,0.00039326741852274694,8.475868304791412e-05,-0.003501792951548066
2020-12-09,-0.008968619808712441,-0.008649418632372674,-0.0014431904962399766,-0.006208412144801723
2020-12-10,-0.00032728824106242893,0.012889226140553989,0.0024655780425020257,-0.004361178306963809
2020-12-11,-0.0011724282406951891,-0.007047786666322997,0.0011025329231304504,-0.0009470849044875829
2020-12-14,-0.004477325389418807,-0.005199106070064352,-0.0005929829944014697,-0.004384323323272876
2020-12-15,0.013519486165890493,0.010812923934399699,0.0005933348318667431,0.020471104009214258
2020-12-16,0.0015692331171526241,0.004754326264504005,-0.0004235377648608152,0.0011665656789758838
2020-12-17,0.005591872675559495,0.0065062973997547235,-4.2416927051092124e-05,0.009669060073370206
2020-12-18,-0.003992748859721784,-0.0011752474989775719,-0.0005091000599739548,-0.020076189126426947
2020-12-21,-0.0035758138961548003,-0.014708761923418523,0.0,-0.005651511931103914
2020-12-22,-0.0016849218380765585,-0.00796181509860705,0.00144312207671482,0.006986279658531158
2020-12-23,0.0008984977114703252,0.010232686881966213,-0.0006779915161860828,-0.00646771618835551
2020-12-24,0.0038904099939447434,-0.004369236035043467,0.0009329743850097216,0.008755065307544108
2020-12-28,0.008590834665171743,0.0027924846297469053,0.0001696241012518751,0.005960946497244324
2020-12-29,-0.0019079419753734728,0.0149195181415811,0.0001695953337959022,-0.008532502534646547
2020-12-30,0.0014269150699939281,0.01332805988539576,0.0005929564120614739,0.005498103613773564
2020-12-31,0.005080552449548081,-0.0005801944003652748,0.0007618455594020634,0.009629157637079055
2021-01-04,-0.013613498636271704,0.006386756089106216,-0.0012689763272920596,-0.03249728275359465
2021-01-05,0.006887040131170252,0.02403845361134116,-0.001016485983957427,0.0014603498199072806
2021-01-06,0.005978536572997184,-0.008450798112147884,-0.0049187802256345226,0.0017014616808324057
2021-01-07,0.014857515234280694,0.009469694816854002,-0.0010227013208170543,-0.001941288395887364
2021-01-08,0.005697583358492908,0.026454008509950944,-0.0011942594042625432,0.009724205063821989
2021-01-11,-0.006740674314386519,-0.01352567600562804,-0.0016228160750557663,-0.013241709804566848
2021-01-12,0.00021133640231552064,0.009820193604661354,0.0008553421243158166,0.002317852518550767
2021-01-13,0.0026928477397825112,0.0022016233599719826,0.003162668399569135,0.012171360356725058
2021-01-14,-0.0035019142081805787,0.00933734488219451,-0.00195971129553163,0.005892151567068682
2021-01-15,-0.0072930316031945,-0.014148379836867453,0.001024383325104461,0.011476537329220049
2021-01-19,0.0078523552889036,0.01655936578144912,0.001364800122136911,-0.0028367973514394906
2021-01-20,0.013838642987237693,0.017556628384324258,8.523101537738498e-05,0.019082791757080608
2021-01-21,0.0009114764189221969,0.0017786191449116195,-0.0014480475782956415,-0.0047687587380946805
2021-01-22,-0.003539209355077233,-0.008700178901034805,0.0,0.0023374591516291954
2021-01-25,0.003943699204711049,0.007522844157392905,0.0025590570262594703,0.007578544625119532
2021-01-26,-0.0015607538157713652,-0.007288944588809021,-0.0003402158043838144,0.007058521151328101
2021-01-27,-0.02444054135852769,-0.027758010942411704,8.470508726210468e-05,-0.017695351673067794
2021-01-28,0.008600122715446412,0.0069995792766590625,-0.0006803788633600316,0.005380843179641381
2021-01-29,-0.0200195584730124,-0.024876444280224508,-0.0011071906300401668,-0.011518166139428021
2021-02-01,0.01664532050950207,0.02701171535115976,0.0009562034160222055,0.02283421488532622
2021-02-02,0.014140291005205974,0.012967999030945254,-0.001534982267812901,0.005983913370253502
2021-02-03,0.0007864855073829169,0.0050486889208665175,-0.001196232220672,-0.0025167501380214397
2021-02-04,0.011365668765994652,0.0003588640575880042,-0.0004281111781830882,0.0068806650846067186
2021-02-05,0.003935971699944529,0.008608417563607418,-0.0012834423046828025,0.003530863089287628
2021-02-08,0.0072220750338931605,0.0017779865371545522,0.0010284379030864876,0.00544780614092244
2021-02-09,-0.0006661374068092085,0.010649518109628886,0.00042772144885350194,0.0034995834199589293
2021-02-10,-0.0004357031642554521,0.0035126344163334267,0.0009411613015770648,0.005398979412064131
2021-02-11,0.0016152600293752872,0.010675452513818184,-0.0011963915938431047,0.0021258981881304706
2021-02-12,0.00493971348908695,0.0008658600598219213,-0.0023106052128777366,0.00022306113721182186
2021-02-16,-0.0008661019823843485,0.002422073443502981,-0.004717990458171117,-0.007701326738348113
2021-02-17,0.00022958847994170029,0.00034531186426312033,0.00198229154920071,-0.0012375804099195031
2021-02-18,-0.004256034958091237,-0.013802677014606357,-0.0005162854470638356,-0.004279738268352484
2021-02-19,-0.0017659014594353373,0.006473005257334075,-0.003098321056796527,0.005768664700624315
2021-02-22,-0.007691677106472894,-0.029375959085763625,-0.003107338277219096,0.008321856839682118
2021-02-23,0.0012140861360030453,0.004477076250252843,0.00025984794941580347,0.006245898001390415
2021-02-24,0.011019659565370654,-0.006418328157586917,-0.0003462716018760581,0.0076478531833745755
2021-02-25,-0.024096004496841572,-0.022788341825127345,-0.009180066947536591,-0.019139676990858057
2021-02-26,-0.005152560970218545,-0.013404509176600188,0.0081287634688747,-0.014578745861939857
2021-03-01,0.024240386938546354,0.026800893876429477,-0.0005209415746115775,0.004438391754142179
2021-03-02,-0.007803443518056508,-0.009788036983555792,0.00017348137282202636,-0.009630745279781583
2021-03-03,-0.013245690124720655,-0.002013542108486699,-0.0036484739131885657,-0.005720215857202171
2021-03-04,-0.012374803215206565,-0.02329409833147189,-0.0028773647512014833,-0.011391147283952407
2021-03-05,0.01839669788572107,0.010891925104207889,-0.000699670757740134,0.010940576773274424
2021-03-08,-0.004978893921139038,-0.02693658253457698,-0.003937658210864559,0.008634495446492085
2021-03-09,0.01427778723203077,0.021954970760425407,0.0037773564646916835,0.006620097339693487
2021-03-10,0.00622453203283202,-0.004483677175884049,0.001663143820501256,0.009978376036148262
2021-03-11,0.010139021967293438,0.031525729970460104,-8.784437255882072e-05,0.011676361301067084
2021-03-12,0.001346724313877612,-0.01782792390734278,-0.0056794520071224985,0.016757473438433035
2021-03-15,0.005963462931761088,0.002407906795704573,0.0010547245804648497,0.014843907912847287
2021-03-16,-0.0012611492787730771,0.0042497570746968805,-0.0003514116211815743,-0.004087174482041767
2021-03-17,0.0034097000897428398,0.0012879892341799426,-8.751461070410915e-05,0.0008641404718816581
2021-03-18,-0.014549459455367009,-0.01837567146648522,-0.003864582372253067,-0.010142579506421057
2021-03-19,-0.0018502418149806132,0.012354982138221171,0.0007934874260060454,-0.013625426145025488
2021-03-22,0.0079847764002412,-0.002958639452331102,0.0019381327263043868,0.0070725941064322395
2021-03-23,-0.007870644698970364,-0.0191021385086515,0.0025502301253521598,-0.0014266400766411724
2021-03-24,-0.005083531412917841,-0.02287786879146858,0.0012278612975464842,-0.005604279029257864
2021-03-25,0.005625467948118468,0.004644097935095681,-0.0005256916787681476,0.010181973295477986
2021-03-26,0.016114981850023247,0.02600141639001219,-0.0016652427027830097,0.021566770929406953
2021-03-29,-0.0005051034124763376,-0.00694569183137006,-0.0016675541953171669,-0.0058163898484283605
2021-03-30,-0.002652680191693846,0.0032137004647370127,0.0007909267633570138,0.001300235845229425
2021-03-31,0.004053209571713179,0.005087595648389565,0.00017566579982064567,-0.006059328034068723
2021-04-01,0.010798992231089377,0.009748916318245149,0.0033609329255659404,0.018179540585279153
2021-04-05,0.014352873348368211,0.0038988013392653453,-0.002016716914114758,0.003849215354132518
2021-04-06,-0.0005903528075718034,0.005548187255462578,0.003514684674954527,0.0025562389593190016
2021-04-07,0.0011572518562126266,-0.01471397938823893,-0.0015760145579208906,0.0007435716802033365
2021-04-08,0.004746757581804761,0.008213538558160538,0.0024551294311438987,-0.003715386808675336
2021-04-09,0.0072702774663833125,-0.008516905463230362,-0.0011370097524793232,-0.001172206084845251
2021-04-12,0.0003645090602240053,-0.005975604279110036,-0.0002625962417547312,0.005867519122582543
2021-04-13,0.0029636145426572558,0.0041331612417716546,0.0028908656603279237,0.0049843431129552584
2021-04-14,-0.0034149211699935345,0.005051345183328282,-0.0007862645617378039,-0.005276315293642808
2021-04-15,0.010742300572484487,0.009121258682305289,0.003933952792102957,0.017504866661421925
2021-04-16,0.0033424857694792642,0.0025825519855529055,-0.0026121018047171596,0.0021893147878919716
2021-04-19,-0.004913152783253105,-0.0036797889492905522,-0.0007859297057744019,0.001977024407244121
2021-04-20,-0.007321475897659857,-0.00812548307772254,0.0015725552776304497,0.008202288019135029
2021-04-21,0.009461916265337766,0.006144095428273211,0.0009595356855616188,0.006591288833041942
2021-04-22,-0.009133026964652236,-0.0035160588662601633,0.0002613916788722914,-0.005422668689285759
2021-04-23,0.010842421113891554,0.014484683036403379,-0.00017416425028526916,0.005863723734670145
2021-04-26,0.0020878788864480136,0.001281309308522216,-0.00087135798928617,0.0029657199830945835
2021-04-27,-0.00021575001650309122,-0.0005483738720108988,-0.0024423926229383275,-0.00010215647951450357
2021-04-28,-0.00028736455252886817,0.007499600471937207,0.0005250155012854751,-0.002141221128416415
2021-04-29,0.006372708102723168,-0.002360255553605417,-0.0005247400046488604,0.008584569838179457
2021-04-30,-0.006570350449978779,-0.017652478650882486,0.0010492583528265431,0.003951577216217306
2021-05-03,0.002156682486815109,0.0,0.0006383115848149767,-0.001917684730971092
2021-05-04,-0.006169148460533513,-0.011300555855005778,0.0012242827914294985,-0.006471611433648161
2021-05-05,0.0003125909469521293,0.004684439712719701,0.0007858894591508125,-0.0165903229173745
2021-05-06,0.007985703844639147,0.009511322658613208,0.00017459049368628854,0.005588838504987592
2021-05-07,0.0072779090058427975,0.010345475098052948,-0.0002616860927541209,0.013173965525765885
2021-05-10,-0.009902301654449275,-0.017919042022586318,-0.0015706045283852,-0.0003044826017695179
2021-05-11,-0.008924842919209364,-0.002792806929800884,-0.002184848095804881,-0.012600435852693548
2021-05-12,-0.021245235089877856,-0.02763257482376613,-0.003503565928134278,-0.025316448558024285
2021-05-13,0.012012675786678528,-0.0013441283962414285,0.0022854254515947137,0.01298700923010876
2021-05-14,0.015355244761021014,0.018073346794082124,0.0022799047062194155,0.011882687800583325
2021-05-17,-0.0025445577245004625,-0.0009441897395511267,-0.0008749333224230549,0.0010298184511068342
2021-05-18,-0.008615770062730066,0.013421591778515207,-0.001225623891468297,0.00020590216536531258
2021-05-19,-0.0026215511900565813,-0.002984417710685139,-0.0014028849689249334,-0.0031894641886197617
2021-05-20,0.01075780670844706,0.005799502501049547,0.0034240213534986186,0.011250024860449237
2021-05-21,-0.0008186435735890729,-0.011532523133067074,0.0004374276904852703,-0.001020545599019429
2021-05-24,0.010194113800423787,0.008279999448193687,0.0009619818833175309,0.012464047541871581
2021-05-25,-0.0022185807753006825,0.009891753983285234,0.0024462787744783387,-0.00030282334386455556
2021-05-26,0.0019845595161389618,0.007392219835985259,-0.0003484617731436268,0.004441402388014382
2021-05-27,0.0005248604221184117,0.00018348085597863495,-0.0012202336761722998,-0.0023114681806021276
2021-05-28,0.0017887185761875646,0.00641962968356502,0.0,0.006043831252905196
2021-06-01,-0.0008808930230479461,0.020594180979151888,-0.00046354818948535215,0.018021288293706084
2021-06-02,0.0015727185700289414,0.0016071608608485555,0.0013119149450031564,0.011703912252812643
2021-06-03,-0.0037113073743637592,-0.01069713716547227,-0.002358645397016579,-0.003694240271746696
2021-06-04,0.009145883838707958,0.009010707965545262,0.004115305703354277,0.00048777405991895506
2021-06-07,-0.0009702447980907136,-0.005000974315213402,-0.0006975167971786655,0.011800265464112947
2021-06-08,0.00021302363196173957,-0.00484650415463006,0.0018320001506870742,0.008289074964514809
2021-06-09,-0.0014918509963949278,-0.0028858290406110765,0.002003848691006116,0.0013384210385714024
2021-06-10,0.004648471962642731,0.008012352849073867,0.0020860017541499687,0.00715997465708651
2021-06-11,0.0016523991056536236,-0.0034246393546407683,-0.000433726810805668,-0.0039811298427449016
2021-06-14,0.002239165826445122,0.002712904778987557,-0.002516783526796962,0.0039017879964786673
2021-06-15,-0.0018344091011212038,-0.0068542977653414106,0.0004348565295397844,-0.01071189165243469
2021-06-16,-0.005583428472115126,-0.013621265394477278,-0.0032172138448459675,-0.006515874579259284
2021-06-17,-0.0003314844365587266,0.005523636547968724,0.0031405066165406392,-0.001253885525668741
2021-06-18,-0.013490422877014296,-0.00695855225846953,0.00269635259844625,-0.016996640465614554
2021-06-21,0.014316005918498353,0.004241380249404569,-0.0026025168489179906,0.020630715177789583
2021-06-22,0.005346222611075868,-0.0045905749786859795,0.0010437996667778116,-0.005197743788187159
2021-06-23,-0.0012053407140941719,0.006087422230137918,-0.0005211642912831271,-0.0017416927397745363
2021-06-24,0.0059156949487062516,0.009167605264327694,0.00034805798577131064,-0.0021573237960578195
2021-06-25,0.0035519534215735504,0.008357689538894375,-0.0019988954822098837,0.006750235262891202
2021-06-28,0.0020160215854396757,0.0009008029320354272,0.002872910987624655,-0.0029152525406684893
2021-06-29,0.0005383223186836705,-0.0007201935494232092,0.000520955394408551,-0.002728910705170562
2021-06-30,0.0008412598545983752,-0.006485260031692031,0.0006940671440203161,-0.005276914385723974
2021-07-01,0.005536812954558101,-0.00562107330156969,-0.0005553116873057151,0.004322553867559309
2021-07-02,0.0076435995154082725,-0.0010940042790386073,0.00217172678038291,0.0030323948042141335
2021-07-06,-0.0018214439738046817,-0.017524719387490784,0.0032072850699129685,0.00731434204968906
2021-07-07,0.0035340010119009335,-0.0011147379041499539,0.0017284085777236058,0.0034853627494437767
2021-07-08,-0.0081479618619974,-0.020833356490328914,0.0011212159436253533,-0.0027979405072162677
2021-07-09,0.010674745164550137,0.017287253666770752,-0.0032741381070996445,0.016447316473847007
2021-07-12,0.0035820423577701543,0.0009336053778474795,-0.0006052880636479019,0.008566522022613876
2021-07-13,-0.003409044803123873,0.0009329734691045921,-0.002162334779684527,-0.013967476573032434
2021-07-14,0.0014921782924892657,0.0042869934678742005,0.003380420955116703,0.0069868028407558125
2021-07-15,-0.003415609445355794,0.002412760530130731,0.002159947884558422,0.0016159835590112692
2021-07-16,-0.007843619489351195,-0.007776267554371441,-0.0008620411754555191,-0.0006642302093344821
2021-07-19,-0.014767764735009736,-0.016794343896844643,0.005263405620514305,-0.0182320163206654
2021-07-20,0.014330544492670239,0.003226619403509101,-0.0009442830698442872,0.02359992558886237
2021-07-21,0.008095965918702097,0.006432160641714146,-0.003264801552434249,-9.459672746736647e-05
2021-07-22,0.002094139406840778,0.0018794947491926894,0.0023276030807295456,-0.007937793339726107
2021-07-23,0.010288231130877623,-0.014821883858419316,-0.000688139910533514,0.008287221232700315
2021-07-26,0.002454892132252251,-0.019043795535592545,-0.0008606347179151985,0.000472465903639252
2021-07-27,-0.004557736707798021,-0.020190347333834735,0.002325647128932129,0.005665543359637093
2021-07-28,-0.000410089458392604,0.027144834412543783,0.0009450354528159899,-0.0034740578956290458
2021-07-29,0.004147429283651416,0.005015496868474134,-0.0016307241419758478,0.00018857319895504432
2021-07-30,-0.00485632255074353,-0.009596951468884174,0.0013754047817029491,0.0013186529681437076
2021-08-02,-0.002098262595019551,0.007170574488865267,0.002123811782422047,-0.0021638346053316493
2021-08-03,0.008135552108126332,0.004233227919445248,0.0003432543102050989,0.001225808095412173
2021-08-04,-0.004918994732172721,0.005173398865069734,-8.576529054571402e-05,-0.0031074366615017057
2021-08-05,0.0063328124058961155,-0.0015249847139463535,-0.0022306164181659094,0.011713303156629884
2021-08-06,0.0016524976049960838,-0.008400185399586979,-0.0044706020635384425,-0.001773908048721462
2021-08-09,-0.0008135818550399909,0.0032729641231261652,-0.0018134350963391332,-0.0053318597300439086
2021-08-10,0.0012440659852304137,0.001343395736813413,-0.0012979137826144571,-0.009497618879912517
2021-08-11,0.0024848203063385643,0.002683023292813891,0.0009530454792450183,0.0058862083515094366
2021-08-12,0.0029967598165729914,-0.008792023700798235,8.646122202793372e-05,0.002170863864137784
2021-08-13,0.001820222308650532,-0.0025068221975163008,0.0036348592153574444,0.005462546006590463
2021-08-16,0.002354523878285164,-0.00908570639294115,0.0005171468735758467,-0.0012176855921531837
2021-08-17,-0.006555250205989238,-0.018337860177188525,-0.0007753950785583941,-0.001031736353092616
2021-08-18,-0.0109450145303015,0.001589923967128426,8.623870494628427e-05,-0.009106313048633408
2021-08-19,0.0015483889861969136,-0.017063535046236034,0.0017248526926698649,0.004831818505552921
2021-08-20,0.007957108805142887,-0.0008073061812513549,8.600714441753254e-05,0.004997196467360743
2021-08-23,0.008796311693921144,0.015151419777874375,0.0,-0.0018763178570077033
2021-08-24,0.0015874435970977263,0.0226864468772372,-0.0014634328240237249,-0.004417785013232645
2021-08-25,0.002098397758538262,0.001167698012812135,-0.0018968125202200037,-0.0006608439231168273
2021-08-26,-0.005902888063918366,-0.009523736834957552,8.64412465146902e-05,0.0003780583921595415
2021-08-27,0.008940897469712716,0.012362482272663788,0.0027637560035997932,0.010482467006468044
2021-08-30,0.004397289691782769,0.002132163173899082,0.0011197854056175238,0.009999899149286007
2021-08-31,-0.001481442857976023,0.013733186147235399,-0.0014624758937529236,0.004719233229067532
2021-09-01,0.0005313975922107694,0.012783961691685608,0.0003193134926453567,0.016024996458951835
2021-09-02,0.003076773990357884,-0.0045217569750224396,0.0010351293915522586,0.00525755241955328
2021-09-03,-0.0002428842580900481,0.005299103156617857,-0.0017237592785023237,0.0001802170274183279
2021-09-07,-0.0035753305845642736,0.005835723737977583,-0.002675717192475058,-0.011269301268984844
2021-09-08,-0.0012183554913119954,-0.014598410112902638,0.0016446519160548956,0.005015024733633577
2021-09-09,-0.004280286558713153,-0.0018992099717806132,0.003196949801649085,-0.020323068176863135
2021-09-10,-0.007884674286430249,-0.001141759279098875,-0.001981005022072546,-0.014632142307378082
2021-09-13,0.0025593290387160295,0.002667014700782122,0.0012944682908648808,0.0067668054095579855
2021-09-14,-0.005396508066543126,-0.008360202467989186,0.0022406124350737855,-0.001773830739604576
2021-09-15,0.008352789147721307,-0.00019161948149382102,-0.0009455477805317969,0.0031798104088078816
2021-09-16,-0.001585173238498938,-0.01130706179092622,-0.0017214502565144896,0.0008389271673594489
2021-09-17,-0.00974135230455464,-0.004264409082778475,-0.0008624363357440101,-0.008941731272020914
2021-09-20,-0.016674069899229038,-0.026863770012786614,0.0018986948328105768,-0.006109028083290724
2021-09-21,-0.0009444774511789822,0.0074013414184219695,0.00043062133337978814,0.0004726553610110429
2021-09-22,0.00975466587146645,0.012510112415736963,0.0003446207324950823,0.009735511754833226
2021-09-23,0.012150164178018619,0.007844407982878554,-0.004906321808223257,-0.001965728685811352
2021-09-24,0.0016471289717252535,-0.01187000453823317,-0.0017300163644659028,-0.01069263883331073
2021-09-27,-0.0028610158079365178,0.006498689503097177,-0.0013862899752823399,-0.013450144489414284
2021-09-28,-0.020151717533941294,-0.012913374937334687,-0.004165176203739018,-0.006768482046425328
2021-09-29,0.0016830550610638095,-0.009316141695643765,0.0006972397226512328,0.007495874229132227
2021-09-30,-0.01222235395895932,0.008003271849235327,-0.00017401660185600853,-0.01652311481352886
2021-10-01,0.011884188367459858,-0.0009924342351347315,0.0030528496663502214,0.014148054374671926
2021-10-04,-0.012895849940935844,-0.014703025131392433,-0.0006957444267321478,0.00019365514837632603
2021-10-05,0.010404797256949427,0.007057882815905803,-0.0023492958820054977,-0.00687718032638629
2021-10-06,0.0041559890803248845,-0.0056067345770997035,0.0004358811894078496,0.009558324254171913
2021-10-07,0.008645925527567933,0.019532833703564734,-0.002790027962139341,0.002704969244774924
2021-10-08,-0.0018239645755420142,0.0037526960331388803,-0.0021856235306929594,-0.009442199761109937
2021-10-11,-0.007239611769709442,-0.001967683560737954,-0.0015769362368526219,0.002529047093344561
2021-10-12,-0.002461487723507849,-0.005126248868337346,0.0036854319124486334,0.01309800331476585
2021-10-13,0.003597522478262505,0.013872559928939543,0.002273510932291112,0.007278209827417337
2021-10-14,0.0168205834929811,0.0031273034599819116,0.0019193586620105396,0.012169655085429998
2021-10-15,0.007615786811233649,0.012081062057570646,-0.0024380572453034377,-0.0007515536878361928
2021-10-18,0.00296048026423934,-0.0025027147325953347,-0.000698432247064118,0.0025382108278018123
2021-10-19,0.007714955479169117,0.013317646388123716,-0.0028820615634486124,0.0004687363343331974
2021-10-20,0.003927844112752821,-0.00019024413444401755,-0.0007007103554815819,0.01574510122562689
2021-10-21,0.002608174551183673,-0.006477581683322242,-0.0021038354396643033,0.0013838458408039767
2021-10-22,-0.0010361019725337872,-0.00210934928227946,0.0019323700492106521,0.00469925467600385
2021-10-25,0.005362651696722676,0.005188393182731232,0.000964436796327961,0.0032098151777577577
2021-10-26,0.0009000236092737701,-0.005161612706552687,0.0018392421634834122,0.002742302566943744
2021-10-27,-0.004430107319209564,-0.008070642460836108,0.0033224326581888786,-0.008478332688782175
2021-10-28,0.009648802173023885,0.0009685942773227652,-0.0007843685634605357,0.013975806734283669
2021-10-29,0.00202906112267609,-0.01451510297484726,-0.0002614067932765751,-0.01124409870937737
2021-11-01,0.001720405850536011,0.00785536004914067,-0.0006115095215309951,0.004952335864560231
2021-11-02,0.0040430196033915955,-0.008963341794243629,0.0020106606761243206,0.0047453511612494115
2021-11-03,0.006105330121979113,0.0047187933826786654,-0.0020066260320698026,0.0033607937032715807
2021-11-04,0.004712350900258899,-0.002348482532472107,0.003321665262537632,-0.009505119795004235
2021-11-05,0.00346972043299143,-0.0011766705431321967,0.003921059706487817,0.005118231544011476
2021-11-08,0.0008535992617848542,0.009229983094458438,-0.0018226557199030324,-0.0008187032432235286
2021-11-09,-0.0033052989795991916,-0.0038918006818645656,0.0027822451890548994,0.0017292885182491613
2021-11-10,-0.008044947746077002,-0.004102452157583314,-0.0067632999710770525,-0.004633330440605987
2021-11-11,0.0003235334517737165,0.017261909247170415,-0.001833164192569403,0.0016431229419837656
2021-11-12,0.007546788623459699,0.002699578701114147,-0.00017447425575367603,-0.0007289420371602295
2021-11-15,0.00034262376079507995,-0.003269187391712447,-0.003674467712843188,0.00702092834557444
2021-11-16,0.003957628667087043,0.0013503235110619016,-0.0003509876297400627,-0.006609825432062233
2021-11-17,-0.002429073824623651,-0.005202142570533641,0.0023714385790265524,0.0030989485015135987
2021-11-18,0.00339635575384567,-0.01220222156489692,0.0008763518566496931,0.00018180018047342372
2021-11-19,-0.0017882341978200378,-0.0015685574778144806,0.0019256581565147979,-0.005905466843095453
2021-11-22,-0.0028152742211595694,-0.008052010190266135,-0.0048057716026268515,-0.004935055158412527
2021-11-23,0.0013260621376196546,-0.0009898800524634765,-0.0039505496745781965,0.008082434257330684
2021-11-24,0.0026698413315280334,-0.0013871544875957431,0.0022916631012406263,0.012117054951493733
2021-11-26,-0.02230297753729582,-0.033538365209047516,0.0071233160345987034,-0.027815036839824336
2021-11-29,0.012266319046188023,0.003901241241883513,0.0005241274667613371,0.007407202809206259
2021-11-30,-0.019457540595746226,-0.0010226803864499256,0.0016580406115378477,-0.018933764130350084
2021-12-01,-0.011107201587145177,0.003685470832422988,0.00019210944553593734,-0.01648853180393095
2021-12-02,0.015316324872558074,0.012240054591028393,-0.0001744728804764506,0.03000564872809197
2021-12-03,-0.00870137382215197,-0.01410714476186481,0.004013500308886142,-0.0033294257913606407
2021-12-06,0.01184331085176149,0.007767742509648734,-0.0034762669377125244,0.01753747924648974
2021-12-07,0.020684904758843548,0.0158215307984495,-0.0015695562149871112,0.01440819662498205
2021-12-08,0.0026479647072625845,0.00399368755654983,-0.002620369880186546,0.0071916212039078165
2021-12-09,-0.006751578152863202,-0.004773395708646766,8.780204035718775e-05,-0.014459113284959857
2021-12-10,0.009413560898302364,0.0007994101492676542,0.0002626947124180212,0.0030790225317522957
2021-12-13,-0.00885843816768761,-0.01585892322996918,0.0035015998379137603,0.009389836769598592
2021-12-14,-0.0068798950477204635,-0.002263889238909411,-0.0019193540633020145,-0.012790810059916669
2021-12-15,0.01562502838532276,-0.0028877329894221315,-0.0007863324564160168,0.014043683220873238
2021-12-16,-0.008818625224870313,0.0012412586758183686,0.001374509960307968,-0.00035744467720266737
2021-12-17,-0.010642853003123731,-0.004958618622211253,0.0012243140469285763,-0.0012513023323328376
2021-12-20,-0.010633447450375422,-0.014950161903802384,-0.0014848600206830431,-0.007785796160446057
2021-12-21,0.017759038480315903,0.016863470578937223,-0.0007871456633081753,0.011274408036677563
2021-12-22,0.009998567542462977,0.004767628383365308,0.0008752867917916074,0.010256815866507285
2021-12-23,0.006222137603891786,0.005157822778910859,-0.0012243756512078097,-0.0010593943494618951
2021-12-27,0.014152173519592859,0.004515524317324937,0.0005253101954412198,0.016976489478014223
2021-12-28,-0.0008171378853258915,-0.003269098949657989,-0.00043775773053200684,0.0036840369883923696
2021-12-29,0.0012791413630828252,-0.004510055817343095,-0.00297657424988651,0.0067298101209571914
2021-12-30,-0.0027645427176749005,0.01145572957625407,0.0021955950644163558,0.004340619708510962
2021-12-31,-0.002520021510940995,-0.004888788668140465,-0.00035075800961803516,0.0027657867593688934
2022-01-03,0.005789710068219822,0.007164645564552652,-0.006837363023114329,-0.007843950334064376
2022-01-04,-0.00033490819200021615,-0.0034553276594530002,-8.817016641904374e-05,-0.001216612485109403
2022-01-05,-0.019201958318842083,-0.01631653323035176,-0.0030893083899886653,-0.028618540027923633
2022-01-06,-0.0009395327340023796,0.004561487162189737,-0.0010626503284050237,0.0008953927211343693
2022-01-07,-0.003953471456400792,0.009081548955406582,-0.002925165080894021,-0.0066205697779936346
2022-01-10,-0.0012444215436794304,0.0,-0.0008888261522747021,-0.005764300786125109
2022-01-11,0.00910825118624814,0.023113161653372405,0.0018685059327199216,0.0015401168408566424
2022-01-12,0.0027035125677552507,0.016593183110561904,0.0,0.0011758825923102734
2022-01-13,-0.013778588723959095,-0.014158988864132915,0.0017765352912826327,-0.0019876427695683097
2022-01-14,0.0004091393294782808,-0.0003991008527099993,-0.00558537322603514,-0.009052241185979915
2022-01-18,-0.017709577671669807,-0.017760909866737618,-0.006062347866701789,-0.010505054459460927
2022-01-19,-0.010383684352731515,0.004266540931697094,0.0021527854782528166,-0.013478563944915645
2022-01-20,-0.011067966892225778,0.005866915389232341,0.000536766934219779,-0.012820683137559019
2022-01-21,-0.019630742579859528,-0.014481119510748264,0.003936104215215286,-0.0024646253892132153
2022-01-24,0.004246890997937625,-0.014081575443148364,-0.0011583061707944875,0.0019006346733425605
2022-01-25,-0.012208990502032058,-0.0018631347693019995,-0.0009812657472021424,-0.003983667985946404
2022-01-26,-0.0025087652701639707,-0.01265024438398299,-0.0056253054373278655,-0.01561758300845062
2022-01-27,-0.004937988903296997,-0.01155208908176475,0.003322418170752961,-0.016542609618562798
2022-01-28,0.024835211350742847,0.004887148900391436,0.000715975562970872,0.03236308967372126
2022-01-31,0.0180112888652888,0.03277650450950409,-8.942315975568604e-05,0.012291503700007755
2022-02-01,0.006756727201253421,0.006142567924240616,-0.00034937459839867735,-0.0035768827251069224
2022-02-02,0.009714175332520503,-0.0016279665498706297,0.0010754225127869166,0.012752700473136258
2022-02-03,-0.02350491878191885,-0.010599251771128415,-0.00402834611897962,-0.010633644880049142
2022-02-04,0.004702167861851958,0.002472091172864399,-0.006290965205281274,-0.009898954919987046
2022-02-07,-0.0032092655553283,-0.002055010245664346,0.0009046127211982391,-0.0014282627003584514
2022-02-08,0.008227885857117867,0.009678679951041103,-0.0030720847667105033,-0.004672501745738966
2022-02-09,0.014636031630174795,0.015704665378710514,0.0006341560674585356,0.022609542839448826
2022-02-10,-0.017965488019975995,-0.0066264797213910764,-0.009238953651429349,-0.023608668540051836
2022-02-11,-0.019718714785316727,-0.015160557860647739,0.0065827008444185875,-0.009115356466781854
2022-02-14,-0.003269449805712532,-0.006978739714296522,-0.005812936319378403,-0.009102293028785846
2022-02-15,0.01612691061180005,0.021703182019469747,-0.0016445120756867215,0.008990639244187415
2022-02-16,0.0011208289476747346,0.007283082049687639,0.001189296396211903,0.004648877087048531
2022-02-17,-0.02136141308195383,-0.0116489902268464,0.0021025652091828384,-0.010604439175252889
2022-02-18,-0.006475204256450318,-0.009957228488074676,0.0020977564018518358,-0.006041137009458852
2022-02-22,-0.010731430204282577,-0.01416267554324746,-0.0010923559348563483,-0.0036270020499913347
2022-02-23,-0.017738842297410296,-0.011659390967356464,-0.004464696084889197,-0.01652911364695664
2022-02-24,0.015049186028534667,-0.020644682399281522,0.0018306781762014168,0.016806917089585482
2022-02-25,0.02206411521702556,0.018498589084529726,0.001004997288727827,0.02410449988729768
2022-02-28,-0.0025585824056113537,-0.01309398864623923,0.0072098396735587045,-0.014890835166707084
2022-03-01,-0.015230237624720755,-0.013267625966620122,0.005635358531589141,-0.005266363053140988
2022-03-02,0.0183960923835349,0.00173494419875464,-0.012001347368764792,0.01872579773645522
2022-03-03,-0.004978416742498548,-0.014072132666501869,0.0033793052433814808,0.008179943637438791
2022-03-04,-0.008124711500399284,-0.02020209016692831,0.004005051727628883,0.0045818687847416495
2022-03-07,-0.029479096400490512,-0.037427072674337536,-0.005802527918124301,-0.019764179448134467
2022-03-08,-0.007581801000799526,0.0032594600083566405,-0.003556447084690717,-0.004846887530866484
2022-03-09,0.026811037667928028,0.028312784450632345,-0.002104575634833905,0.015390473149010875
2022-03-10,-0.0045155651959540855,-0.018731746802685745,-0.0055947316370162925,0.002494351264819894
2022-03-11,-0.01271506836601266,-0.020929113423262535,-0.00018396738297610238,-0.007942720548393178
2022-03-14,-0.007308429727895582,-0.024195380114954257,-0.009685462209412687,-0.007813139192055174
2022-03-15,0.021990540247275092,0.0014443851476384495,0.0022351196085559355,0.006708321264390582
2022-03-16,0.02217408521839448,0.08052889390932272,0.0007436478262408119,0.01187818381964112
2022-03-17,0.012510935070344287,-0.005116744505693771,0.0016714391293684017,0.015460737071267383
2022-03-18,0.010952754064776027,0.01431124270182682,0.0022251625076772363,0.0
2022-03-21,-0.0002923067962415926,-0.015432252154353066,-0.009805545268180227,-0.0061088662053410125
2022-03-22,0.011701335776690414,0.018137152557549108,-0.0027095211887011583,0.0025532946002320145
2022-03-23,-0.012878563457789816,-0.006597915106184349,0.004121896995114227,-0.011219543785544017
2022-03-24,0.015074528359794837,0.0053134266210626,-0.002239151982258214,0.00633037852643481
2022-03-25,0.004883514451210491,-0.007927737151371628,-0.007947591511626051,0.012485816477083356
2022-03-28,0.007113119762122144,0.003329526808367067,0.0024505730452870633,0.010637226321607685
2022-03-29,0.01237079932919638,0.017035485679108175,0.004700880951011843,0.029340643798442256
2022-03-30,-0.00617479623667172,-0.002828133265533328,0.002714004656417357,-0.007239273771328603
2022-03-31,-0.01539126782019018,-0.015052206267834878,-0.0004664273395106333,-0.012213926307379497
2022-04-01,0.0028340449719932437,0.016611322295758013,-0.001776743713045037,0.019470307410424326
2022-04-04,0.00856672965367089,0.017647170934731227,0.0008426766064966174,-0.004887639979835656
2022-04-05,-0.012631496829276334,-0.018411548868475958,-0.01010832074230994,-0.004911888645980467
2022-04-06,-0.009999497272614843,-0.013086280732285793,-0.002552844505470775,0.011883036975066874
2022-04-07,0.005039084072153921,-0.00795567685573284,-0.002180107368394024,-0.009936816612238442
2022-04-08,-0.002673860027881725,0.0008910946654339114,-0.005035451745684871,0.0016422676094109967
2022-04-11,-0.017092213835269487,-0.012463937694820681,-0.00429705542761083,-0.010748720371173248
2022-04-12,-0.0037052733963329754,-0.003155146155609967,0.0031647509731735912,-0.0014732535551297277
2022-04-13,0.011453548852194073,0.013113344286952655,0.002007548755318833,0.007100442382511174
2022-04-14,-0.01245172298362518,-0.012943610269176897,-0.008108991448073088,-0.004303358214689301
2022-04-18,0.00041111249715863885,-0.003391444442870206,-0.0030778564851664525,-0.004046353370095179
2022-04-19,0.01614267936665348,-0.004990937235021309,-0.006078175045709067,0.02179129882939823
2022-04-20,-0.0007414760605853887,-0.005927896738242344,0.005726980967371009,0.016627664296031908
2022-04-21,-0.014953492455777151,-0.019266169297003644,-0.005501041547635754,-0.006933781072607337
2022-04-22,-0.02743938029882287,-0.008886643704012154,-0.0009709747016326542,-0.017543630963470558
2022-04-25,0.005797677592235484,-0.007314873191762383,0.006702929231125365,-0.0025508247585818156
2022-04-26,-0.02896082129741029,-0.021868293184245657,0.0030877039693471,-0.016441647610246246
2022-04-27,0.0028119129448633817,0.01166459426471711,-0.004040089709578698,-0.006593347146646056
2022-04-28,0.02525930073875604,0.01441272643107383,-0.000386367219346595,0.018416202133862525
2022-04-29,-0.03695563184577433,0.0035520624739129314,-0.005990796793179931,-0.04589666934374215
2022-05-02,0.006019526341106918,-0.0014158555376801996,-0.005443844761171213,-0.02414874783922405
2022-05-03,0.0045839680771948554,0.007325244680007392,0.002252369470778559,0.0124223711236775
2022-05-04,0.030452963588745385,0.01079041262189806,0.006447635841444699,0.011490928196377315
2022-05-05,-0.03554283297568572,-0.036899461387917554,-0.00990126593891627,-0.026667889730376815
2022-05-06,-0.00596902517476916,-0.013734883616757787,-0.004215409849081864,-0.01186944115369648
2022-05-09,-0.03201731176056277,-0.02882982953874036,0.0049227902891677555,-0.04404400338230474
2022-05-10,0.002310748360335513,0.004779890264401621,0.003037035866586546,-0.018219758084012327
2022-05-11,-0.015886186484367015,-0.007010627878513254,0.003711666272553371,-0.0021333746509328844
2022-05-12,-0.0010439379290950734,-0.006555556533536011,0.0018490547569303128,0.007802620494494761
2022-05-13,0.023907945646038264,0.02766489699825314,-0.004273790425587509,0.02640786028742359
2022-05-16,-0.004057611827112617,-0.003951507866608472,0.0022433425694321496,-0.006303080772140035
2022-05-17,0.020570318941714794,0.024547486857307454,-0.005450258646329198,0.013621650230156046
2022-05-18,-0.04031165543793702,-0.023959345147196887,0.004011953801219548,-0.02903153960475635
2022-05-19,-0.00612453606352048,0.01586904975811776,0.002534376790534809,-0.004437060861614439
2022-05-20,0.00043661162293662237,0.004149223823416426,0.003014341771759188,0.0063669760458839875
2022-05-23,0.01870997495799842,0.007535352281731633,-0.003295522839695586,0.011599953667605245
2022-05-24,-0.007633755413209209,-0.017370357247367685,0.007683522205514048,0.008443490943868426
2022-05-25,0.008834889550407787,0.0049105379597336185,0.004149819653654907,0.008476426070155085
2022-05-26,0.019981466761213262,0.01563642192681125,-0.0007690936371502755,0.0012299309097938416
2022-05-27,0.0245492530851521,0.011546741041406294,0.001635289967872211,0.026822246538710903
2022-05-31,-0.005611190967692692,0.014031025204815917,-0.006338123579336941,-0.012263263452733986
2022-06-01,-0.008088547821062164,-0.0070357165367005425,-0.004105405913430449,-0.008276803009883427
2022-06-02,0.019043513391589828,0.01724124229841384,0.0012639039958046716,0.013740429866651915
2022-06-03,-0.01641147626692685,-0.016252580036171582,-0.0016501616881116066,-0.013353414406520714
2022-06-06,0.003044830916542285,0.005428215044866125,-0.006127601701091168,-0.003154493463439545
2022-06-07,0.00959225833662014,0.0030516643516733666,0.0038163173761232017,0.013781015556512122
2022-06-08,-0.010872282973641845,0.005382778357349016,-0.004094261764262863,-0.02305918531084894
2022-06-09,-0.023782771506287603,-0.023663034998199106,-0.001076595987678286,-0.02370633596138083
2022-06-10,-0.02899577507646023,-0.011060293953818912,-0.0077414911577250445,-0.022170594509198338
2022-06-13,-0.0379682519356247,-0.035011040316496156,-0.016393421603850156,-0.04998929099482918
2022-06-14,-0.0030134912397253855,0.013857447253617705,-0.005923869238105839,-0.007614343315240135
2022-06-15,0.014256699038146303,0.013171000708150693,0.011110316558918365,0.02370594077801136
2022-06-16,-0.03309608456410584,-0.03065987531920744,0.0023970052478368142,-0.02628948081034488
2022-06-17,0.0021556238677580275,0.003795522553907249,-9.944950858742363e-05,0.007582780669851852
2022-06-21,0.025173569625057457,0.01613305247878105,-0.0039863983016854565,0.013911136077463082
2022-06-22,-0.0018129086472660205,-0.01786162660522428,0.0085052064022757,0.012708067949456892
2022-06-23,0.009802765145666914,0.00303100752084684,0.004166973674289531,0.01899862065592406
2022-06-24,0.03179368781705594,0.02367184496261121,-0.001580749812818305,0.021276466030909713
2022-06-27,-0.003819691075187981,0.001230175462354488,-0.004453475939126816,-0.001503280923644601
2022-06-28,-0.02043273856483374,-0.006142807622737556,0.0003977558414096638,-0.012153295428858457
2022-06-29,-0.0008144626901884777,-0.00395538666134132,0.005763059467387643,-0.0062057802135518925
2022-06-30,-0.008124322253949212,-0.004715835705914828,0.00454476268006565,-0.001862339959690873
2022-07-01,0.010576397177872954,-0.006234409296817067,0.008335313898596874,0.018000085998312487
2022-07-05,0.001888484336340479,-0.007779136730776348,0.0018565845816864712,-0.002803080658420054
2022-07-06,0.0033774711339991104,-0.0060699962293901955,-0.0067296970465052786,-0.0018380711500580738
2022-07-07,0.014977166172093215,0.020101926276312243,-0.0022584026261639467,0.0027082313660713453
2022-07-08,-0.000822686419812424,0.0,-0.0037399304169727365,-0.00529355263856468
2022-07-11,-0.011423523733360308,-0.026689807292292977,0.004642769449230144,-0.0021720596677736737
2022-07-12,-0.008848861987340917,-0.0038442645868086434,0.001376820015549729,-0.00391825641862853
2022-07-13,-0.005251773400617887,-0.002315524366704347,0.003632650931683301,-0.004807443400172917
2022-07-14,-0.0024285835894226615,-0.009025178554433633,-0.0035217032794028214,-0.009003151887863159
2022-07-15,0.019105484373940662,0.005204415380908989,0.003927153241428227,0.016950958560728147
2022-07-18,-0.008257180536592412,0.006989082069247532,-0.003227210707775985,-0.007081232546850114
2022-07-19,0.02701938138956983,0.016452612036824688,-0.001373678306156756,0.02589400809453979
2022-07-20,0.00637306093712442,-0.004299444428330745,-0.0006880810458628206,-0.0023529136427941078
2022-07-21,0.010183105260600511,0.01142984436882899,0.008357285374716694,0.007933338353016683
2022-07-22,-0.009277985508653441,-0.010045176325494065,0.007800439883550281,0.0052114454532530274
2022-07-25,0.0012146929702623321,0.0035516721645363347,-0.003676442623196108,0.0016931008869665032
2022-07-26,-0.011830709521982175,-0.007836162285535742,-0.0001943876093964958,0.0010562713091528675
2022-07-27,0.025966228099927546,0.018598684805391397,0.0034966364069581868,0.006014570529870644
2022-07-28,0.012542530502302585,0.004252126793572675,0.007162234923011379,0.032410276400661076
2022-07-29,0.014578543363315655,-0.004732279296714381,9.630960682516232e-05,0.005384575321170093
2022-08-01,-0.0029610571317527645,-0.008508718906074964,0.0034655666954930275,-0.008084205270408207
2022-08-02,-0.0065974600577879405,-0.004795374008226605,-0.010265653622277937,-0.01283620658813811
2022-08-03,0.015659441194241452,0.007862104181896923,0.004458966996505831,0.003199149297458348
2022-08-04,-0.0006754074273027655,0.007045619755649657,0.0024129847137968063,-0.001543053694183949
2022-08-05,-0.0016903170065406536,0.0009996538257053267,-0.01116826498929202,0.0027819709157586026
2022-08-08,-0.0011608511545310174,0.0012479810616687903,0.004575976062704434,0.008938494206677694
2022-08-09,-0.003970928553682529,-0.0037395885568819454,-0.002229051971794238,0.0054989907285398765
2022-08-10,0.02100378528079916,0.012512607055609637,0.0025259333879612544,0.015191436676506909
2022-08-11,0.0,0.003954408193669767,-0.005329051199295498,-0.002394169630514087
2022-08-12,0.016929102758011405,0.01058602927497554,0.004480599691264242,0.017200085129541964
2022-08-15,0.004120693112023455,-0.004628526228890983,0.0012609262786686948,0.004030446945546773
2022-08-16,0.001958811931876747,-0.00024485223438130976,-0.001452845007260839,-0.002643521040779029
2022-08-17,-0.00709806504281596,-0.004161669821395764,-0.005916687631812745,-0.005988505313009651
2022-08-18,0.0029063751779752067,-0.005653855798228968,0.002146292870117694,-0.00661743842082918
2022-08-19,-0.013438085029662039,-0.013596880064407957,-0.007009920141850645,-0.010538773892453612
2022-08-22,-0.020822338183830058,-0.008772048097166807,-0.004313968722712169,-0.021804753062727555
2022-08-23,-0.0024193742073388425,0.005309680204461875,-0.00039391675016553496,-0.012840135800082364
2022-08-24,0.0032011669243245944,-0.000251416591418252,-0.0026599646397061916,0.005723090630536998
2022-08-25,0.01411763503679242,0.021635447638271854,0.005531721928806688,0.014898869326662734
2022-08-26,-0.03384900179964234,-0.014774795128263074,-0.001866742156303225,-0.0251806110131767
2022-08-29,-0.006612302115078572,-0.006248641067275296,-0.004822313400131506,-0.008994070085240113
2022-08-30,-0.010977814587629808,-0.011820565541536321,0.0012858654909142508,-0.01382445097281515
2022-08-31,-0.007609029570476156,0.003562997809214874,-0.005333759843349495,-0.004708344825027133
2022-09-01,0.003137742012129019,-0.00786199841605073,-0.00433771780097969,0.0018277000435531487
2022-09-02,-0.010544233513997026,-0.009202480802224744,0.002897960721061521,-0.013951482630885637
2022-09-06,-0.0037732647990791346,-0.011867844319946141,-0.009366483451136776,0.009033472421624777
2022-09-07,0.0179649129823376,0.008877177073588038,0.0069403696204279886,0.019523340182025173
2022-09-08,0.006536367611948313,-0.005434726884872454,-0.0031966354137896724,0.0027506826296996856
2022-09-09,0.015535180190909603,0.014832133485837229,-0.00010020712346736627,0.010867351175547713
2022-09-12,0.01074760429686794,0.01487188639460535,-0.0015032574891201689,0.009706541909756838
2022-09-13,-0.043482390799015946,-0.030823584523861358,-0.0056206105175691246,-0.0382466995164471
2022-09-14,0.003815763136741479,0.004952993365278546,0.0013118991327376595,-0.01139293530467067
2022-09-15,-0.011353296371717114,-0.010635737223782082,-0.003023920094529342,-0.01848233910032482
2022-09-16,-0.007628912540940225,-0.009176514840052885,-0.0007077620544695407,0.00011092957320846253
2022-09-19,0.007754976139330294,0.0031753788184774034,-0.0015180554470753949,-0.0014398722858495194
2022-09-20,-0.011478555338092167,-0.00553926847862074,-0.0044584479194418325,-0.024290285158186653
2022-09-21,-0.017443670830894153,-0.016711253608400645,0.0031552566733854537,-0.015800733346125195
2022-09-22,-0.008400085354697384,-0.004855468803612983,-0.010654573175257531,-0.012704964185567547
2022-09-23,-0.01675473728088206,-0.02466801706484878,-0.0030766447114376483,-0.013291776939442612
2022-09-26,-0.009892533438548567,-0.012229040409718728,-0.01286071548188017,-0.028044078472200695
2022-09-27,-0.002552777090559011,-0.0011253133187930642,-0.004272560249081736,-0.013316714885995729
2022-09-28,0.019676234941889748,0.00873247176704428,0.016118997845185667,0.02074471079143847
2022-09-29,-0.020889010808255115,-0.0223404111605513,-0.005253667381965088,-0.029383073754190026
2022-09-30,-0.015463473894464896,-0.0037131105566264866,-0.0023816132966131276,0.011226023490100934
2022-10-03,0.026401220148450477,0.0163420110556054,0.008124641192795545,0.017837213743657987
2022-10-04,0.03098686312132415,0.032721866837605695,0.0026827845208703405,0.020220554609617913
2022-10-05,-0.0023283794726947082,0.0005463257712323699,-0.005248617637210962,-0.01957946505394781
2022-10-06,-0.01031583785163992,-0.0060061882353396046,-0.003931271419050919,-0.027812021513824003
2022-10-07,-0.027893970370027277,-0.020873044798541573,-0.005297224638141307,-0.0240703432346967
2022-10-10,-0.007635123201865657,-0.014025349624785743,-0.004489446501240724,-0.009426834358534864
2022-10-11,-0.00633308239597985,-0.015931615798912113,0.0006289180160379271,0.010168004899431704
2022-10-12,-0.00329834074658375,0.0011564001167310156,0.0008391403954877141,-0.010452711259284042
2022-10-13,0.026390950508749844,0.0028875104680157193,-0.003142586781314516,0.018257680952930677
2022-10-14,-0.02278869135440109,-0.014972663691386612,-0.0054631858121902965,-0.02484642937036685
2022-10-17,0.02569692485885633,0.02747742072606596,0.0021129352219761977,0.03769367089710496
2022-10-18,0.011749629658740046,0.0002845090291276886,0.0016865668642473963,0.010884889454691571
2022-10-19,-0.007086377547298017,-0.01820244994842224,-0.008629824562354727,-0.0249154888031885
2022-10-20,-0.008385499649435801,0.006373007563042377,-0.0060509028407184084,-0.004365727620336046
2022-10-21,0.024301445806414357,0.015256160340609615,0.0014954079439122303,0.007866897878700208
2022-10-24,0.012236518208046387,-0.03799243236251071,-0.0013863103705246127,-0.0001280028451033921
2022-10-25,0.0159685970090353,0.008252074771990525,0.009824840684021341,0.039288275627863856
2022-10-26,-0.0075342145110540715,0.01636937550906481,0.0044415559720776265,-0.0006155761070051335
2022-10-27,-0.005339725419898134,-0.00776527886157774,0.0050534888899276265,0.00147874438049711
2022-10-28,0.023790466892235296,-0.006086834012848152,-0.002513859870954538,0.022022548027160305
2022-10-31,-0.007223125676566022,-0.0029164457744799144,-0.003360560977237359,-0.0010832690156584723
2022-11-01,-0.004375812325555728,0.018426557906663588,0.0018588568139172867,-0.00036176177035418533
2022-11-02,-0.02509635024460599,-0.008328478208288526,-0.0016868822193510935,-0.027486481113968675
2022-11-03,-0.010296785959522214,0.005791987607559612,-0.0036959168866509406,-0.0013637222399800475
2022-11-04,0.014393105228596381,0.04232638377510334,-0.00010596600407197787,0.013654653286401697
2022-11-07,0.009565466830898872,0.0005527438988213174,-0.0031799527034592767,0.0
2022-11-08,0.005395425140815924,0.00717824686311519,0.004253432381184252,0.0030613464365816245
2022-11-09,-0.020602181520411822,-0.01726978751463426,0.0011647873886546645,-0.010255046185006611
2022-11-10,0.05495443387914922,0.0362622472693821,0.02146994589043394,0.07314661312053272
2022-11-11,0.00967830404353398,0.027187184382447827,-0.0007244576990151907,-0.00011498187781255886
2022-11-14,-0.008506556725650705,-0.0060274407949537645,-0.002797668869666703,-0.0243706326195543
2022-11-15,0.008529009934220122,0.022937131981662695,0.0073775254311250205,0.010840117320439324
2022-11-16,-0.007628760646934407,-0.015979523165955523,0.00618842317464674,-0.009091927499415231
2022-11-17,-0.0030598647126868217,0.0018335111574823149,-0.004202789904240833,-0.0068228034384480996
2022-11-18,0.004540379689807805,-0.005751590346948943,-0.0014412677229319604,0.01267342447545916
2022-11-21,-0.003635938720311316,-0.012621687669183923,-0.0006184262949702202,0.005263223449476273
2022-11-22,0.013456860042819985,0.0023968113890133758,0.005157890411067845,0.005468135330509716
2022-11-23,0.006301655290084751,0.008235992912182244,0.005951740373888903,0.0008100729439373122
2022-11-25,-0.00022357333110156752,-0.004743096729414864,0.00020425927345413264,0.006359072633895124
2022-11-28,-0.015957240619730695,-0.004501037894178994,-0.0016318180221428502,-0.026769337937581517
2022-11-29,-0.0017174624444049602,0.021542507321677506,-0.0035761037807952034,0.01652696434746792
2022-11-30,0.03150074203078468,0.028898849033952567,0.007792503030749742,0.02287784207916843
2022-12-01,-0.000735994109543725,-0.003289530265039753,0.008321379032147025,-0.0021572734394627036
2022-12-02,-0.0011535778960226617,0.0038081551204116604,0.004146234442868435,-0.0029579648788473634
2022-12-05,-0.01798940131839244,-0.011380807859743824,-0.007855776365145006,-0.018258656968986098
2022-12-06,-0.014414741294411115,-0.0012791624227954657,0.002944198535397513,-0.00941549764369043
2022-12-07,-0.001701347683749077,-0.005891363097833002,0.008906848966646619,0.001995007615588351
2022-12-08,0.007833988524946323,0.012110124669842959,-0.00300979495321696,0.007026330184361607
2022-12-09,-0.0074702129183733534,-0.00661894053421852,-0.005936702920763204,-0.001860607988097951
2022-12-12,0.014417169456338419,-0.003075604048335845,0.00020228765009666638,0.007689708842448129
2022-12-13,0.007569841220479878,0.007151128154147202,0.006679592119020805,0.018499322239203364
2022-12-14,-0.006393374883129299,0.0005183904604233458,0.0022115852108648415,-0.00681126724332104
2022-12-15,-0.0244617703040112,-0.023051103732573353,0.0014677927146413694,-0.013372943863487308
2022-12-16,-0.011805917365126817,0.002916363740908423,-0.0026098845825546224,-0.02583424951319102
2022-12-19,-0.008479833340581222,0.0007929899815928287,-0.006140058573051443,-0.01272445828146529
2022-12-20,0.001368487217204839,-0.00026419288098378235,-0.006785513045382885,-0.002529535784235981
2022-12-21,0.014952363623409681,0.008982761172940057,0.002753479415689153,0.008573827699984049
2022-12-22,-0.014266186411699744,-0.008902789540722766,-0.000305256234858553,-0.004201245051794977
2022-12-23,0.005752238475655869,-0.0013209879062102692,-0.003458689690014838,0.008901524971142605
2022-12-27,-0.003943394275669365,0.014814808375091637,-0.007247013271784564,-0.0003626440810629017
2022-12-28,-0.012427976544290842,-0.014598533892910992,-0.0017480585992453168,-0.01704754119600449
2022-12-29,0.018000532015499227,0.016666768092305384,0.0037080415532544375,0.021894183547579882
2022-12-30,-0.0026342371343315296,-0.013791332042258686,-0.004720340045809346,-0.007221957286351777
2023-01-03,-0.004209922842847269,0.008443190036860226,0.005876729711935091,0.0009698907062367645
2023-01-04,0.0077201575843841574,0.03008902249368317,0.005535310495927037,0.022650244474013537
2023-01-05,-0.01141334304878816,-0.003048094028285653,-0.0008154287464364751,-0.02688602410380425
2023-01-06,0.02293214732427029,0.02089169636099375,0.010916086635099909,0.02689876020222215
2023-01-09,-0.0005668342491249589,0.00748690972273125,0.002523057019746089,0.0003555358772426853
2023-01-10,0.0070128736738979125,0.007183607467475817,-0.0038255392042652048,0.0022510629141132554
2023-01-11,0.012647710517460276,0.004181083572067479,0.006164430309845148,0.035819807822063066
2023-01-12,0.0036407616976266155,0.004898198420346889,0.0072308531933984455,0.012668364688583678
2023-01-13,0.003879719188018882,0.006580491254711385,-0.003689131958746761,-0.00619858200609813
2023-01-17,-0.0018321016684577085,-0.005568820888956494,-0.001801808106881797,0.0028351109431767885
2023-01-18,-0.015788011002091595,-0.00681772514520862,0.009926165322540204,-0.014587794927560349
2023-01-19,-0.007279683916933677,0.0075997695074279115,-0.0022834440611658735,-0.005508438330520504
2023-01-20,0.01862915305775603,0.015328763048817917,-0.0040795708083780635,0.01188559373589304
2023-01-23,0.011998420173660707,0.007188885857057459,-0.0024976788218835644,0.004561721294475074
2023-01-24,-0.0010733523190036287,0.0007138454249047133,0.004407037969766048,0.002497192039119467
2023-01-25,0.0003747482209970343,0.0009508545140830549,0.0011962978802981805,0.0004528330428157368
2023-01-26,0.010990505467617151,0.009501366335487926,-0.0016930488503882346,0.011205613757243604
2023-01-27,0.0022976493195567826,-0.00470592169626205,-0.0014964801914623127,0.011193197988577097
2023-01-30,-0.012546709645409715,-0.020094512945057152,-0.0026976673162155684,-0.012729787004161164
2023-01-31,0.014703263562301894,-0.002171303885325826,0.004107772726938741,0.020966523162798234
2023-02-01,0.01062770577985428,0.01233076311668091,0.007051380127303775,0.0061500015076545456
2023-02-02,0.014557002671549135,-0.005970985652151817,0.0010927273636778256,0.022702244652357484
2023-02-03,-0.010629152274451159,-0.017779935936250157,-0.009623854403530196,-0.018783284533929745
2023-02-06,-0.006111326429691033,-0.0146770275203435,-0.005510110733172091,-0.007287307334322812
2023-02-07,0.01307872901417273,0.003972207701459229,-0.0017122483517680864,-0.0021913953804627573
2023-02-08,-0.010934958989029187,-0.0012362830329372132,0.0014126670288185927,-0.00472160649360065
2023-02-09,-0.008668989003983496,0.00470411776587043,-0.003929759808197653,-0.010922409385566878
2023-02-10,0.0023335733220701815,-0.009610669834625551,-0.004350186436561598,0.0034580083419639696
2023-02-13,0.011738969109093889,0.008210979323021395,0.0030480713253704383,0.00889265228602465
2023-02-14,-0.00046010247142624916,-0.001727541179012082,-0.003545348768870027,-0.007932767173610689
2023-02-15,0.0032473582515966104,-0.008405377004058412,-0.001930973909453293,0.0039981473771957265
2023-02-16,-0.013768793352684217,0.0002492703669969565,-0.0041763320560910255,-0.009734573183254658
2023-02-17,-0.0024983073887738794,-0.010967005811036712,0.002352219276642753,-0.00390993449309307
2023-02-21,-0.02006083794596547,-0.012600858525491865,-0.0093876653879168,-0.02007400747024668
2023-02-22,-0.0013782697313480252,-0.004849500361497672,0.002677926242800943,-0.009040857077309283
2023-02-23,0.005319548926085105,0.004873132619899634,0.0035958745327848707,0.007506643623642173
2023-02-24,-0.010682403656905759,-0.022460457516888077,-0.00573231462286683,-0.01753779448729864
2023-02-27,0.003405878448167643,0.005221761016299453,0.0019560632442638948,0.0015169037609170655
2023-02-28,-0.0036959622273187165,-0.0070129237999507765,-0.00010288773619271385,-0.0013980903627824892
2023-03-01,-0.0038359379613005506,0.021449100144152355,-0.0057273364039055474,-0.0125991244454986
2023-03-02,0.00777725965661058,0.003585251145880264,-0.002072019220319299,0.0116964791276164
2023-03-03,0.016037808501885298,0.008930845560990885,0.007890285644200246,0.015181903503135086
2023-03-06,0.0006926926074641848,-0.0035407166309897598,-0.0024721676790411262,-0.00391147069674358
2023-03-07,-0.015328686240884792,-0.016751231513483678,-0.0013426030198051553,-0.023328179600402454
2023-03-08,0.0016322035449332084,0.004130005139444171,-0.0010337549965555581,0.011469628531938891
2023-03-09,-0.018449832397966492,-0.022107975232343313,0.003622852936293164,-0.02291318614055715
2023-03-10,-0.014429549600446734,-0.005257451755129594,0.011654284696700934,-0.03314205575696205
2023-03-13,-0.0014253418977794308,0.0015855607371477731,0.007951922999553718,0.013117322989047997
2023-03-14,0.01653024784085222,0.0005276113156369444,-0.005866333066291696,0.00964953200037888
2023-03-15,-0.006254475644873803,-0.017141466850431608,0.009970362279578815,-0.0007259901560233706
2023-03-16,0.01754534192693913,0.015294080822050304,-0.003928529690141791,-0.002179135981753233
2023-03-17,-0.011692824731136642,-0.0060782361217570635,0.006270253011639637,-0.022688509236856502
2023-03-20,0.009615624004294165,0.0037221937220528467,-0.004020180653525607,0.011421308812917585
2023-03-21,0.01313065236864519,0.009006774885361502,-0.003027584132078154,-0.004418721628249855
2023-03-22,-0.017046456388268738,0.003937885477900194,0.00961593469771449,-0.03735664477107259
2023-03-23,0.0027031537304351705,0.013859966068187068,0.0024056543213846204,-0.00627570460435134
2023-03-24,0.006562134877781567,-0.0025792824204060594,0.0017001597544150648,0.025644515782132116
2023-03-27,0.0018697850582301,-0.005430669836434032,-0.010782787296753527,-0.0011426008966669565
2023-03-28,-0.0022446277300065542,0.014300505318058265,-0.001513712494672248,-0.0024140745287849485
2023-03-29,0.014534962737219548,0.002819818949912012,0.0012129259352542388,0.022162847759862325
2023-03-30,0.005855273370858116,0.009969141558219041,0.0011106089199153235,0.01308403672335734
2023-03-31,0.014094632997964984,-0.0012652793922999228,0.004840450265605867,0.021402277920182344
2023-04-03,0.0038103479882980462,0.002027428159078415,0.004346714003287566,-0.007947939951680416
2023-04-04,-0.005548026329459943,0.0,0.00370669829589243,-0.001335286539891678
2023-04-05,-0.0026182272948183094,-0.007840232460170626,0.003393313614977078,-0.0053483912408323064
2023-04-06,0.0039007942961639674,0.004078629424706159,-0.0008952047893582282,0.006843361870252362
2023-04-10,0.0010263436975317397,0.0010154111612217243,-0.006869358131707193,0.004612427997074953
2023-04-11,0.00026861877907014,0.006086703595682641,0.0006014413545880615,0.00422852658550954
2023-04-12,-0.004075980714352556,-0.007058124034029056,0.0012019052373501982,-0.004812238425462856
2023-04-13,0.013282860988295342,0.013709041372399478,-0.0004000976566966852,-0.003022231159887312
2023-04-14,-0.0024427291499470316,-0.005259406802694211,-0.004905297886125259,-0.015520801041602028
2023-04-17,0.003587991832570303,0.00428013580358888,-0.00503048327403488,0.020815246957683886
2023-04-18,0.000652412259757762,-0.0012535346732653885,0.0014159101151294262,-0.0022923219450702303
2023-04-19,-0.00016889507118833524,-0.01004014221601568,-0.0015145963237533921,0.005925767291998785
2023-04-20,-0.005457332013611316,-0.0015211339191513185,0.004550253399164594,-0.009858191741076383
2023-04-21,0.0007771506498204239,-0.009395850642316517,-0.0017111319529861113,0.00012157907523757672
2023-04-24,0.0010431711420622047,-0.0023070097230525333,0.003932703488446432,-0.0037636305906255663
2023-04-25,-0.015873923463385897,-0.018756490902182676,0.006227237630275884,-0.009871029937932096
2023-04-26,-0.004235571416622008,0.005760837320424983,-0.0036930405907444896,-0.009599823289496268
2023-04-27,0.01990795468783957,0.013538103521200995,-0.0036071575573004555,0.022617127644804613
2023-04-28,0.008535216404572665,0.005137468892562058,0.005128313385257988,0.012273569588613809
2023-05-01,-0.00100986421618654,-0.0033224073591181513,-0.010239525806044036,-0.007443020544164902
2023-05-02,-0.011239008213736135,-0.009743555985054164,0.009727520254116051,-0.016932725804807425
2023-05-03,-0.006864180705438372,-0.0015535377551900709,0.004415410227420757,-0.00393677382705937
2023-05-04,-0.0070828481704676705,0.008039384857679632,-0.0011989321227755534,0.008275289885666837
2023-05-05,0.01851263904503031,0.013377996049300567,-0.0032009056294972638,0.016660702123474813
2023-05-08,0.00026642278813127085,0.0005076534387211673,-0.0055194746317709376,-0.0057838963166296775
2023-05-09,-0.004385226883328097,-0.0060897925982952295,-0.0009080756014477886,-0.004241645297317964
2023-05-10,0.004672220709035058,-0.000510504725367178,0.006464053764770661,0.009615161211091294
2023-05-11,-0.001744001747832069,-0.0035761976993939903,0.0030104376413340184,-0.010970518580555644
2023-05-12,-0.0013101713436757256,-0.011791769127599938,-0.005602938308961747,-0.00012194944603372004
2023-05-15,0.0034499644883716485,0.01841747963659257,-0.002515006394566477,-0.0017063577070126623
2023-05-16,-0.006682545948390128,-0.007131729836321377,-0.002320334819152836,-0.02503376662353851
2023-05-17,0.012138984640229333,0.004617675266747501,-0.0015163952445530482,0.013526943680945536
2023-05-18,0.009633151171123844,-0.005362507927536786,-0.0046577572328193595,-0.004819328369164655
2023-05-19,-0.0014550813783380523,0.0007701877136130353,-0.002238024895997559,-0.0016144339026039622
2023-05-22,0.00040615493964790694,0.008209153638367495,-0.0009176914536915826,0.006094443200781452
2023-05-23,-0.01122287584739845,-0.015521504640752082,0.0011225956873435194,-0.0093952861748543
2023-05-24,-0.00724473527800229,-0.00749553446678175,-0.0025484224803469235,-0.021465169894884673
2023-05-25,0.008659866052614262,-0.002083286755783953,-0.003678962755323978,-0.00012759509013227088
2023-05-26,0.012950619874407376,0.017745280334930724,0.0008201715248987718,0.011479697345824658
2023-05-30,0.0003810823521899209,-0.011538427104755278,0.0066623595853259054,0.0037829574125525234
2023-05-31,-0.005545379584220744,-0.00933857845183761,0.0035632255453164063,0.005025255282839813
2023-06-01,0.00950114899499166,0.017805794202613523,0.003031086498275215,0.00012484608618712478
2023-06-02,0.014461095061971907,0.01723696630576632,-0.005273126425896391,0.02437187730695456
2023-06-05,-0.0019162795441519664,-0.0002530715836245312,-0.00010191742130205572,-0.006954472406283885
2023-06-06,0.002177429273905629,0.008854344024850525,0.0012232195843595584,0.009583623845329292
2023-06-07,-0.003457697440686136,-0.004296335162553788,-0.005295142894242377,0.01837641359121789
2023-06-08,0.00604846154085692,0.00710669802072994,0.005323330690924166,-0.006214237835237335
2023-06-09,0.0017943579025816447,0.0045361843439908345,-0.0023422473670514643,-0.0057719704302954256
2023-06-12,0.009072029705902152,0.0020070233547044847,0.0017354066630261844,0.0002419078624795734
2023-06-13,0.006592883433256924,0.010015118449968607,-0.004687100813988709,0.006408853397040559
2023-06-14,0.00119094050838231,0.007436579975440116,0.00092145181558001,0.0037243326273204147
2023-06-15,0.012397510905234777,0.00935048930255844,0.006954962786926311,0.005267186754689179
2023-06-16,-0.0034062543342762153,-0.0034130666100439244,-0.0031488284241819597,-0.0007145908657792965
2023-06-20,-0.005188113013360307,-0.019569362166950044,0.0018342657560501685,-0.011796743717319313
2023-06-21,-0.005123851456093176,-0.00474056691554714,0.0016270354111056484,-0.006029361306347236
2023-06-22,0.003609826627912094,-0.0035095473932456045,-0.005178745174351129,-0.014315230331122475
2023-06-23,-0.0075600250367043875,-0.014591287779786244,0.0029604299427670178,-0.013784426191164934
2023-06-26,-0.004085673159239578,0.003318812552905115,0.001221064537537897,0.023087343852595588
2023-06-27,0.010963195674550619,0.010178215480603159,-0.0019312368725075135,0.012320086487385584
2023-06-28,0.0005044619926934946,-0.0060454389916800855,0.0029532816928614647,0.001446025422199071
2023-06-29,0.003941383100112272,-0.005321790512973434,-0.007717104277974451,0.011170264034862765
2023-06-30,0.011800599811321089,0.007898032740003114,0.002353665953875872,0.005535602414171281
2023-07-03,0.0011506161273204807,0.01112254613127428,-0.0011771220440822683,0.009813305268329797
2023-07-05,-0.0014872586515114472,-0.006000199510760473,-0.0045092399777211245,0.002251697136698594
2023-07-06,-0.007830777222078256,-0.020372171703457065,-0.006485218898080958,-0.007685920611071317
2023-07-07,-0.002524505440604896,0.011296527516463373,0.000207154777868368,-0.0022640396162249
2023-07-10,0.0025308946980395763,0.0007617693993031693,0.002796793490491112,0.004299429933029675
2023-07-11,0.006368848842719377,0.010146919301914137,0.002169650869487505,0.014270380535130078
2023-07-12,0.008045808552485045,0.022350719694341104,0.008143298077718297,0.00539346433332244
2023-07-13,0.007936871259026868,0.013018955858435044,0.006237374982370758,0.006413969930757046
2023-07-14,-0.0006228876262921457,-0.00557735282249161,-0.004776026858151594,-0.0019698899960853833
2023-07-17,0.0034722363463173256,0.0012193633589510089,0.0011233165154631575,-0.006501805546165862
2023-07-18,0.007430645826267179,-0.007306376554398031,0.0008159473325015654,-0.005492512126581306
2023-07-19,0.002223685115143148,-0.0019628073554928127,0.0030570510859329048,0.011280869824052076
2023-07-20,-0.006634379992155881,-0.007374627574043613,-0.005181455043789862,-0.003253497776934844
2023-07-21,0.0,-0.001485782414836545,0.0007146016537580291,0.004663109311934921
2023-07-24,0.004467209005132977,0.013640915285673572,-0.0018368350099192687,0.008238435301578972
2023-07-25,0.0027299257048960524,0.0083189553168046,-0.0011244662049081366,-0.0071355447030586605
2023-07-26,0.00015372876310126848,0.005823924903067379,0.003275482186986256,0.004520679611081491
2023-07-27,-0.006629934690536299,-0.012304022000903858,-0.008569469737546909,-0.021694005027858565
2023-07-28,0.009790321402450397,0.02418166513765807,0.003909755198377107,-0.0008253815153106414
2023-07-31,0.0019040755809944798,0.0004770824019875164,0.0012303269523485927,0.006492416113885291
2023-08-01,-0.0028615949590776735,-0.012634128800763311,-0.006621188439385861,-0.0016418649063039137
2023-08-02,-0.013910712998849495,-0.023901630352584968,-0.0023769656043372,-0.005756571701581281
2023-08-03,-0.0028658407809143416,0.003957556349837965,-0.006732833933177584,-0.010871051218445338
2023-08-04,-0.004522916134153898,-0.0012317796127671032,0.008238340687861001,-0.008123255644225669
2023-08-07,0.008728543236232289,-0.0014802199166641383,0.00020718276925646428,0.012525765924127574
2023-08-08,-0.004348459540729932,-0.012104486490426836,0.002378599672214765,-0.0064231636032824335
2023-08-09,-0.006685289890628332,0.002500521578999715,0.0007221887747526079,-0.0001198490749073633
2023-08-10,0.0003588872050808156,0.0014967334062823134,-0.006494921985452984,-0.0038313924973759628
2023-08-11,-0.0005832563042593719,-0.014695036722364607,-0.0031129561478275836,0.0015624960436246838
2023-08-14,0.005520128959737747,-0.004802777154169102,-0.00072865367803987,-0.006600239545373476
2023-08-15,-0.011648781182052259,-0.01142996458902612,-0.0027084388328886266,-0.011234529896989476
2023-08-16,-0.007338283149802116,-0.008992852466240597,-0.0024021878258349005,-0.012339621266203138
2023-08-17,-0.007619801191104614,0.002333365563599088,-0.0010471122445909753,-0.00804076117718655
2023-08-18,0.000481284538611515,-0.006725188492937906,0.002201082611631655,0.0031177658851953005
2023-08-21,0.006506270905756173,0.0023438015778045607,-0.005019796287176526,-0.009199564456663478
2023-08-22,-0.002708584921804147,-0.002078566400184334,0.0010510083331329856,0.002885928584395625
2023-08-23,0.011137689291024655,0.015881430817541675,0.009554961191958755,0.0157638338912518
2023-08-24,-0.013859067674875547,-0.003844336341199628,-0.0022881736049564783,-0.003818250131295109
2023-08-25,0.007049963506071233,0.0010290706697033691,-0.0006255341230042566,0.0007417176426069982
2023-08-28,0.0063412988690882965,0.009766226082781104,0.0021905213550927893,0.009389688468982804
2023-08-29,0.014454638449362456,0.01272587586806706,0.006452831343564336,0.012117830288902898
2023-08-30,0.004118914956268815,-0.003267304025010853,-0.00041341337543010503,0.0036279197365558513
2023-08-31,-0.001463379974581902,-0.012354959917110886,0.001448065262432685,-0.007350544546080973
2023-09-01,0.0018651749558316055,0.01174377872224408,-0.005178945451706829,0.001699571245689091
2023-09-05,-0.004321904280498168,-0.008074788339303418,-0.005414605629220359,-0.01163356857875475
2023-09-06,-0.006722397318139173,-0.005596433445304805,-0.0009422031161452349,-0.002084270314764769
2023-09-07,-0.003070313136632752,-0.011767811820112328,0.0031436681837089253,0.006265974248212514
2023-09-08,0.0015060977017755661,0.002070822618907453,0.0005223463887056301,-0.003907075538577165
2023-09-11,0.006576536658178478,0.012399996083181097,-0.0011485621078831665,0.00012261052791640026
2023-09-12,-0.005485521836692486,-0.0030618998609711623,0.00031360440537775425,-0.0004902787038713052
2023-09-13,0.0011658795343065798,-0.0012797012590770596,0.0014631157162234842,-0.0109135612592548
2023-09-14,0.008622486110878791,0.00666314028923809,-0.0013564544303666937,0.018100509983143276
2023-09-15,-0.012048436385038053,-0.003818683011955315,-0.00229897860612549,-0.0037750095149983176
2023-09-18,0.0005867313173524291,-0.0012778431906832477,0.001466333647908158,-0.008923037718138183
2023-09-19,-0.0020740485733908853,-0.005885411821343611,-0.0029278491203653667,-0.004563422878953616
2023-09-20,-0.009193179032799814,-0.004118401742032707,-0.0005244280514067334,0.000867629857617791
2023-09-21,-0.016528460631680897,-0.0173170735047532,-0.0068205281784478045,-0.034043362872200666
2023-09-22,-0.0022485523393082074,0.011835921842693775,0.0042260110427985165,-0.007560868327043946
2023-09-25,0.004205229742936467,-0.004418971796833482,-0.007890458641808484,-0.0009041574594187418
2023-09-26,-0.014691320492103088,-0.014099419043192007,-0.0012726416857132827,-0.018224003976708758
2023-09-27,0.00039915724296024635,0.0015890901331017115,-0.003503869408408744,-0.006714118786053769
2023-09-28,0.005797483394306857,0.0026439941705822534,0.002983557760428246,0.00959545175988663
2023-09-29,-0.0024269367262087504,0.0007913000419081939,-0.0009560275267760376,0.0029161911165525023
2023-10-02,-0.0003976632327141738,-0.0050067452193036655,-0.006963175175896286,-0.01837182706345941
2023-10-03,-0.013386095986654856,-0.013241626217115998,-0.007838500041065455,-0.019523144145040083
2023-10-04,0.007282071845366556,-0.0029519528273869167,0.007034936079604925,0.01222163493319428
2023-10-05,-0.0003769393002031052,0.003768393656925051,0.0006447183064539619,0.00556246647931502
2023-10-06,0.011872813641442548,0.014481085421779394,-0.003866443881037296,0.002698234797770871
2023-10-09,0.006402272724946867,-0.004758017909850865,0.010350476896484828,0.010898871080070593
2023-10-10,0.005204926361840778,0.014342402879414351,-0.0009607109670157765,0.004791619642085854
2023-10-11,0.00409620773638375,0.006284471341860831,0.004593330375004756,0.017353452316726914
2023-10-12,-0.006096541649350584,-0.011189115567761143,-0.00861292638836042,-0.01458344267872691
2023-10-13,-0.004980828458782116,-0.0036842081553474237,0.004290080885825498,-0.0025106174958953176
2023-10-16,0.010521616597774841,0.007395555819668553,-0.005552889614096168,0.011922144884981778
2023-10-17,-4.6013731102245714e-05,-0.0026219178439382818,-0.007195107187528471,-0.0014399080906010164
2023-10-18,-0.013325080725768546,-0.015247100138763847,-0.004651100331715452,-0.021237432690071167
2023-10-19,-0.00878634944645762,-0.005872819127267892,-0.0038034064867706885,-0.02370751038333263
2023-10-20,-0.012288110789299367,-0.012083827669084668,0.003599786294216978,-0.006722480097559158
2023-10-23,-0.0017333112969986075,-0.0008156046597370681,0.003912731497393462,-0.009806386317881888
2023-10-24,0.007539565130441073,0.012785908081431874,0.0035731651758932337,0.012832658455131263
2023-10-25,-0.014352293817336603,-0.01316147432772441,-0.007444048060588626,-0.02148457771095602
2023-10-26,-0.011974706503397381,-0.004899399999889087,0.006739302569625627,0.019141594140695606
2023-10-27,-0.004532676177104955,-0.000820624211747556,-0.0003239457145787217,-0.016019890130357206
2023-10-30,0.011955825161883427,0.010402515330304452,-0.002376161747818406,0.006315806981648464
2023-10-31,0.006280363539711509,-0.005689456368319634,-0.0006494646336739907,0.017015176474956428
2023-11-01,0.010664627271870009,0.009264299003892695,0.011050150132856595,0.006171164464090939
2023-11-02,0.01916436384566822,0.01754852950723884,0.006018242384328243,0.03284720435457267
2023-11-03,0.009123406826067049,0.020429756012789513,0.006088995800664909,0.023884972583414266
2023-11-06,0.0023004642678985388,0.008060371129545718,-0.004990251650657029,-0.0144346354668613
2023-11-07,0.0028460630973889955,-0.0018054661238564584,0.005335737197102786,-0.008238830481577364
2023-11-08,0.0007323487144050844,-0.006718447325875343,0.0033964619622095515,0.003296300979184652
2023-11-09,-0.007798606503819916,-0.009365239571938355,-0.008356915341513393,-0.015770590213409208
2023-11-10,0.015604658346343836,0.007090492889117339,0.0023466146583128733,0.009346945220700675
2023-11-13,-0.0009532019597364716,-0.00026091543162265474,-0.00010609309439169046,-0.008334305823580745
2023-11-14,0.019400788639854172,0.026604054716604875,0.012559572067003755,0.055496121972630874
2023-11-15,0.0021170902911440415,0.00838409022447073,-0.006202067559608171,0.0029071306712042944
2023-11-16,0.0012230503515362479,-0.009574092934998779,0.005500305299148023,-0.0021423967056102278
2023-11-17,0.0012438032133850196,0.0012718884147315812,0.001998647585587321,-0.0007579308435271548
2023-11-20,0.007697681675456813,0.012449232322192527,0.00157525102892353,0.007330534460167737
2023-11-21,-0.002179584701780257,-0.006273471053020008,0.0010480512698740618,-0.007026193460739516
2023-11-22,0.00386079096408376,-0.002020200772633096,0.0009423977838951547,0.004928039258963457
2023-11-24,0.0006155274670160971,0.0005060725613377226,-0.004602920942056277,0.002892038300409183
2023-11-27,-0.0018009654250499274,-0.004046532651558188,0.005675098163753889,0.003635803942400928
2023-11-28,0.0009900900490733555,0.008379831314559771,0.0043890665555004205,0.006620885768530815
2023-11-29,-0.0007035102767853907,-0.005791937352237819,0.004890387217022285,0.006949667471947807
2023-11-30,0.003937541108143261,0.002026237959436905,-0.003313287831569589,0.007271257022864797
2023-12-01,0.00591582494524312,0.00429742229872887,0.008793120633568519,0.024593231462206155
2023-12-04,-0.005249433046868646,-0.011326497302662886,-0.0038211786267555725,0.0072843821101507
2023-12-05,-0.00019697728896550526,-0.006109975829465264,0.006634567402315161,-0.0066389556237448355
2023-12-06,-0.0040297871834187315,-0.0012806847022540646,0.0025747774858904116,-0.002983547609919923
2023-12-07,0.007630412781345353,0.004872988791895905,0.00030827850746573127,0.002872696852560752
2023-12-08,0.004299201747144377,-0.004339101776492438,-0.005031820818386712,-0.0016710061359545003
2023-12-11,0.003889575041001958,0.005896078071629729,0.0001031903603960771,0.0027500260175350455
2023-12-12,0.004567196302854626,0.000254789904793995,0.0029928100751270836,-0.0005961402827243667
2023-12-13,0.013790031433975836,0.009936248136421355,0.01255249489348298,0.03829611066964955
2023-12-14,0.00320935090242358,0.014631780464890998,0.00807124384223501,0.028840874198933886
2023-12-15,-0.0016463398125464712,-0.005967278216835181,-0.0023251087530666847,-0.014072074035252458
2023-12-18,0.005624936367236932,-0.0005002498700695801,-0.0020265529150089723,-0.002265346867117879
2023-12-19,0.0060809369689176496,0.00850860616648541,0.0012184512209418852,0.0076066115677422275
2023-12-20,-0.013857310898502506,-0.018001618388911123,0.0036508214515789117,-0.012169011308501121
2023-12-21,0.009481977657604723,0.01879497216059378,-0.00010114945675143705,0.008868270940855849
2023-12-22,0.0020096910799565215,-0.004801503420402753,-0.001313740515548889,0.0038913431979574753
2023-12-26,0.004222595680191343,0.007871817815489512,0.0020237658559316696,0.007410863470346696
2023-12-27,0.00180807608633482,0.005795038715563194,0.00636179960985972,0.004866382764016519
2023-12-28,0.0003777499999835232,0.007765436053744468,-0.0022074777095307807,0.007095473913797168
2023-12-29,-0.00289496788336574,-0.0004969621967677584,-0.0019107626338422667,-0.011854178667124904
2024-01-02,-0.0055964721342900425,-0.011688696049235503,-0.004735453099523945,0.008601235204177327
2024-01-03,-0.00816678086424405,-0.005536000460611978,0.0005059675067013991,-0.02390037091997743
2024-01-04,-0.003220925583170664,-0.0032895019854526364,-0.004047364562092204,-0.0018394538688946138
2024-01-05,0.0013696560092804066,0.0012693061681434692,-0.002336767590937483,-0.00253355404416844
2024-01-08,0.014275838433501997,0.0027891566918816224,0.0037678393263309573,0.01431702987354777
2024-01-09,-0.0015170152403924941,-0.014159242270062489,-0.00020278472022161598,-0.00671598680375407
2024-01-10,0.005655463240181957,-0.0023083748763865763,-0.0019278513249640916,0.0011459833519700258
2024-01-11,-0.0004407058669592123,0.004113066869368742,0.0056932844804884475,-0.00927193414392058
2024-01-12,0.0006927962386671371,0.0035842682993645347,0.0018196067638738267,0.006008093214075139
2024-01-16,-0.0036713182802416977,-0.024234628016981064,-0.007467074112148309,-0.007350392439737008
2024-01-17,-0.005558612250531114,-0.014902023859970859,-0.0027452853511331643,-0.018280797350964106
2024-01-18,0.008892746932739337,0.008227181771171654,-0.0009173335453063203,-0.0054213483309817345
2024-01-19,0.012466209606660783,0.01052908006064146,0.00020404843558652352,0.011968358035566062
2024-01-22,0.0021144240552344318,-0.008856509274342894,0.0018362298058749449,0.0059718076005086385
2024-01-23,0.0029163916203063245,0.008672825472751944,-0.0024439311426437405,-0.006867646006088801
2024-01-24,0.001093094881964296,0.011203880673985811,-0.00224570248227951,-0.014299089711840351
2024-01-25,0.005439019005126333,0.0012882752726492974,0.004501683039598525,0.01284176161855699
2024-01-26,-0.0012704752559132837,0.0007720324154794067,-0.0011203351128689087,-0.0028174243045261393
2024-01-29,0.007919405851761763,0.0005141883692421079,0.0039764833801541055,0.006592887612759224
2024-01-30,-0.0007735408789173448,-0.007967108856611893,0.0019298656375614787,-0.009356874568822393
2024-01-31,-0.016317198521413556,-0.005440421488100089,0.00456163524266362,-0.009563217289962012
2024-02-01,0.013088092980850563,0.009637993556818492,0.005698113503193714,0.01811918957995995
2024-02-02,0.010527389725905945,-0.00283798568344118,-0.00915793081797911,-0.012410925150679653
2024-02-05,-0.003641115410181639,0.0012936084420396288,-0.008226587293654664,-0.020983881047001884
2024-02-06,0.0029032712530114857,0.022739086676178077,0.005222764672490721,0.013441510983764449
2024-02-07,0.008340404110168675,0.0012633139392745907,-0.0020375114875343936,-0.0014336447279817977
2024-02-08,0.0004416754813414414,-0.005551467022020806,-0.0030624230569149535,0.008136669772720095
2024-02-09,0.005779346733129076,0.004313694363198506,-0.00030728422137682454,0.0015430037563810561
2024-02-12,-0.0004388812882269999,0.007832142163042066,0.00020489099866360938,0.0002371171710544573
2024-02-13,-0.013773028210410154,-0.01880164342400259,-0.009216603852764016,-0.020616000999426398
2024-02-14,0.009087667317702719,0.014307563455485894,0.00444458555320737,0.007863319227483068
2024-02-15,0.006899699140952897,0.004785881237235667,0.002366690809828098,0.023286570397776263
2024-02-16,-0.004979998774062189,0.004763185954583138,-0.003182517694110154,-0.010322620324439313
2024-02-20,-0.005505390572333235,0.0014969650503222631,0.0009270844791844368,-0.0017778567284915114
2024-02-21,0.0009058784143716192,0.0017439650090860237,-0.002983902770271718,0.005580832804263247
2024-02-22,0.020695462329564096,0.01019627232306064,0.0008255681007420801,0.0018890199329273383
2024-02-23,0.0006897094827567063,-0.0004921907797639236,0.0037120768685403593,-0.00047151030395264915
2024-02-26,-0.0036625529987657224,-0.0044335733000735456,-0.0021575531577290308,-0.010965623194125307
2024-02-27,0.0018578163575106998,0.0019792961662419284,-0.001338435316039388,0.0011922598931968231
2024-02-28,-0.0013217484685398295,-0.013086440336123828,0.001959064176055847,0.010121404631779907
2024-02-29,0.003594927888951105,0.0005003949617432557,0.0016460399038846774,0.008487631525344153
2024-03-01,0.009388311206947497,0.012252844747985492,0.004801167134925954,0.011922770412927441
2024-03-04,-0.0010724618469014624,-0.0022231115854381978,-0.002461053732080387,0.009356736729505544
2024-03-05,-0.009994101475497952,-0.00891334871002103,0.005447729003080326,-0.012131117814455306
2024-03-06,0.005067165016096942,0.014489406725462173,0.001533430900546584,0.004981486081588438
2024-03-07,0.009926493142550008,0.006156164127996799,0.002143415751834521,-0.0002303540715035135
2024-03-08,-0.006002128374682392,-0.0009791867502580986,0.0009165344776786988,0.011529957634170973
2024-03-11,-0.0008599006643925655,0.002204888639894431,-0.001119071627602941,-0.004787532344127987
2024-03-12,0.010757428064692265,0.010999797889860607,-0.0025466426501746797,-0.002176027253688595
2024-03-13,-0.001567533467571769,-0.003143160470629791,-0.0018386264008267705,-0.005050524167060422
2024-03-14,-0.00197673603213111,-0.005093385196642264,-0.0063435357931876935,-0.014997849148613795
2024-03-15,-0.00686666254524404,-0.006094633079645417,-0.00010341014178694152,-0.002225216083776127
2024-03-18,0.0059431686977420295,0.0017170164572593016,-0.001029895640511591,0.00046953168085672736
2024-03-19,0.005557072862824031,-0.00489725452461498,0.002474247015501474,-0.0003519834932412813
2024-03-20,0.009249292694035072,0.011318950679057416,0.002056487977221133,0.00657276877195101
2024-03-21,0.003304632529139484,0.0012165929654648355,0.0007187233975856078,0.007229466021932751
2024-03-22,-0.001895702002856825,-0.007047276223268062,0.003179007903984399,-0.012586311384274795
2024-03-25,-0.002762763215401809,0.0007340474158603616,-0.0018400667161637685,-0.006148942072283781
2024-03-26,-0.00184710475805816,-0.0007335089854850763,0.0010240316522238668,-0.004045202008217452
2024-03-27,0.00840372693238467,0.0017130383679280214,0.00327410353217239,0.025803545508491066
2024-03-28,-0.00019104216060938928,0.003664840159353533,-0.0012236250316519648,0.007103713300352865
2024-04-01,-0.0017397932941282113,0.0017039618695808834,-0.007270847168343475,-0.016766989582825298
2024-04-02,-0.006357960501966686,0.003159103711980915,-0.0007221490398736652,-0.012583581319928316
2024-04-03,0.0010983162155673298,0.0007268697515492306,0.0006192269677696149,0.001071698665750631
2024-04-04,-0.01220591023590567,-0.0036311279823733056,0.0023729241875427576,-0.0064246696734429065
2024-04-05,0.010446683077258045,0.0021865778001952663,-0.0049402940718240584,0.005149126559121475
2024-04-08,0.0005593041609199823,0.006545518301132702,-0.0009310469743895045,0.01072168377820204
2024-04-09,0.0011569279278376143,0.006743521325308421,0.003416681280365097,0.013319333536174982
2024-04-10,-0.010013000848894116,-0.01363623270469927,-0.011968558449722333,-0.04140959370158637
2024-04-11,0.007546746490356027,0.0060634937451817805,0.00020877306837685516,0.003397468279600302
2024-04-12,-0.01380306612964366,-0.022902639072264308,0.0018793346948331457,-0.011851320835588819
2024-04-15,-0.012528154355805676,-0.00641485970331912,-0.006044445430300582,-0.017011524884952278
2024-04-16,-0.0018237876641724604,-0.01316118319627968,-0.0028305244817579123,-0.01406867130120093
2024-04-17,-0.005918219248078005,-0.0007549366059600437,0.004626377037290519,-0.0073240181552660655
2024-04-18,-0.0020577277364434154,0.004029169015873579,-0.002825658684181609,0.00012696223461028389
2024-04-19,-0.00872837899919121,-0.00401299996077098,0.001049037993752,0.004833517601011472
2024-04-22,0.0092091841135451,0.010828530239770817,0.0006292438662027777,0.00886065890622656
2024-04-23,0.011866667556695853,0.008221250363118493,0.002095674475043552,0.00915943788857465
2024-04-24,-0.000474547760053845,0.003459389852944028,-0.002614221760134816,0.0018650997877167619
2024-04-25,-0.0037989863777079247,0.0022161915055809445,-0.0028302276240411706,-0.005708741291372332
2024-04-26,0.009473902357760577,0.011547775833939511,0.002207641175425712,0.0004991959099602816
2024-04-29,0.003541352851256452,0.009715904265934716,0.0030419809168125145,0.01022968481814801
2024-04-30,-0.015841162366123096,-0.013952341256442069,-0.004078320465541907,-0.016917777626369257
2024-05-01,-0.003247126074506168,0.0009757885574812608,0.003528489171499727,0.00037671837329122937
2024-05-02,0.009353352715692376,0.025834700191945226,0.00451357971726396,0.014063475055013708
2024-05-03,0.012395427488943733,0.009028343717048415,0.00512011609166918,0.006686395964559333
2024-05-06,0.010326716143411296,0.0009417841926810944,0.0007276464235703717,0.000861039019927734
2024-05-07,0.001103565247193794,-0.005645670716163731,0.002077744579686236,0.009462678233881139
2024-05-08,9.663485834554564e-05,0.00023658371599966088,-0.0020734365082198947,-0.008400135935479391
2024-05-09,0.005761786444940409,0.003074671623783942,0.0018699362076626258,0.020503442580455555
2024-05-10,0.001288251464288459,0.002122224672474804,-0.002073697327694357,-0.0027672938904463873
2024-05-13,0.0001342558901704649,0.0075294256282270045,0.0005195016210468584,0.003257684254414306
2024-05-14,0.0045880863443341635,0.005371346224825935,0.0027000735790392305,0.007695843212589759
2024-05-15,0.012382841505157227,0.010685112176766598,0.0066286262622829994,0.013842414076749465
2024-05-16,-0.002057355023613483,0.0020685715851260777,-0.0011316315194143112,-0.0007061847254168363
2024-05-17,0.0014374920910811273,0.00435778619176852,-0.003193360164788661,-0.00011774853630286408
2024-05-20,0.0011522056069923625,-0.0036537633954805138,-0.0009298297741023864,-0.005890045928299892
2024-05-21,0.0024526767830517215,-0.006188370828428602,0.00186164357473384,-0.0003555741355122377
2024-05-22,-0.002879429253682342,-0.0032289091803792136,-0.0012390423117151217,-0.009008885926493515
2024-05-23,-0.007304266739596721,-0.007403808794312461,-0.0027907764669039548,-0.021531163868866887
2024-05-24,0.006616508410163702,0.002797032871873162,0.0011402464177583393,0.0007335651576436675
2024-05-28,0.0006989440233573507,-0.0013946621419570482,-0.004659562116086868,-0.006596647784961052
2024-05-29,-0.007002799472209831,-0.014897514119969535,-0.0038485930828732196,-0.009714864519711375
2024-05-30,-0.00663365178480535,-0.002835650248629862,0.004699120679088287,0.01465318435391283
2024-05-31,0.009108324994370198,-0.009715454182837924,0.003222151955376562,0.01872456179207438
2024-06-03,0.0008151869988137772,0.010528769255361947,0.006048766067787925,-0.002282427049829283
2024-06-04,0.001117768922834328,-0.013971186174971617,0.0036156758235099673,0.007706136139835618
2024-06-05,0.011885130270802957,0.01609035514367041,0.0030878659146651444,-0.0011950956540457414
2024-06-06,-1.8541711854780374e-05,0.00496337175728212,0.00030806980076891755,0.001914186739550905
2024-06-07,-0.0012158457375603948,-0.011288872883242207,-0.008822271344268828,-0.009432697140793644
2024-06-10,0.0030897844926982554,0.005946761366242281,-0.0008281553624511773,0.00337504300829905
2024-06-11,0.002408179219097528,-0.0033333068484888706,0.0034182665096684772,-0.003603982065816913
2024-06-12,0.008213355888361473,0.010033269924087262,0.004748659914566078,0.008922161041207577
2024-06-13,0.0020132313526461942,-0.002365125769046461,0.0050343319437498035,0.004063087802160137
2024-06-14,0.0006086179613677967,0.0011854135177451486,0.0010224328912493696,-0.00023796359974137538
2024-06-17,0.007958798594057459,0.006393616242667655,-0.003574486173324787,-0.003928793608134806
2024-06-18,0.002540851351021667,0.009176437860665132,0.003587308959600355,0.003944289909118437
2024-06-20,-0.0027166348013217823,-0.001632069177502915,-0.0017361861202156437,-0.002857118668659231
2024-06-21,-0.0013407021417380927,-0.003503087769892832,0.00010220829851492752,0.0025070566471840916
2024-06-24,-0.0032506765870132792,0.0,0.0008184982774501748,0.007740855773410882
2024-06-25,0.0038508959296206235,-0.0023435085854941473,-0.00010211427268980167,-0.012290328918656224
2024-06-26,0.0012480604927769257,-0.0021142148213971756,-0.004497811346237279,-0.003110595123565596
2024-06-27,0.0015764451725310824,0.0007062625720022364,0.0016431321478733718,0.009721338058422457
2024-06-28,-0.003934966637015758,0.0018818818893657774,-0.004920893070116228,0.00797875001979631
2024-07-01,0.0020579935995610477,0.00234791050796046,-0.005363211332268025,-0.00943172072876286
2024-07-02,0.00672975932372144,0.003045292160159363,0.0033247356201075995,0.004700480022108433
2024-07-03,0.004462476987169284,0.014712727412399484,0.00538467688915123,-0.0009596204908224326
2024-07-05,0.005766543947146152,0.0041427906847464335,0.005046915892893855,0.0027616074327434514
2024-07-08,0.0011540470757978039,0.00022909419832606304,0.00030728715232175574,0.0032331437745449776
2024-07-09,0.0009725173469941062,0.00412466278703727,-0.0009219106375690789,-0.00023860610093440204
2024-07-10,0.009895078223380871,0.005705151317649815,0.0010253920301033226,0.0074021209202330684
2024-07-11,-0.008622491731371862,0.0058997744190640855,0.0051221238111625045,0.028679721817060688
2024-07-12,0.006307564610181116,0.004060372181664995,0.002751520891662418,0.007603578125960686
2024-07-15,0.0027500660630705998,-0.01055936727695761,-0.0034555385558933116,0.006746125194399211
2024-07-16,0.005930089601585253,0.0056766512547601344,0.0040794799190440045,0.01226565715027661
2024-07-17,-0.014021057167003304,-0.016256426641254595,0.0007107221586313273,0.006844008510104027
2024-07-18,-0.007684973553924501,-0.009410173662947718,-0.00274002149504593,-0.008803309504569312
2024-07-19,-0.006640399253878604,-0.009731247252987463,-0.00203579384733088,-0.001798718523106646
2024-07-22,0.010309692666577552,0.008422942766151742,-0.00040789008822117445,0.010361564035949788
2024-07-23,-0.0015683955247670633,-0.008816596523301579,-0.00010211757423594925,-0.0007801881703349833
2024-07-24,-0.022662593528243957,-0.01451328519936168,-0.0030612744846508777,-0.01472571712619386
2024-07-25,-0.005210325525347281,-0.004037932845622039,0.0027635158789054426,-0.0032834953964423486
2024-07-26,0.011199566714143794,0.010255282528348397,0.0035725946869222813,0.017494092176175702
2024-07-29,0.0005878910874113075,-0.0033050722040248726,0.0016272449273366796,0.0051356209553885535
2024-07-30,-0.005066469099204607,-0.004500228229489589,0.0010153140456607979,0.007775316725580295
2024-07-31,0.016254691190680903,0.021889129445392008,0.005376413975401784,-0.0035270374167093443
2024-08-01,-0.014161046245682152,-0.01746223874580599,0.004190272273587592,0.01006516805850688
2024-08-02,-0.018618381942420825,-0.01421793853871045,0.011187248567448238,-0.0005474396894659117
2024-08-05,-0.029123627447927514,-0.028365460692589495,-0.0007974556851981784,-0.028596480224983623
2024-08-06,0.009219520445592932,0.005690376338743697,-0.005984844073204099,0.01973833865901975
2024-08-07,-0.006684121531949527,0.006150054528483384,-0.003010763611767331,-0.006857845117628658
2024-08-08,0.02311732388021248,0.022738372343761082,-0.001509805761547689,0.009800807079801244
2024-08-09,0.004409572320675403,0.005498470362489627,0.0035281526776791416,0.004632100205096412
2024-08-12,0.0005255429376276322,0.003328457313543254,0.0017076377069213944,-0.007355295844029608
2024-08-13,0.016445503706120856,0.011137474622087362,0.004011426793123274,0.008737015554993288
2024-08-14,0.003154958620119608,-0.005390134919097234,0.001797816728005941,0.002631268903448891
2024-08-15,0.017140309920248287,0.011074396983798085,-0.004187592536967655,-0.0007654319963110723
2024-08-16,0.0022418284510168363,0.011652375743497645,0.0024030652115185624,-0.0005471685727151954
2024-08-19,0.009561566536636201,0.009675204658111225,0.0010985895041131233,0.008321462536401425
2024-08-20,-0.0016262383783595125,-0.007757195071933731,0.002993019273233921,-0.0011945250511410377
2024-08-21,0.003436537356839686,0.003908782767228169,0.001890219895607892,0.0053273261495945246
2024-08-22,-0.007848486746525829,-0.012368320386331733,-0.00407090433338686,0.0029198637874201516
2024-08-23,0.010625310346707773,0.016697707436102993,0.004585539738590327,0.021996974592215945
2024-08-26,-0.0023837003542713786,-0.00843977866547918,-0.000892829632026082,-0.0004221684791261282
2024-08-27,0.0013731268980929912,0.0013801729410980457,0.00029811676459456926,0.0014777876357554565
2024-08-28,-0.005805486326240339,-0.006202674421926235,-0.0008938428893485728,-0.0038994963653997683
2024-08-29,8.972368777704354e-05,0.0004623828373775396,-0.0012918596768454194,-0.0030686109318101007
2024-08-30,0.009546033305428026,0.0020794398528403146,-0.0023883167042162423,0.009658246720423147
2024-09-03,-0.02057917669180309,-0.019829285401926966,0.004222669558886949,-0.0005255144835168979
2024-09-04,-0.002046705778586344,-0.0002352235544288428,0.0043841810305500495,0.002839711844227377
2024-09-05,-0.0024320706645125645,0.0014117668613271572,0.0025794749696488317,-0.003251146127231763
2024-09-06,-0.01683034210930423,-0.018327095611005095,0.0012862995577671565,-0.0009471105567445681
2024-09-09,0.011196186821106346,0.008377242836302479,0.0014822790071598035,0.01116386422145288
2024-09-10,0.004355638187893529,-0.0037977117358194423,0.0030589592157330703,0.01447761706112538
2024-09-11,0.01025909396217517,0.007386034006425124,-0.0002950667004580909,-0.001950695877784181
2024-09-12,0.008423436441017174,0.008278269059811993,-0.0008859372981030456,0.004217645525256719
2024-09-13,0.0052225198533235595,0.0046915079354354905,0.002068623093791855,0.010448717487477888
2024-09-16,0.0014769712578917016,0.0032688038075845416,0.002358920711773793,0.0033454509381063424
2024-09-17,0.0004086709349830908,0.001163527207999726,-0.0009807417974322385,-0.006971732513299744
2024-09-18,-0.002965931032031688,-0.003486801995487232,-0.0031408534057427717,-0.0012210733402245877
2024-09-19,0.017064400195903495,0.021226984222889378,9.849564373043407e-05,0.00020381586396411855
2024-09-20,-0.0017284995285267168,-0.0020556911356282015,-0.0008860560490566716,-0.00397228373051095
2024-09-23,0.0024987790688735245,0.007782143624850857,-0.000394213708469926,0.009919167491041714
2024-09-24,0.002861370368871796,0.03406755241418713,0.0013801729169373722,0.0014176345033976023
2024-09-25,-0.0022056278051612033,-0.010542429520303487,-0.003839224556309362,-0.006673475002224594
2024-09-26,0.003964710640578684,0.03662598464984179,0.0001973929159362342,-0.009059461328793317
2024-09-27,-0.0014503104645270382,-0.0019271553319183399,0.002865534894537447,0.0012741228493942103
2024-09-30,0.0040072655540939195,-0.01609103467838391,-0.0022661827653845945,0.007862623177037786
2024-10-01,-0.008958331061065916,0.007195868086753432,0.002644631730295721,-0.006466800284944174
2024-10-02,0.0004219128364255642,0.01970116390830645,-0.002074576142017115,-0.0035127734358326723
2024-10-03,-0.0018280988066492476,-0.011889503194882245,-0.004058499090381695,-0.009123885672600807
2024-10-04,0.009087289328777448,0.00923927833295024,-0.006460569669780369,-0.00481321532752943
2024-10-07,-0.009040490210560193,0.008303227753976516,-0.0034014658219412297,-0.008831874009215257
2024-10-08,0.009457535807176232,-0.024704387942136807,0.0017066183087166564,0.0020154478887268734
2024-10-09,0.006926514839335152,-0.005412506907547465,-0.0026054952160243783,0.0010587131943329275
2024-10-10,-0.0017500184384802164,0.001959123457638823,-0.000602894718207847,-0.008883328241937716
2024-10-11,0.00598808963808839,0.007169205540931367,0.0003014272349322056,0.011310320978634936
2024-10-14,0.008178412591304474,-0.004098352929320592,-0.0009043322741465465,0.006013893602891063
2024-10-15,-0.007769674168455198,-0.02122590937329527,0.004023665041970714,0.012060928432619189
2024-10-16,0.004346521836751771,0.007745191277266361,0.0013027282898478987,0.010984405903649463
2024-10-17,8.576257238335216e-05,-0.001537185208965064,-0.004903159050609118,-0.007892588254400756
2024-10-18,0.0038465364627249254,0.009896606878889713,0.0007038218333612623,0.007438804603208116
2024-10-21,-0.0016421837079351187,-0.0069686233298563716,-0.006933138975037223,-0.019587760744966154
2024-10-22,-0.0005311320001563091,-0.0021930149355363637,0.0002023883121846648,0.0014644064480782149
2024-10-23,-0.00913749969329225,-0.0059341190892588935,-0.0025291387514297936,0.007311409113107681
2024-10-24,0.0021628398893882572,-0.0015474576214615787,0.0019268887454439998,0.0021775602376006287
2024-10-25,-0.0003453973899124607,-0.0008858581845730962,-0.0020242961086821554,-0.009415398058006286
2024-10-28,0.0030913528472706897,0.0044326017892415415,-0.0016228847783597011,0.0031335088341351014
2024-10-29,0.0016183585933178257,-0.003089119610553581,0.0011173734425169446,-0.007184532435184132
2024-10-30,-0.0030251928646983783,-0.009738720660580569,-0.0010145935594960687,0.004404906088006699
2024-10-31,-0.01960297525530974,-0.006482008583540089,-0.00020343501492126048,-0.016915528860446005
2024-11-01,0.004220287409286927,0.0009000081152668038,-0.00397497534114144,-0.011046240992227063
2024-11-04,-0.0021537913346193482,0.00561923367543371,0.004195619144024887,0.010954741868361317
2024-11-05,0.012091723159443069,0.01363424827693871,0.002343909826412638,0.013279502447336666
2024-11-06,0.024865656308564077,-0.01234839141354882,-0.007828751955681224,-0.02128329134207907
2024-11-07,0.007732072780885613,0.02210304928735729,0.007583027244819185,0.011997880209539957
2024-11-08,0.004331907638261523,-0.024683149405956617,0.0017287754925137122,0.014925335186965816
2024-11-11,0.0009527166459319947,-0.007614822924047915,-0.002233363511650044,-0.005006160001723492
2024-11-12,-0.0031064722137856826,-0.01895728605821212,-0.005799805238572153,-0.0138365419588653
2024-11-13,0.00048589972154977623,-0.006441355398919102,-0.00020480128659150498,0.005527187800138611
2024-11-14,-0.006430245988008787,-0.00555675899417063,-0.000409358465909504,-0.008985025183714246
2024-11-15,-0.012808599158408374,0.0,0.00010238152722230609,0.0005332374120872174
2024-11-18,0.0040974350940619075,0.011408617015628453,0.0009214214449460023,0.007249495341780543
2024-11-19,0.0036555348431992485,-0.0006905630818995201,0.0014322850507040297,0.004868659573804557
2024-11-20,0.0003388209806600706,-0.0011518253310788262,-0.0010213870978539319,-0.0012639314542346458
2024-11-21,0.005368199787983308,-0.0020756947369983125,-0.0005115024146452596,0.007382348595191379
2024-11-22,0.0030995004562939243,0.00023109206470972588,0.0007161747971384802,0.007537625052584929
2024-11-25,0.003392069412048837,0.0006932078118058183,0.008997212864884974,0.013923669431085361
2024-11-26,0.005221569324431297,-0.004156090462593798,-0.0015200263841383954,0.003996724313895861
2024-11-27,-0.003030162365125544,0.001391053102360651,0.002740066355050086,0.006430413838117932
2024-11-29,0.006212114549409842,0.0016207328711208557,0.00394697734857874,-0.004462387681094748
2024-12-02,0.0017923129824746198,0.003929840865918521,0.00012129350233447411,-0.014567930113999372
2024-12-03,0.0004637511452640908,0.0020722577071172754,-0.0019210819037185356,-0.005065877933075447
2024-12-04,0.006209620130151361,0.0025276840279946367,0.0032418361905155457,-0.00270152679439728
2024-12-05,-0.0016456048818965785,0.006646645509143623,0.00020191972110561451,-0.0023962857945555305
2024-12-06,0.0018955802850253445,-0.0015937944410403526,0.0028268697667879206,-0.001462028767475032
2024-12-09,-0.005149668845008115,0.020524548554153865,-0.0029196364362844562,0.002823833077483906
2024-12-10,-0.003109053573843834,-0.01608932217110992,-0.0012115573834005078,-0.014497339016200095
2024-12-11,0.007730680288764447,0.004088037716632353,-0.002325143396086582,-0.0023281586025321044
2024-12-12,-0.005152635491914692,-0.004976197784834047,-0.004053116623353281,-0.001591143070047485
2024-12-13,-0.00019849097645252556,0.0009093290805859411,-0.003764288832390439,-0.0028687069782207253
2024-12-16,0.004269941433536983,-0.005450837259141639,0.0009191019810930179,-0.0035163509594487996
2024-12-17,-0.004120063778329963,-0.0023918917545825424,0.0,-0.004811625429462674
2024-12-18,-0.029803507576069865,-0.023277485108387896,-0.007615756525233497,-0.04125931467141608
2024-12-19,-0.00030711433636354535,0.003336491214185777,-0.002578538230076477,-0.015465705569990496
2024-12-20,0.012011056129754172,0.004038080355154294,0.0026886750091350553,0.01684693256342107
2024-12-23,0.005988309811411963,0.0056778045551275635,-0.0030941564364118657,0.003910720072962448
2024-12-24,0.011114905842604772,0.0030580528249561922,0.0011380727668244273,0.006642698932343594
2024-12-26,6.66505705710918e-05,-0.003517743835610654,0.0007233599700455784,0.0026842087712415363
2024-12-27,-0.010526596837132862,-0.004471685698807293,-0.002065107944714595,-0.010039057683629449
2024-12-30,-0.01141156050983183,-0.008037882570386068,0.003931940050866389,-0.004957675524925875
