Date,RuleBased,Markowitz,BlackLitterman
2004-09-30,1.0010515442316263,1.003504212806859,1.003504212806859
2004-10-01,1.0146500516211143,1.0167528444843195,1.0167528444843195
2004-10-04,1.018571159418849,1.0227249560894291,1.0227249560894291
2004-10-05,1.017709296980296,1.020861104761105,1.020861104761105
2004-10-06,1.0235550049241766,1.0263303847910878,1.0263303847910878
2004-10-07,1.0150871735541964,1.0186938463114565,1.0186938463114565
2004-10-08,1.0101374844496236,1.0171758031282083,1.0171758031282083
2004-10-11,1.013404237423195,1.0187856110069153,1.0187856110069153
2004-10-12,1.008571235043165,1.0143312797345725,1.0143312797345725
2004-10-13,1.0016120330417362,1.0096838436763587,1.0096838436763587
2004-10-14,0.9960893554121234,1.0074529572780995,1.0074529572780995
2004-10-15,1.0015598104047139,1.014339126729541,1.014339126729541
2004-10-18,1.0055173459966669,1.0191281369533354,1.0191281369533354
2004-10-19,0.9995572925920625,1.0145213927779282,1.0145213927779282
2004-10-20,0.9978777263109612,1.012068356434462,1.012068356434462
2004-10-21,1.0039313357818942,1.0193130394673806,1.0193130394673806
2004-10-22,0.9962003117197079,1.0132028053478135,1.0132028053478135
2004-10-25,0.9958980757909112,1.012636917380089,1.012636917380089
2004-10-26,1.0053659615201527,1.0190335061564926,1.0190335061564926
2004-10-27,1.0153488554707815,1.0289462004914616,1.0289462004914616
2004-10-28,1.016669114108972,1.0288685469794958,1.0288685469794958
2004-10-29,1.0176630354302685,1.0303388966776656,1.0303388966776656
2004-11-01,1.0205676293024135,1.0350205724563162,1.0350205724563162
2004-11-02,1.020442276035229,1.0328785891873922,1.0328785891873922
2004-11-03,1.0313690217984048,1.043125559065555,1.043125559065555
2004-11-04,1.0428316640275084,1.0544829022424336,1.0544829022424336
2004-11-05,1.0453752035506845,1.0491246191284016,1.0491246191284016
2004-11-08,1.0420505685320114,1.0454942173207742,1.0454942173207742
2004-11-09,1.0425197444304362,1.0482908776196727,1.0482908776196727
2004-11-10,1.0433314079788487,1.0504092987101359,1.0504092987101359
2004-11-11,1.050579705131261,1.0579102679624388,1.0579102679624388
2004-11-12,1.0596208760990287,1.0701884401476458,1.0701884401476458
2004-11-15,1.0621438314468348,1.0747359691897174,1.0747359691897174
2004-11-16,1.055136753557938,1.067718858033155,1.067718858033155
2004-11-17,1.061825519489523,1.0696335077059214,1.0696335077059214
2004-11-18,1.0629807191548195,1.0701489388433927,1.0701489388433927
2004-11-19,1.0525007011255176,1.0598597383613297,1.0598597383613297
2004-11-22,1.0568456971727713,1.0644411654647772,1.0644411654647772
2004-11-23,1.0582158761841678,1.0663319885011717,1.0663319885011717
2004-11-24,1.0626357245774547,1.0748764934972448,1.0748764934972448
2004-11-26,1.0642995790125467,1.0782997818667606,1.0782997818667606
2004-11-29,1.0595954444024318,1.0736514751847817,1.0736514751847817
2004-11-30,1.0607396946453087,1.0759824149524564,1.0759824149524564
2004-12-01,1.0695736169327954,1.0855836712903901,1.0855836712903901
2004-12-02,1.0697508890058338,1.0834457780161855,1.0834457780161855
2004-12-03,1.0720117022253493,1.0897757121724108,1.0897757121724108
2004-12-06,1.0720387770430995,1.0909024543056687,1.0909024543056687
2004-12-07,1.0629794817729394,1.0807476798866564,1.0807476798866564
2004-12-08,1.0666402088093423,1.0824221414895177,1.0824221414895177
2004-12-09,1.0662908904539783,1.0805007702488083,1.0805007702488083
2004-12-10,1.066996624641345,1.0825809269324114,1.0825809269324114
2004-12-13,1.0752445338603451,1.0886747160615318,1.0886747160615318
2004-12-14,1.0791979106505398,1.092189956541282,1.092189956541282
2004-12-15,1.0825967761451802,1.0974284241047791,1.0974284241047791
2004-12-16,1.0800456124870341,1.0922370179517749,1.0922370179517749
2004-12-17,1.075466526663163,1.0923696451171567,1.0923696451171567
2004-12-20,1.077854166859698,1.0953955916630664,1.0953955916630664
2004-12-21,1.0851405437527377,1.1034956170775552,1.1034956170775552
2004-12-22,1.0875283652191776,1.106771002766622,1.106771002766622
2004-12-23,1.0888607567126465,1.1068722299541753,1.1068722299541753
2004-12-27,1.0861778739261092,1.1029744708937694,1.1029744708937694
2004-12-28,1.0907743214258518,1.1069340249908013,1.1069340249908013
2004-12-29,1.0930095873134602,1.1105533259395388,1.1105533259395388
2004-12-30,1.0920051987701764,1.1111845535065392,1.1111845535065392
2004-12-31,1.0921702083695526,1.112593423019642,1.112593423019642
2005-01-03,1.086553630587732,1.1048281019994448,1.1048281019994448
2005-01-04,1.0721064107770157,1.0878933294081785,1.0878933294081785
2005-01-05,1.0636203842295955,1.0730679420467049,1.0730679420467049
2005-01-06,1.0673077230639094,1.0765032631622922,1.0765032631622922
2005-01-07,1.0665336569061536,1.075976485149919,1.075976485149919
2005-01-10,1.0695004787405749,1.0765965243757105,1.0765965243757105
2005-01-11,1.0644712448696771,1.0717947235752647,1.0717947235752647
2005-01-12,1.0686988298953641,1.075226890056418,1.075226890056418
2005-01-13,1.063348506882115,1.0725239824187354,1.0725239824187354
2005-01-14,1.0696892630188972,1.0814285760598943,1.0814285760598943
2005-01-18,1.0770953091721265,1.0870159663650005,1.0870159663650005
2005-01-19,1.06829616540431,1.080845066662706,1.080845066662706
2005-01-20,1.0623820176766703,1.0751575539135518,1.0751575539135518
2005-01-21,1.060940181620899,1.077749713362311,1.077749713362311
2005-01-24,1.0590299189227383,1.0746336715023002,1.0746336715023002
2005-01-25,1.0609812776366754,1.0723853448138996,1.0723853448138996
2005-01-26,1.0651326728841626,1.0764330847376893,1.0764330847376893
2005-01-27,1.065725771701252,1.0749204038687215,1.0749204038687215
2005-01-28,1.066658113666516,1.0764598073453084,1.0764598073453084
2005-01-31,1.0725956316403398,1.081324612417391,1.081324612417391
2005-02-01,1.0787779169271885,1.087769176858505,1.087769176858505
2005-02-02,1.0820436241905056,1.0926960657110554,1.0926960657110554
2005-02-03,1.0800885614229614,1.0921868572777447,1.0921868572777447
2005-02-04,1.0913487211585948,1.1044786563826272,1.1044786563826272
2005-02-07,1.09091432189513,1.1042034731893682,1.1042034731893682
2005-02-08,1.0922772619829368,1.1059240769604664,1.1059240769604664
2005-02-09,1.0877215271126899,1.1053446791360628,1.1053446791360628
2005-02-10,1.0903024432079982,1.108579255495634,1.108579255495634
2005-02-11,1.0980995036491874,1.1150451800304786,1.1150451800304786
2005-02-14,1.0989898220451655,1.1171550623531377,1.1171550623531377
2005-02-15,1.1017150271216072,1.1196418532684995,1.1196418532684995
2005-02-16,1.1016630907539835,1.120207495837361,1.120207495837361
2005-02-17,1.0959151920888548,1.1171550683055929,1.1171550683055929
2005-02-18,1.098639124756658,1.118947706212153,1.118947706212153
2005-02-22,1.0860980575386747,1.1050479443689685,1.1050479443689685
2005-02-23,1.0914541040400467,1.1075057092855483,1.1075057092855483
2005-02-24,1.098496505756091,1.1141240405622446,1.1141240405622446
2005-02-25,1.1094181372116603,1.1268090825210708,1.1268090825210708
2005-02-28,1.1040771209629558,1.123023436293805,1.123023436293805
2005-03-01,1.1082993805537793,1.1279803514264335,1.1279803514264335
2005-03-02,1.1041264500493575,1.1203082062148504,1.1203082062148504
2005-03-03,1.105384282722136,1.1229915794518255,1.1229915794518255
2005-03-04,1.1174598314033986,1.1361264261971504,1.1361264261971504
2005-03-07,1.1193928218964502,1.1398070071573616,1.1398070071573616
2005-03-08,1.1146561318573946,1.1341433143162765,1.1341433143162765
2005-03-09,1.1033682636337019,1.1197342312877532,1.1197342312877532
2005-03-10,1.1031009900263657,1.118794044886098,1.118794044886098
2005-03-11,1.0969693280753205,1.112201724998624,1.112201724998624
2005-03-14,1.100243839443345,1.1151537037521249,1.1151537037521249
2005-03-15,1.0900895974528573,1.1047315466049479,1.1047315466049479
2005-03-16,1.0824917346947136,1.096715653970054,1.096715653970054
2005-03-17,1.0876594116662415,1.1056377723520672,1.1056377723520672
2005-03-18,1.0845692693437285,1.1022906138150692,1.1022906138150692
2005-03-21,1.0791310430040524,1.0949811095967417,1.0949811095967417
2005-03-22,1.0671721829520422,1.0803974630537432,1.0803974630537432
2005-03-23,1.0656063184092517,1.0766945696527064,1.0766945696527064
2005-03-24,1.0663986365960532,1.0773754648270715,1.0773754648270715
2005-03-28,1.06787526633579,1.077949331297579,1.077949331297579
2005-03-29,1.058933953625181,1.0684571800860194,1.0684571800860194
2005-03-30,1.073145387435993,1.0830535599780668,1.0830535599780668
2005-03-31,1.0738282865856246,1.085228087687066,1.085228087687066
2005-04-01,1.0732268341928675,1.0874320418514167,1.0874320418514167
2005-04-04,1.0742325957059642,1.087055467900562,1.087055467900562
2005-04-05,1.0767043317272023,1.087127196168996,1.087127196168996
2005-04-06,1.0822052810610863,1.0942319920039414,1.0942319920039414
2005-04-07,1.087776617853093,1.1009013756078028,1.1009013756078028
2005-04-08,1.0799215873853922,1.0953918714333934,1.0953918714333934
2005-04-11,1.0790706880642733,1.093378532664445,1.093378532664445
2005-04-12,1.0859664916448393,1.1029221792494928,1.1029221792494928
2005-04-13,1.075028390444293,1.0942814419301532,1.0942814419301532
2005-04-14,1.0617483100341039,1.0807234509680033,1.0807234509680033
2005-04-15,1.0503621439735393,1.0737869797560275,1.0737869797560275
2005-04-18,1.0539834656015574,1.0772709706183519,1.0772709706183519
2005-04-19,1.0623801717476986,1.0858832003319527,1.0858832003319527
2005-04-20,1.0494527437315155,1.0747521295852065,1.0747521295852065
2005-04-21,1.065937671832761,1.087406934341738,1.087406934341738
2005-04-22,1.0624203322729726,1.0857740263772515,1.0857740263772515
2005-04-25,1.070411904618751,1.095977109214023,1.095977109214023
2005-04-26,1.0620133420217894,1.090095330395168,1.090095330395168
2005-04-27,1.0641177449985204,1.0916544498546925,1.0916544498546925
2005-04-28,1.0538176104222319,1.0836588708497827,1.0836588708497827
2005-04-29,1.0661516552252825,1.096331623261502,1.096331623261502
2005-05-02,1.0708221925156498,1.0995649139486998,1.0995649139486998
2005-05-03,1.0716830023549888,1.0999775615620915,1.0999775615620915
2005-05-04,1.081696901167497,1.1106429906177147,1.1106429906177147
2005-05-05,1.0833106262094476,1.1159674976832419,1.1159674976832419
2005-05-06,1.080312071082376,1.1113745228081977,1.1113745228081977
2005-05-09,1.0852681833534434,1.1180355718456982,1.1180355718456982
2005-05-10,1.0747169455667633,1.1086352552809366,1.1086352552809366
2005-05-11,1.0794017952326997,1.112063770454776,1.112063770454776
2005-05-12,1.0692021912384178,1.1016789095029091,1.1016789095029091
2005-05-13,1.0663016597612067,1.0982523512833335,1.0982523512833335
2005-05-16,1.074230313004972,1.1051641941528236,1.1051641941528236
2005-05-17,1.0792560900015464,1.1098440994490741,1.1098440994490741
2005-05-18,1.0904905095287152,1.1220375580403812,1.1220375580403812
2005-05-19,1.094146853867444,1.1275420038345632,1.1275420038345632
2005-05-20,1.0926486612373716,1.1267134304004387,1.1267134304004387
2005-05-23,1.0976468493050986,1.130732756659112,1.130732756659112
2005-05-24,1.095125785721849,1.1255131784758743,1.1255131784758743
2005-05-25,1.0925612819097028,1.1194442458033922,1.1194442458033922
2005-05-26,1.0978009580247212,1.1230131874523759,1.1230131874523759
2005-05-27,1.1002861312000827,1.1268600154598722,1.1268600154598722
2005-05-31,1.095686156590007,1.126225271757531,1.126225271757531
2005-06-01,1.1055760092683633,1.1374035304738,1.1374035304738
2005-06-02,1.1080460009953168,1.1391229745306333,1.1391229745306333
2005-06-03,1.1032599765661772,1.1355361869682323,1.1355361869682323
2005-06-06,1.105016212639563,1.140680691467091,1.140680691467091
2005-06-07,1.1056256563533076,1.1425555954474325,1.1425555954474325
2005-06-08,1.1035917405639153,1.1416472643812852,1.1416472643812852
2005-06-09,1.107700762747533,1.1448446262314558,1.1448446262314558
2005-06-10,1.1057856574876934,1.1434709372122986,1.1434709372122986
2005-06-13,1.1086906490711608,1.1467443069521053,1.1467443069521053
2005-06-14,1.1112176313427689,1.1508256015185974,1.1508256015185974
2005-06-15,1.1138871594692024,1.1542146769648216,1.1542146769648216
2005-06-16,1.1179527650432564,1.158835696628262,1.158835696628262
2005-06-17,1.1233986404535836,1.1671786848746946,1.1671786848746946
2005-06-20,1.121351684160619,1.1635135973198514,1.1635135973198514
2005-06-21,1.1211170992086958,1.1605303847108146,1.1605303847108146
2005-06-22,1.1242562888924947,1.1644019919713187,1.1644019919713187
2005-06-23,1.1111215794926455,1.1535158770069325,1.1535158770069325
2005-06-24,1.1058589338166862,1.1501901878302199,1.1501901878302199
2005-06-27,1.1080605354580535,1.1523688942517272,1.1523688942517272
2005-06-28,1.114646201110076,1.1577981660025447,1.1577981660025447
2005-06-29,1.1118862780491867,1.1560847295307524,1.1560847295307524
2005-06-30,1.1084326281094066,1.154515316943574,1.154515316943574
2005-07-01,1.1108161621543473,1.1581605436231042,1.1581605436231042
2005-07-05,1.1169191579417885,1.164735096860959,1.164735096860959
2005-07-06,1.1106510235015667,1.1605090580356232,1.1605090580356232
2005-07-07,1.1140940492111333,1.1631468320495402,1.1631468320495402
2005-07-08,1.124278674469545,1.1744997420159282,1.1744997420159282
2005-07-11,1.1314005496184636,1.184726140559289,1.184726140559289
2005-07-12,1.1353690276494883,1.1891674964109122,1.1891674964109122
2005-07-13,1.135503313293092,1.1870913784317914,1.1870913784317914
2005-07-14,1.1381902469837035,1.1847320893057234,1.1847320893057234
2005-07-15,1.1370829487259408,1.1841964367666162,1.1841964367666162
2005-07-18,1.133608176655856,1.1824530645114957,1.1824530645114957
2005-07-19,1.1400987709324482,1.1902740396712832,1.1902740396712832
2005-07-20,1.1433226930453573,1.1945327635750584,1.1945327635750584
2005-07-21,1.1395964076940266,1.190627867254407,1.190627867254407
2005-07-22,1.1443924349138184,1.1945889771924818,1.1945889771924818
2005-07-25,1.1407332074548062,1.1908745484770034,1.1908745484770034
2005-07-26,1.1436271608906403,1.1969619635188649,1.1969619635188649
2005-07-27,1.1472252600958441,1.2005386167603584,1.2005386167603584
2005-07-28,1.155513921077074,1.2118316952531563,1.2118316952531563
2005-07-29,1.150130380143111,1.2085012713380294,1.2085012713380294
2005-08-01,1.1528238788615082,1.2135128396350514,1.2135128396350514
2005-08-02,1.160573528244486,1.2231477403383035,1.2231477403383035
2005-08-03,1.1623497308449389,1.2230582881566443,1.2230582881566443
2005-08-04,1.1537180147695947,1.2118246578710878,1.2118246578710878
2005-08-05,1.142026089933684,1.190960420767632,1.190960420767632
2005-08-08,1.139872516487314,1.1813994022736232,1.1813994022736232
2005-08-09,1.1487194905239726,1.1918962643957054,1.1918962643957054
2005-08-10,1.151256909861904,1.1984842238046955,1.1984842238046955
2005-08-11,1.1540961549509914,1.2023796909034916,1.2023796909034916
2005-08-12,1.1482308897187854,1.1973628336360889,1.1973628336360889
2005-08-15,1.1542385774773363,1.2042328713797097,1.2042328713797097
2005-08-16,1.1426533654591735,1.19691378084795,1.19691378084795
2005-08-17,1.1418041960262786,1.194064118792106,1.194064118792106
2005-08-18,1.1380722277100725,1.186277840734752,1.186277840734752
2005-08-19,1.1383797520590022,1.1842326849247615,1.1842326849247615
2005-08-22,1.1412719636203206,1.1896070166305162,1.1896070166305162
2005-08-23,1.1384846479921185,1.187343688192861,1.187343688192861
2005-08-24,1.1303734891499697,1.1818748447566672,1.1818748447566672
2005-08-25,1.1351005703361365,1.1870012708979751,1.1870012708979751
2005-08-26,1.1293745724885509,1.1805900739591266,1.1805900739591266
2005-08-29,1.1367631377333607,1.1865710863273224,1.1865710863273224
2005-08-30,1.131819149188386,1.1831099052521055,1.1831099052521055
2005-08-31,1.1462655164907793,1.2000315853335466,1.2000315853335466
2005-09-01,1.1494920331798488,1.2077927893893396,1.2077927893893396
2005-09-02,1.1498821843431555,1.2094239713733113,1.2094239713733113
2005-09-06,1.1612882385580388,1.2234094819339896,1.2234094819339896
2005-09-07,1.1622175668882067,1.223216326011682,1.223216326011682
2005-09-08,1.1591977443948014,1.2195859769255655,1.2195859769255655
2005-09-09,1.1686154597655891,1.2288987770319844,1.2288987770319844
2005-09-12,1.1664512953405959,1.2264486702867203,1.2264486702867203
2005-09-13,1.1602626551074358,1.218979038607459,1.218979038607459
2005-09-14,1.1567654286234843,1.2161335812365948,1.2161335812365948
2005-09-15,1.1572111157924636,1.2176010191268791,1.2176010191268791
2005-09-16,1.1649715417278461,1.2252191843924118,1.2252191843924118
2005-09-19,1.1620881402092675,1.221463036795719,1.221463036795719
2005-09-20,1.1563458144844643,1.2174217928786542,1.2174217928786542
2005-09-21,1.1512478089611065,1.2118771301566207,1.2118771301566207
2005-09-22,1.1519155725209114,1.2110921242646495,1.2110921242646495
2005-09-23,1.1519650857704296,1.2108174503126483,1.2108174503126483
2005-09-26,1.154657485333046,1.2162066573795778,1.2162066573795778
2005-09-27,1.1527321195029814,1.2127314470195925,1.2127314470195925
2005-09-28,1.1558464010148108,1.2148477321477538,1.2148477321477538
2005-09-29,1.1658573301925368,1.2288109057262016,1.2288109057262016
2005-09-30,1.168472259690593,1.2339731884144998,1.2339731884144998
2005-10-03,1.166609724415006,1.2335325265640977,1.2335325265640977
2005-10-04,1.1561360924021948,1.2217888952904297,1.2217888952904297
2005-10-05,1.139961151535748,1.202317127036244,1.202317127036244
2005-10-06,1.129762920189322,1.1880373775147526,1.1880373775147526
2005-10-07,1.1363693692976078,1.1942051854069868,1.1942051854069868
2005-10-10,1.129604086334077,1.1871104884838297,1.1871104884838297
2005-10-11,1.1287279303243805,1.186182570748646,1.186182570748646
2005-10-12,1.1158647159136954,1.1675309324909768,1.1675309324909768
2005-10-13,1.113663347538005,1.1645963564417539,1.1645963564417539
2005-10-14,1.1209615299347877,1.1728667368137675,1.1728667368137675
2005-10-17,1.1263276110896165,1.1798326087086153,1.1798326087086153
2005-10-18,1.1132943959341113,1.1650224529264936,1.1650224529264936
2005-10-19,1.1290466526938656,1.1799813647439017,1.1799813647439017
2005-10-20,1.1082131475716552,1.1564556462752227,1.1564556462752227
2005-10-21,1.1170999284632086,1.1698279390316924,1.1698279390316924
2005-10-24,1.133440820562904,1.1888259877520937,1.1888259877520937
2005-10-25,1.1271219123332323,1.1793414450641444,1.1793414450641444
2005-10-26,1.1245108755639006,1.1756347329598167,1.1756347329598167
2005-10-27,1.1124593323771468,1.161848160247399,1.161848160247399
2005-10-28,1.1285614546547165,1.1832415316573353,1.1832415316573353
2005-10-31,1.1343814456801675,1.1917541809928411,1.1917541809928411
2005-11-01,1.1387570930443074,1.1919561387313544,1.1919561387313544
2005-11-02,1.1493494575776249,1.2029425269288105,1.2029425269288105
2005-11-03,1.1515605605182166,1.2027577697013339,1.2027577697013339
2005-11-04,1.1500872315499342,1.200144111622654,1.200144111622654
2005-11-07,1.1512099902198443,1.2021416498570099,1.2021416498570099
2005-11-08,1.1496895093110073,1.1987525847455118,1.1987525847455118
2005-11-09,1.1539632493427898,1.2073016585528364,1.2073016585528364
2005-11-10,1.161685724560848,1.2182591332200634,1.2182591332200634
2005-11-11,1.164920509479333,1.2215416867837758,1.2215416867837758
2005-11-14,1.163207110237053,1.2192767568532892,1.2192767568532892
2005-11-15,1.1597510213748212,1.2163693830513842,1.2163693830513842
2005-11-16,1.1630852938071163,1.2188181220171588,1.2188181220171588
2005-11-17,1.1737181676023443,1.2321148464231462,1.2321148464231462
2005-11-18,1.1771620096593047,1.235315198244295,1.235315198244295
2005-11-21,1.1817135347001437,1.2393810650610921,1.2393810650610921
2005-11-22,1.1859208698052577,1.2452380323525662,1.2452380323525662
2005-11-23,1.1924221344162822,1.2520943851804094,1.2520943851804094
2005-11-25,1.1932165952762315,1.2534009716251058,1.2534009716251058
2005-11-28,1.1858507325724386,1.2449939910856982,1.2449939910856982
2005-11-29,1.1828504907893054,1.2412121273349392,1.2412121273349392
2005-11-30,1.1788392237314633,1.2380474483382904,1.2380474483382904
2005-12-01,1.1923394620590473,1.25506139586964,1.25506139586964
2005-12-02,1.1926207360245191,1.2533387722662863,1.2533387722662863
2005-12-05,1.192859261461135,1.2547270264175288,1.2547270264175288
2005-12-06,1.1964321866210406,1.2581872858417578,1.2581872858417578
2005-12-07,1.1895733973736202,1.2507967626857797,1.2507967626857797
2005-12-08,1.1889427960319952,1.2514852118750532,1.2514852118750532
2005-12-09,1.1925583660485193,1.2561100186395588,1.2561100186395588
2005-12-12,1.1941549550399404,1.2582707251124778,1.2582707251124778
2005-12-13,1.2030101347804387,1.2678838313155183,1.2678838313155183
2005-12-14,1.2048601218537942,1.2677412020222405,1.2677412020222405
2005-12-15,1.2011762160143749,1.262554834095276,1.262554834095276
2005-12-16,1.198348486175509,1.261434491609559,1.261434491609559
2005-12-19,1.1935455492236824,1.254965462557681,1.254965462557681
2005-12-20,1.196342919704717,1.2590599224955914,1.2590599224955914
2005-12-21,1.2016316300046828,1.2678083741075437,1.2678083741075437
2005-12-22,1.2061374845743122,1.271830081148002,1.271830081148002
2005-12-23,1.2086950929492288,1.2761324927384323,1.2761324927384323
2005-12-27,1.1991757314067941,1.2679244200671016,1.2679244200671016
2005-12-28,1.2005526596041196,1.2683439300588883,1.2683439300588883
2005-12-29,1.1973042762507546,1.2655950256317807,1.2655950256317807
2005-12-30,1.1934903354346538,1.2631944691640031,1.2631944691640031
2006-01-03,1.2158068452851036,1.289645507304855,1.289645507304855
2006-01-04,1.2223192901155218,1.2978027264053738,1.2978027264053738
2006-01-05,1.224533354632767,1.3026503908652622,1.3026503908652622
2006-01-06,1.2357311733297984,1.3163286038960111,1.3163286038960111
2006-01-09,1.24084690264255,1.3244168832560173,1.3244168832560173
2006-01-10,1.2384784133071816,1.3211275316297566,1.3211275316297566
2006-01-11,1.2436787133458815,1.3273982949863028,1.3273982949863028
2006-01-12,1.2376409284826715,1.31996616639639,1.31996616639639
2006-01-13,1.2369745812603945,1.3166068699807705,1.3166068699807705
2006-01-17,1.2304505884217316,1.3071889406104606,1.3071889406104606
2006-01-18,1.2277461763786381,1.306049935913856,1.306049935913856
2006-01-19,1.2390362063036007,1.3244594210644045,1.3244594210644045
2006-01-20,1.2179510727424583,1.3031502338230792,1.3031502338230792
2006-01-23,1.2279787821123493,1.317786017221431,1.317786017221431
2006-01-24,1.2328832720536878,1.3269191713851543,1.3269191713851543
2006-01-25,1.2331524665020785,1.326970889242174,1.326970889242174
2006-01-26,1.242768410666398,1.339212254063744,1.339212254063744
2006-01-27,1.253361244292943,1.3512206754455842,1.3512206754455842
2006-01-30,1.2515155973217749,1.3486418964133613,1.3486418964133613
2006-01-31,1.2483418849816261,1.3504174175478534,1.3504174175478534
2006-02-01,1.2528560832024773,1.353150071433128,1.353150071433128
2006-02-02,1.2373607849850996,1.3358759654473986,1.3358759654473986
2006-02-03,1.2302652268105374,1.3261072358244315,1.3261072358244315
2006-02-06,1.2384742492790455,1.3384090829063657,1.3384090829063657
2006-02-07,1.2246451306988428,1.32130554953343,1.32130554953343
2006-02-08,1.2313131574564784,1.3236052749508507,1.3236052749508507
2006-02-09,1.231280025283716,1.3260325023275723,1.3260325023275723
2006-02-10,1.2317750442138269,1.3256742053227817,1.3256742053227817
2006-02-13,1.2243372444706984,1.3151263223286511,1.3151263223286511
2006-02-14,1.2381754031396246,1.3303846113318551,1.3303846113318551
2006-02-15,1.240146569442978,1.3325151780343936,1.3325151780343936
2006-02-16,1.2524006495471964,1.3479850823855661,1.3479850823855661
2006-02-17,1.2517238378984683,1.3514188415108637,1.3514188415108637
2006-02-21,1.246777939117355,1.3454036027625829,1.3454036027625829
2006-02-22,1.2541125609232129,1.354572434786555,1.354572434786555
2006-02-23,1.2527427165232696,1.3532481199406592,1.3532481199406592
2006-02-24,1.254851630895296,1.3531531289817427,1.3531531289817427
2006-02-27,1.2571201855802465,1.356807086237345,1.356807086237345
2006-02-28,1.2435727616613401,1.3416345425987004,1.3416345425987004
2006-03-01,1.2574586545971378,1.3583156028647139,1.3583156028647139
2006-03-02,1.257013966865248,1.3575679361647515,1.3575679361647515
2006-03-03,1.2484503607583852,1.3462863749754501,1.3462863749754501
2006-03-06,1.2413261681036265,1.3432319452722843,1.3432319452722843
2006-03-07,1.2307455755776853,1.3238505643248566,1.3238505643248566
2006-03-08,1.2341815702130317,1.3289126160643472,1.3289126160643472
2006-03-09,1.2272200956839365,1.3252981123393717,1.3252981123393717
2006-03-10,1.2398475581928385,1.340168642176026,1.340168642176026
2006-03-13,1.2407924509325963,1.338339165186793,1.338339165186793
2006-03-14,1.2573437275920512,1.3581004269844983,1.3581004269844983
2006-03-15,1.26439293238778,1.3707077051906584,1.3707077051906584
2006-03-16,1.2651597786201259,1.372346480532928,1.372346480532928
2006-03-17,1.2678340472756715,1.3784938563632265,1.3784938563632265
2006-03-20,1.2668162977932815,1.3740203999597764,1.3740203999597764
2006-03-21,1.2555143747052326,1.3581825028743522,1.3581825028743522
2006-03-22,1.2632870564423544,1.366075588072125,1.366075588072125
2006-03-23,1.2593846891724267,1.362162867896096,1.362162867896096
2006-03-24,1.2624339144312176,1.3660425066191835,1.3660425066191835
2006-03-27,1.2623055441031166,1.3642205033813395,1.3642205033813395
2006-03-28,1.2533493701491545,1.357737096107641,1.357737096107641
2006-03-29,1.2637560477232606,1.3742664175047914,1.3742664175047914
2006-03-30,1.2618107122507278,1.369382206270007,1.369382206270007
2006-03-31,1.262672775045666,1.3704016158587422,1.3704016158587422
2006-04-03,1.2660971111924177,1.376031679253343,1.376031679253343
2006-04-04,1.2719884943799498,1.3784414292134577,1.3784414292134577
2006-04-05,1.277132511862158,1.386329706179278,1.386329706179278
2006-04-06,1.2748476488059028,1.3819486182864944,1.3819486182864944
2006-04-07,1.2623156866147713,1.3655251284718901,1.3655251284718901
2006-04-10,1.2620061852407387,1.360787309430865,1.360787309430865
2006-04-11,1.254312243761825,1.35405074717391,1.35405074717391
2006-04-12,1.2565888117722983,1.3569639948940964,1.3569639948940964
2006-04-13,1.2552091059145734,1.3535406859118064,1.3535406859118064
2006-04-17,1.2574514082792243,1.3582229986526198,1.3582229986526198
2006-04-18,1.277103508775526,1.386442582740817,1.386442582740817
2006-04-19,1.280777859805839,1.3945447291336472,1.3945447291336472
2006-04-20,1.2807827318348963,1.3932531683560065,1.3932531683560065
2006-04-21,1.2824676384716804,1.3970412087712414,1.3970412087712414
2006-04-24,1.2790281719534053,1.3893234128507983,1.3893234128507983
2006-04-25,1.2717984898224985,1.3779959873536802,1.3779959873536802
2006-04-26,1.2752645815000279,1.385697690885106,1.385697690885106
2006-04-27,1.2767226918453394,1.382521684624694,1.382521684624694
2006-04-28,1.2820243957225692,1.3899847769716658,1.3899847769716658
2006-05-01,1.2739989018259525,1.3820529864452462,1.3820529864452462
2006-05-02,1.282909122611066,1.3892717971542363,1.3892717971542363
2006-05-03,1.280211624352708,1.3891564012951185,1.3891564012951185
2006-05-04,1.2856756148083004,1.3997931571807878,1.3997931571807878
2006-05-05,1.297027552933319,1.415365583331662,1.415365583331662
2006-05-08,1.2980714327682041,1.420348361394485,1.420348361394485
2006-05-09,1.29962233027236,1.421099368192368,1.421099368192368
2006-05-10,1.296416752915007,1.4139676005024713,1.4139676005024713
2006-05-11,1.2804490201455936,1.39091515236594,1.39091515236594
2006-05-12,1.263826137439475,1.369411468121132,1.369411468121132
2006-05-15,1.2615439184411918,1.3638066770424608,1.3638066770424608
2006-05-16,1.2624126278459413,1.365531988065319,1.365531988065319
2006-05-17,1.239516020300959,1.3368051967990213,1.3368051967990213
2006-05-18,1.232756166987117,1.3252161055222276,1.3252161055222276
2006-05-19,1.2420247213300695,1.337383633687592,1.337383633687592
2006-05-22,1.227365074534782,1.3134257899602073,1.3134257899602073
2006-05-23,1.2184618604122466,1.302122115823483,1.302122115823483
2006-05-24,1.2231983658992434,1.3021161200125013,1.3021161200125013
2006-05-25,1.2408816122836712,1.3297194219668258,1.3297194219668258
2006-05-26,1.245908673859431,1.335179587208761,1.335179587208761
2006-05-30,1.2236277685239556,1.307888245728594,1.307888245728594
2006-05-31,1.2343466241138825,1.3180962558226084,1.3180962558226084
2006-06-01,1.2460179078636153,1.33570544531728,1.33570544531728
2006-06-02,1.2521004662244744,1.3467856882714104,1.3467856882714104
2006-06-05,1.2327789653032577,1.3250345018264387,1.3250345018264387
2006-06-06,1.229609758560455,1.3176292413530875,1.3176292413530875
2006-06-07,1.219839509275257,1.3081167376782847,1.3081167376782847
2006-06-08,1.2168661970816932,1.3008025216382575,1.3008025216382575
2006-06-09,1.213099979517321,1.2974612155786387,1.2974612155786387
2006-06-12,1.1974715707153967,1.2747212336338662,1.2747212336338662
2006-06-13,1.1856221251679882,1.2601469018303038,1.2601469018303038
2006-06-14,1.1941805781587536,1.2688617510551274,1.2688617510551274
2006-06-15,1.219668748388435,1.3037830313966092,1.3037830313966092
2006-06-16,1.2130588459638068,1.298516939741708,1.298516939741708
2006-06-19,1.1999264442037056,1.2783412762774136,1.2783412762774136
2006-06-20,1.2042301731346734,1.2823025307921005,1.2823025307921005
2006-06-21,1.2157404615156988,1.3011447217814338,1.3011447217814338
2006-06-22,1.2079503763582864,1.2890947179663184,1.2890947179663184
2006-06-23,1.2072200431408018,1.2858223339943273,1.2858223339943273
2006-06-26,1.2103562440742743,1.290117020285232,1.290117020285232
2006-06-27,1.201511475279197,1.2805584007927193,1.2805584007927193
2006-06-28,1.2114875711250386,1.2953244853134926,1.2953244853134926
2006-06-29,1.2385161806213807,1.3334926832482523,1.3334926832482523
2006-06-30,1.2392102954088664,1.336707318588268,1.336707318588268
2006-07-03,1.247768738908154,1.3544179561096452,1.3544179561096452
2006-07-05,1.236947128764949,1.3380279000536337,1.3380279000536337
2006-07-06,1.2431259364501943,1.348505850978666,1.348505850978666
2006-07-07,1.2354982147506002,1.3379297629031324,1.3379297629031324
2006-07-10,1.2390681070038814,1.3450126427663929,1.3450126427663929
2006-07-11,1.2437268827838845,1.3493503989378484,1.3493503989378484
2006-07-12,1.2320756571528746,1.3379672834584015,1.3379672834584015
2006-07-13,1.2124402742354945,1.3120138205287564,1.3120138205287564
2006-07-14,1.2099592146955358,1.3081616272786996,1.3081616272786996
2006-07-17,1.2056867558700077,1.3009305890846832,1.3009305890846832
2006-07-18,1.2124657837041728,1.3132011259630434,1.3132011259630434
2006-07-19,1.2349679723067697,1.3484523020402817,1.3484523020402817
2006-07-20,1.2244897175292138,1.3315017471703212,1.3315017471703212
2006-07-21,1.214736160755133,1.3151971419395807,1.3151971419395807
2006-07-24,1.2371124630539505,1.3449825613365083,1.3449825613365083
2006-07-25,1.2403478475844638,1.3488704220384704,1.3488704220384704
2006-07-26,1.240961406907331,1.3489607536795256,1.3489607536795256
2006-07-27,1.242929264623439,1.3536561496817623,1.3536561496817623
2006-07-28,1.2557403945455181,1.371754716093248,1.371754716093248
2006-07-31,1.252675579842801,1.3657040118663342,1.3657040118663342
2006-08-01,1.2463102428344042,1.3559504645296154,1.3559504645296154
2006-08-02,1.2537166223905605,1.3629150383341553,1.3629150383341553
2006-08-03,1.2561812503750727,1.3669081135595096,1.3669081135595096
2006-08-04,1.2571075203505249,1.3741514369777899,1.3741514369777899
2006-08-07,1.2535818482992507,1.3669775613339041,1.3669775613339041
2006-08-08,1.249741936099745,1.3601380173109692,1.3601380173109692
2006-08-09,1.2477236631747177,1.3586388132122833,1.3586388132122833
2006-08-10,1.2517955871186235,1.364069117521747,1.364069117521747
2006-08-11,1.2466146611642859,1.3552271774493445,1.3552271774493445
2006-08-14,1.2482512210705454,1.3604696063973667,1.3604696063973667
2006-08-15,1.2630012681030995,1.379450795797587,1.379450795797587
2006-08-16,1.272084999517139,1.387810008998939,1.387810008998939
2006-08-17,1.2742172946017145,1.3886711984184523,1.3886711984184523
2006-08-18,1.2767637918760824,1.3878943321994235,1.3878943321994235
2006-08-21,1.2735114753125918,1.3871680503221482,1.3871680503221482
2006-08-22,1.273908787534496,1.389778240746579,1.389778240746579
2006-08-23,1.2678079850831017,1.3779303049708993,1.3779303049708993
2006-08-24,1.266895375287222,1.3779827631223913,1.3779827631223913
2006-08-25,1.2685617836609013,1.3795472808695335,1.3795472808695335
2006-08-28,1.2748211935701277,1.3902173127669266,1.3902173127669266
2006-08-29,1.2764437003468216,1.3922016771236303,1.3922016771236303
2006-08-30,1.2785003364384624,1.3969883885106746,1.3969883885106746
2006-08-31,1.2782439838486466,1.3963650469176123,1.3963650469176123
2006-09-01,1.2845423814669565,1.4008069326971004,1.4008069326971004
2006-09-05,1.2874011935804979,1.407471449932712,1.407471449932712
2006-09-06,1.2748972473291955,1.3902102572468704,1.3902102572468704
2006-09-07,1.268657945259371,1.3806093224715348,1.3806093224715348
2006-09-08,1.2732854860362828,1.3890106385652763,1.3890106385652763
2006-09-11,1.2701287338120526,1.3811399327997886,1.3811399327997886
2006-09-12,1.2821943717037676,1.3970340062703097,1.3970340062703097
2006-09-13,1.2886245034856518,1.407139948735294,1.407139948735294
2006-09-14,1.2864227834166393,1.401052591239994,1.401052591239994
2006-09-15,1.2897962175993136,1.4074538683623972,1.4074538683623972
2006-09-18,1.2923942787583766,1.4098134111690215,1.4098134111690215
2006-09-19,1.2886798974736742,1.4058938178439393,1.4058938178439393
2006-09-20,1.2967162169509157,1.4157816467201267,1.4157816467201267
2006-09-21,1.288732111163092,1.4002113500867532,1.4002113500867532
2006-09-22,1.2843849400152578,1.3950364646126805,1.3950364646126805
2006-09-25,1.2930540130339319,1.4034363333017248,1.4034363333017248
2006-09-26,1.3014962599244737,1.4100678876607766,1.4100678876607766
2006-09-27,1.3025110228748786,1.4128726341311932,1.4128726341311932
2006-09-28,1.3036422700913208,1.4154868409969825,1.4154868409969825
2006-09-29,1.3012302854284625,1.4111383689507502,1.4111383689507502
2006-10-02,1.2980962285363151,1.408728580564216,1.408728580564216
2006-10-03,1.2978557346806205,1.4073806817001102,1.4073806817001102
2006-10-04,1.3137251711713651,1.4281453850168389,1.4281453850168389
2006-10-05,1.3173778911140746,1.436424022986721,1.436424022986721
2006-10-06,1.3144913546366606,1.4313538742985454,1.4313538742985454
2006-10-09,1.3152064524955038,1.4327922899485446,1.4327922899485446
2006-10-10,1.3169494186674213,1.4362095422136543,1.4362095422136543
2006-10-11,1.3144415471989266,1.4316088138203251,1.4316088138203251
2006-10-12,1.3268252827057883,1.449119291427863,1.449119291427863
2006-10-13,1.3301806939665262,1.4567048639277909,1.4567048639277909
2006-10-16,1.3325228585662074,1.4597655980000255,1.4597655980000255
2006-10-17,1.3275912555215155,1.4517732369532605,1.4517732369532605
2006-10-18,1.331216383183865,1.4590642708753707,1.4590642708753707
2006-10-19,1.333067864084901,1.4604489784139212,1.4604489784139212
2006-10-20,1.3321540970297332,1.4577319970060831,1.4577319970060831
2006-10-23,1.3353552597068676,1.4605373621240298,1.4605373621240298
2006-10-24,1.3387931707426635,1.4621951662811414,1.4621951662811414
2006-10-25,1.3448224198657148,1.4713740768103112,1.4713740768103112
2006-10-26,1.3494350384590232,1.4785895127999737,1.4785895127999737
2006-10-27,1.3410548991947377,1.4665108164853629,1.4665108164853629
2006-10-30,1.3402588072266157,1.4671708925487879,1.4671708925487879
2006-10-31,1.3449597018319288,1.477559662021517,1.477559662021517
2006-11-01,1.3373953974128,1.4679078030532289,1.4679078030532289
2006-11-02,1.3358779360108117,1.460805900815162,1.460805900815162
2006-11-03,1.332925534979358,1.4557043521658972,1.4557043521658972
2006-11-06,1.3473101980778415,1.4740430812529477,1.4740430812529477
2006-11-07,1.3494603220142185,1.4693983209007553,1.4693983209007553
2006-11-08,1.3526904662208765,1.4734223138418252,1.4734223138418252
2006-11-09,1.349266268986462,1.4740335257850739,1.4740335257850739
2006-11-10,1.3507708096995814,1.4771092209263108,1.4771092209263108
2006-11-13,1.3533133889551803,1.4801954074059511,1.4801954074059511
2006-11-14,1.3638640946505602,1.4956673701426908,1.4956673701426908
2006-11-15,1.366183275427242,1.4974862996101599,1.4974862996101599
2006-11-16,1.366467428363047,1.4960575351663083,1.4960575351663083
2006-11-17,1.3668844053378975,1.4946865287438733,1.4946865287438733
2006-11-20,1.3692173879303984,1.5077784423084961,1.5077784423084961
2006-11-21,1.374825639861925,1.5231023094343132,1.5231023094343132
2006-11-22,1.3786257568852476,1.52948381301431,1.52948381301431
2006-11-24,1.3756355469896406,1.5300522543339583,1.5300522543339583
2006-11-27,1.3581632872641656,1.5041423217881789,1.5041423217881789
2006-11-28,1.3637890087422597,1.5102048056552637,1.5102048056552637
2006-11-29,1.3762919589675426,1.5271063974617294,1.5271063974617294
2006-11-30,1.3791868469845368,1.5349082405685284,1.5349082405685284
2006-12-01,1.376859248656487,1.5318409109210787,1.5318409109210787
2006-12-04,1.3886555688397535,1.5499940466172153,1.5499940466172153
2006-12-05,1.3952195215501384,1.5565048112627362,1.5565048112627362
2006-12-06,1.3923852671597508,1.550005809399712,1.550005809399712
2006-12-07,1.3872700841624357,1.543795083282357,1.543795083282357
2006-12-08,1.3875364079421544,1.5430531773182248,1.5430531773182248
2006-12-11,1.3901616203378686,1.5451812458048337,1.5451812458048337
2006-12-12,1.3873373738312584,1.5376245916474787,1.5376245916474787
2006-12-13,1.3881546636332303,1.537531992398405,1.537531992398405
2006-12-14,1.3988225766564395,1.5488934911124366,1.5488934911124366
2006-12-15,1.3992409968087514,1.547807315773416,1.547807315773416
2006-12-18,1.3951192288902574,1.5407832206657979,1.5407832206657979
2006-12-19,1.394920027688767,1.5347339019986537,1.5347339019986537
2006-12-20,1.3974777963162632,1.5445188379971941,1.5445188379971941
2006-12-21,1.393936034891389,1.539355011352999,1.539355011352999
2006-12-22,1.3886793669659214,1.5350990197832577,1.5350990197832577
2006-12-26,1.3960472604889096,1.544754321272495,1.544754321272495
2006-12-27,1.404605131873712,1.5573787307590448,1.5573787307590448
2006-12-28,1.4022618349723952,1.55652772870758,1.55652772870758
2006-12-29,1.3986861072923602,1.5562234352495796,1.5562234352495796
2007-01-03,1.399759325376737,1.5612906659142094,1.5612906659142094
2007-01-04,1.3991118460081613,1.5559130421222547,1.5559130421222547
2007-01-05,1.384426225842811,1.5298674886727506,1.5298674886727506
2007-01-08,1.3900871522662857,1.5358035551580032,1.5358035551580032
2007-01-09,1.385505417727447,1.5297461003295838,1.5297461003295838
2007-01-10,1.3884685984047302,1.5350593794093361,1.5350593794093361
2007-01-11,1.3952625781147876,1.5479709955457137,1.5479709955457137
2007-01-12,1.4058404504784594,1.561659152435458,1.561659152435458
2007-01-16,1.4063882874870195,1.569557702961887,1.569557702961887
2007-01-17,1.4056447591820567,1.567232307792918,1.567232307792918
2007-01-18,1.4007948686313458,1.5605643281396033,1.5605643281396033
2007-01-19,1.4069732677291553,1.5747019608770443,1.5747019608770443
2007-01-22,1.4035923860625696,1.5693413200321977,1.5693413200321977
2007-01-23,1.4108964411706655,1.5835922942394218,1.5835922942394218
2007-01-24,1.4205744041486956,1.5967218593236128,1.5967218593236128
2007-01-25,1.4038010413153077,1.5790798812169295,1.5790798812169295
2007-01-26,1.4046027647922557,1.5834201226090197,1.5834201226090197
2007-01-29,1.4011411496870176,1.5776173674780403,1.5776173674780403
2007-01-30,1.409664573711914,1.589936324872025,1.589936324872025
2007-01-31,1.4179006505894503,1.6001498840203443,1.6001498840203443
2007-02-01,1.4261614408848806,1.6105348666594046,1.6105348666594046
2007-02-02,1.4271860168501547,1.6106476717283393,1.6106476717283393
2007-02-05,1.4280627054968364,1.6116724601602377,1.6116724601602377
2007-02-06,1.4322146385119512,1.6245235887497727,1.6245235887497727
2007-02-07,1.4352905244770477,1.6337615987033467,1.6337615987033467
2007-02-08,1.4324769970646634,1.626846332749574,1.626846332749574
2007-02-09,1.4218327213660409,1.6117389761810001,1.6117389761810001
2007-02-12,1.415655019551506,1.5979460310245506,1.5979460310245506
2007-02-13,1.4278517609772692,1.6182070210488224,1.6182070210488224
2007-02-14,1.4386980479900302,1.6292252792202668,1.6292252792202668
2007-02-15,1.4409416663329095,1.6339574409757043,1.6339574409757043
2007-02-16,1.441024031299094,1.6339535762304265,1.6339535762304265
2007-02-20,1.4442311391337723,1.6399831551597355,1.6399831551597355
2007-02-21,1.4442559683252416,1.6398072216997488,1.6398072216997488
2007-02-22,1.4420448896459097,1.6350254302352634,1.6350254302352634
2007-02-23,1.4362241966289693,1.6219893765541018,1.6219893765541018
2007-02-26,1.4355385535536493,1.6196583351571383,1.6196583351571383
2007-02-27,1.3820858550155557,1.5494290065891283,1.5494290065891283
2007-02-28,1.396168924515122,1.568250275328518,1.568250275328518
2007-03-01,1.3897678973214358,1.5553356070609414,1.5553356070609414
2007-03-02,1.376248864000321,1.539728038742087,1.539728038742087
2007-03-05,1.3599223787284813,1.506293340308295,1.506293340308295
2007-03-06,1.3852958679719962,1.5485195167940482,1.5485195167940482
2007-03-07,1.3823098849867137,1.5390397104142217,1.5390397104142217
2007-03-08,1.3957211634294326,1.5614736570582224,1.5614736570582224
2007-03-09,1.3966116934015913,1.5677029898792618,1.5677029898792618
2007-03-12,1.4001366772725998,1.5738107328783975,1.5738107328783975
2007-03-13,1.3764303887203924,1.5424019404440952,1.5424019404440952
2007-03-14,1.3843140330113919,1.5507317845071273,1.5507317845071273
2007-03-15,1.3875735533964997,1.5590091847423098,1.5590091847423098
2007-03-16,1.3825882269224758,1.5487384932565018,1.5487384932565018
2007-03-19,1.3977717156648564,1.5679480471392373,1.5679480471392373
2007-03-20,1.4043563613402652,1.575206572153043,1.575206572153043
2007-03-21,1.4260096132834157,1.6019556416650098,1.6019556416650098
2007-03-22,1.4239555269894104,1.5993696530826844,1.5993696530826844
2007-03-23,1.4259219262190101,1.6022171598591224,1.6022171598591224
2007-03-26,1.4232375354299243,1.5938748697051828,1.5938748697051828
2007-03-27,1.4194568015255744,1.586012452717612,1.586012452717612
2007-03-28,1.4088789552689542,1.5712905774268544,1.5712905774268544
2007-03-29,1.4138628493101104,1.5822528700671599,1.5822528700671599
2007-03-30,1.4150930385250602,1.5886564067250424,1.5886564067250424
2007-04-02,1.4184260906816868,1.5958802974441137,1.5958802974441137
2007-04-03,1.4316456009627498,1.6119208051582232,1.6119208051582232
2007-04-04,1.4339542325113728,1.6137040383547758,1.6137040383547758
2007-04-05,1.436163648320166,1.6144128844036179,1.6144128844036179
2007-04-09,1.4378117537964206,1.6178376104900534,1.6178376104900534
2007-04-10,1.440650280375051,1.623123680466068,1.623123680466068
2007-04-11,1.4336465181276763,1.6096124381995975,1.6096124381995975
2007-04-12,1.4411371458790736,1.6174619905768262,1.6174619905768262
2007-04-13,1.4466557101326925,1.6264000055160797,1.6264000055160797
2007-04-16,1.4583159345266317,1.6373774892209938,1.6373774892209938
2007-04-17,1.461128359958938,1.6420069129979191,1.6420069129979191
2007-04-18,1.4603339119328844,1.6357956919794943,1.6357956919794943
2007-04-19,1.457545278730522,1.6280037305889186,1.6280037305889186
2007-04-20,1.4690598578445875,1.641145799947485,1.641145799947485
2007-04-23,1.465929970849792,1.643045019244239,1.643045019244239
2007-04-24,1.46584681120786,1.640076238511544,1.640076238511544
2007-04-25,1.476927869073043,1.6499827614893132,1.6499827614893132
2007-04-26,1.4768363215563098,1.6486532357595187,1.6486532357595187
2007-04-27,1.4746740110340704,1.6443567893321605,1.6443567893321605
2007-04-30,1.4623487567861784,1.6241217657809386,1.6241217657809386
2007-05-01,1.4647070881909554,1.6230740994155504,1.6230740994155504
2007-05-02,1.4752254998139773,1.6396854883540486,1.6396854883540486
2007-05-03,1.48195857312052,1.6472065401622689,1.6472065401622689
2007-05-04,1.484946370379567,1.644759154687402,1.644759154687402
2007-05-07,1.487177021628636,1.650039620783693,1.650039620783693
2007-05-08,1.4820294695792058,1.638891835707476,1.638891835707476
2007-05-09,1.4888410552278168,1.6534744788492073,1.6534744788492073
2007-05-10,1.4729188522823609,1.630181602195123,1.630181602195123
2007-05-11,1.4870556124896608,1.6528709082250699,1.6528709082250699
2007-05-14,1.4822906397295952,1.6438993126474795,1.6438993126474795
2007-05-15,1.4815418965066183,1.6376811778697817,1.6376811778697817
2007-05-16,1.490284295520122,1.6428557120727443,1.6428557120727443
2007-05-17,1.4858570057582912,1.6319720840877348,1.6319720840877348
2007-05-18,1.4934333937598663,1.632862328892504,1.632862328892504
2007-05-21,1.4942361550200827,1.6359862712413669,1.6359862712413669
2007-05-22,1.4941029798723466,1.6416159968845006,1.6416159968845006
2007-05-23,1.4930532906245402,1.6372094823102847,1.6372094823102847
2007-05-24,1.477830907573338,1.6130188418399978,1.6130188418399978
2007-05-25,1.4855262666315683,1.6253884199106645,1.6253884199106645
2007-05-29,1.4902814054289744,1.6397105668193113,1.6397105668193113
2007-05-30,1.5024664720889933,1.6606262947372843,1.6606262947372843
2007-05-31,1.5013073354149051,1.659447740393158,1.659447740393158
2007-06-01,1.5117900235762012,1.6759625582241466,1.6759625582241466
2007-06-04,1.5114230175369645,1.6755429329177258,1.6755429329177258
2007-06-05,1.5049413440553938,1.6640749351762507,1.6640749351762507
2007-06-06,1.4884395637852654,1.6425314788755623,1.6425314788755623
2007-06-07,1.4641856762510117,1.611443918265243,1.611443918265243
2007-06-08,1.4805011619361144,1.6307601556844156,1.6307601556844156
2007-06-11,1.4832160807317278,1.6299227134917913,1.6299227134917913
2007-06-12,1.4662961659193765,1.6069783536764288,1.6069783536764288
2007-06-13,1.4864374756289063,1.6333330248898588,1.6333330248898588
2007-06-14,1.4957986040277411,1.640556707139641,1.640556707139641
2007-06-15,1.5084251335838352,1.661644900627371,1.661644900627371
2007-06-18,1.506643496280318,1.6553042765984396,1.6553042765984396
2007-06-19,1.5101783552336707,1.658533598065202,1.658533598065202
2007-06-20,1.4922967797277669,1.6347774399454496,1.6347774399454496
2007-06-21,1.5005480373432543,1.6461605523588432,1.6461605523588432
2007-06-22,1.4889695809120933,1.6338917109335604,1.6338917109335604
2007-06-25,1.481830295172272,1.6211239278389862,1.6211239278389862
2007-06-26,1.4698433549591157,1.6104281792532806,1.6104281792532806
2007-06-27,1.4882750753861018,1.6346614768748542,1.6346614768748542
2007-06-28,1.4876591077660188,1.6324098191100207,1.6324098191100207
2007-06-29,1.4890970494478968,1.633567915815608,1.633567915815608
2007-07-02,1.5047087357267988,1.659128424711708,1.659128424711708
2007-07-03,1.509564273858811,1.663812427958527,1.663812427958527
2007-07-05,1.509729752536481,1.6713577798320973,1.6713577798320973
2007-07-06,1.5184617435274121,1.6828206213463517,1.6828206213463517
2007-07-09,1.5221858228395309,1.6893612186137335,1.6893612186137335
2007-07-10,1.503165305998714,1.6621087507820331,1.6621087507820331
2007-07-11,1.5109994155991295,1.6683344743365287,1.6683344743365287
2007-07-12,1.5318194252566115,1.6927987479379927,1.6927987479379927
2007-07-13,1.5389593683067357,1.7061600098283658,1.7061600098283658
2007-07-16,1.5360730099660835,1.6967700419805363,1.6967700419805363
2007-07-17,1.5346356808862163,1.694075723449014,1.694075723449014
2007-07-18,1.530138862442661,1.6853279164442752,1.6853279164442752
2007-07-19,1.5366763851182266,1.694615582103086,1.694615582103086
2007-07-20,1.5248156092714549,1.679835330383937,1.679835330383937
2007-07-23,1.5340842950236309,1.692007499967096,1.692007499967096
2007-07-24,1.5077642005912713,1.6557172862998517,1.6557172862998517
2007-07-25,1.5102696599943506,1.6556137617118816,1.6556137617118816
2007-07-26,1.474777350091302,1.6085768575534334,1.6085768575534334
2007-07-27,1.4516440103930932,1.5808697830038623,1.5808697830038623
2007-07-30,1.474579420462533,1.6127412566786141,1.6127412566786141
2007-07-31,1.4599008157523516,1.5956112815274583,1.5956112815274583
2007-08-01,1.4633514051637198,1.5992830876479642,1.5992830876479642
2007-08-02,1.4740968451182253,1.6148537640518204,1.6148537640518204
2007-08-03,1.4388959186772816,1.5659239622028183,1.5659239622028183
2007-08-06,1.4594692002015859,1.5945655617916146,1.5945655617916146
2007-08-07,1.4708284666220854,1.6045943799019513,1.6045943799019513
2007-08-08,1.493922000778654,1.6444648019433288,1.6444648019433288
2007-08-09,1.4561593260821966,1.6044654654579489,1.6044654654579489
2007-08-10,1.4447921835111797,1.579662136501785,1.579662136501785
2007-08-13,1.4505103635896557,1.5852425844522302,1.5852425844522302
2007-08-14,1.4296741118052994,1.5545636335860173,1.5545636335860173
2007-08-15,1.4076562585125019,1.5215879626817408,1.5215879626817408
2007-08-16,1.412362455462775,1.5294258311867444,1.5294258311867444
2007-08-17,1.4372752890441647,1.5619052991972548,1.5619052991972548
2007-08-20,1.4383181589131144,1.5698267624409505,1.5698267624409505
2007-08-21,1.440751233223324,1.5716010794494453,1.5716010794494453
2007-08-22,1.4617867975845051,1.6041261697759122,1.6041261697759122
2007-08-23,1.4614148512640297,1.6001328160075796,1.6001328160075796
2007-08-24,1.4777990828597802,1.619687675865858,1.619687675865858
2007-08-27,1.4700694101043659,1.611281058594778,1.611281058594778
2007-08-28,1.4394936046966413,1.5684903351869777,1.5684903351869777
2007-08-29,1.4678180005597796,1.6111984759411593,1.6111984759411593
2007-08-30,1.4651139349558198,1.6098550213515748,1.6098550213515748
2007-08-31,1.4815079792384973,1.6352639949138845,1.6352639949138845
2007-09-04,1.4953756668165163,1.6540596123244666,1.6540596123244666
2007-09-05,1.4829034980363447,1.6327516320860975,1.6327516320860975
2007-09-06,1.4875121351916751,1.6418034672158395,1.6418034672158395
2007-09-07,1.4693728296861288,1.6151418034476468,1.6151418034476468
2007-09-10,1.4678653677363254,1.6115387217514072,1.6115387217514072
2007-09-11,1.484053690546009,1.6352267967569274,1.6352267967569274
2007-09-12,1.4864704855418382,1.6355866659142275,1.6355866659142275
2007-09-13,1.4962916657583645,1.6529191429622674,1.6529191429622674
2007-09-14,1.4973907498906704,1.656928996133997,1.656928996133997
2007-09-17,1.4905409371784584,1.6482481073669701,1.6482481073669701
2007-09-18,1.5323442735804569,1.703386152534535,1.703386152534535
2007-09-19,1.5402479751840226,1.716238461171682,1.716238461171682
2007-09-20,1.5291091433278963,1.6986444125831004,1.6986444125831004
2007-09-21,1.5365387876220125,1.71200049771734,1.71200049771734
2007-09-24,1.539716373436783,1.7274435959378425,1.7274435959378425
2007-09-25,1.5352790655795219,1.713898200588033,1.713898200588033
2007-09-26,1.5446019275280074,1.730403956325149,1.730403956325149
2007-09-27,1.5552717362120798,1.7462146435174994,1.7462146435174994
2007-09-28,1.5500195486814117,1.7365969443481017,1.7365969443481017
2007-10-01,1.5702365839476347,1.7712612969337642,1.7712612969337642
2007-10-02,1.5733844713831189,1.7843946128693948,1.7843946128693948
2007-10-03,1.5622052895708314,1.7679604655242347,1.7489730689954768
2007-10-04,1.567194807398329,1.7745262676494913,1.7652238799633664
2007-10-05,1.5875551340275051,1.7877040951503593,1.8151855310755538
2007-10-08,1.5800535654959615,1.7868176041116857,1.792018164997633
2007-10-09,1.5937483206246987,1.794902095217511,1.8164711915870326
2007-10-10,1.5924274880944334,1.7957198929812852,1.8137077240004413
2007-10-11,1.5851345076964187,1.7909792158098496,1.8011117156663778
2007-10-12,1.5945953822567442,1.7969899041192794,1.816446981158568
2007-10-15,1.581594963042515,1.787209766033624,1.7912140489969763
2007-10-16,1.568123054033639,1.7767535304254796,1.763177582072267
2007-10-17,1.5786811957308022,1.7923583168791124,1.7874717383048302
2007-10-18,1.5776925036180982,1.7982606289256255,1.7925605093807346
2007-10-19,1.5386405286708873,1.772409124254704,1.7186549317176159
2007-10-22,1.5477059864062865,1.7802843564961721,1.7406101852370623
2007-10-23,1.5639125391374433,1.7963463787807323,1.7767696242774818
2007-10-24,1.5602577309832633,1.794609150758217,1.7604461146342822
2007-10-25,1.565700737292602,1.798996329149367,1.7756617377462585
2007-10-26,1.5858818489175013,1.816020176263927,1.8164367556806844
2007-10-29,1.5950339019053763,1.825992355996984,1.834126480408451
2007-10-30,1.5838457898974687,1.8189798030159834,1.818508807274723
2007-10-31,1.6010396765042298,1.8319090786127048,1.856004002724194
2007-11-01,1.563558076760532,1.8045799641300202,1.7838005106564672
2007-11-02,1.565657224205451,1.8084181326015643,1.7844747446869498
2007-11-05,1.546666391072334,1.7842701190758783,1.7389946042835713
2007-11-06,1.5707049544162668,1.8070543590364676,1.7874599570370553
2007-11-07,1.533729405062297,1.7848152959352692,1.7322161786338888
2007-11-08,1.5312587358362777,1.7892726691852832,1.7371545173019725
2007-11-09,1.512418302730494,1.7779486623391796,1.7052064598906584
2007-11-12,1.4876986395307468,1.7435345521610348,1.6500201980660434
2007-11-13,1.536029435995463,1.7863522714779387,1.7401514168511483
2007-11-14,1.5323561395351217,1.785136336170648,1.732188577307558
2007-11-15,1.513728617611212,1.7755754296315656,1.7032468029782302
2007-11-16,1.5174172577974954,1.7810098490363941,1.7089826203059353
2007-11-19,1.4906971301148497,1.7539691557022563,1.6492182186137883
2007-11-20,1.5019473743220126,1.766382974315933,1.6706342534100014
2007-11-21,1.4712037750205706,1.7443762186545075,1.6114134792869113
2007-11-23,1.4938747927514275,1.7566178464873476,1.6518371614611256
2007-11-26,1.4629661793529587,1.7405543957393543,1.5884503869198983
2007-11-27,1.483431720959763,1.7587863954153375,1.6361863187438046
2007-11-28,1.5283997536490261,1.7905787362338697,1.7151653742741464
2007-11-29,1.524777799198576,1.7852164185188615,1.6965278094555787
2007-11-30,1.5384922153663216,1.7943761124740483,1.7183876834240561
2007-12-03,1.5308093346485536,1.793836763098431,1.703994589476668
2007-12-04,1.5192843892759806,1.787845146077731,1.6913162953163128
2007-12-05,1.5487011076273154,1.8173487754597115,1.7514171304963164
2007-12-06,1.5681049185161444,1.8278508201408459,1.781831306168729
2007-12-07,1.562355278217762,1.8127794166099889,1.7681172458764565
2007-12-10,1.5703540784390602,1.8108921531183428,1.7769557328760313
2007-12-11,1.5299668758872367,1.784567521860064,1.7064540859345074
2007-12-12,1.5471272132398213,1.8048909518331366,1.7410316233589873
2007-12-13,1.5350435772166366,1.7805827484761583,1.7086129422794167
2007-12-14,1.5142357085267777,1.7606023385453196,1.6728387405310325
2007-12-17,1.487759997288294,1.7324872457407698,1.617108491643174
2007-12-18,1.5026543673556558,1.7564194001041533,1.6490933585372574
2007-12-19,1.505724758000329,1.7631070084319673,1.6575998370168121
2007-12-20,1.5122986860541556,1.765918938727164,1.6650371386784486
2007-12-21,1.5336877216400735,1.7821753077241074,1.7058012379915337
2007-12-24,1.5474794129344291,1.7945792265909621,1.7334726193183576
2007-12-26,1.5490307465456004,1.79506074152939,1.7362763078790875
2007-12-27,1.5309385527975585,1.7840469845836529,1.7018575275038297
2007-12-28,1.5302301885321625,1.792475497554308,1.700855791494137
2007-12-31,1.5206637362426336,1.7841791543144239,1.6867236637092038
2008-01-02,1.5092357819320612,1.777611206646444,1.6652604707477516
2008-01-03,1.5102410591475117,1.786840601008878,1.6662327935597387
2008-01-04,1.478209015873001,1.7674947755230075,1.6159141547819087
2008-01-07,1.4804641619563828,1.7739580215745803,1.6249042107715495
2008-01-08,1.4632193991596663,1.7712503995069764,1.602587884734474
2008-01-09,1.4816348024210537,1.7915322984240218,1.6428217120201034
2008-01-10,1.4909249054343272,1.7977946544074226,1.6609154421976169
2008-01-11,1.4769601572760254,1.7819689629635072,1.6289622013660887
2008-01-14,1.487985314226441,1.7931976536004557,1.6458179936169943
2008-01-15,1.4558854760057478,1.7646589942379147,1.5866005530313734
2008-01-16,1.4368876833642656,1.7329291198372312,1.5457943425024887
2008-01-17,1.40866191575564,1.7203389956704995,1.5056351785487576
2008-01-18,1.4055226887288552,1.7346554613505274,1.5190934276864372
2008-01-22,1.3925641033327443,1.7199800919982433,1.497673718951958
2008-01-23,1.417686459008407,1.7207674940954827,1.534246233751474
2008-01-24,1.427360301689133,1.7304500233832234,1.5489889771694376
2008-01-25,1.4117177448781981,1.722429036278047,1.5280440506572226
2008-01-28,1.4340614584796374,1.7404015332356406,1.5649627430171855
2008-01-29,1.4353243756588818,1.7338219758529672,1.5600621776307635
2008-01-30,1.4245735885887294,1.7268892788747299,1.5383852168745418
2008-01-31,1.4471454779616413,1.7445512888309413,1.5685287031162414
2008-02-01,1.4681047134199754,1.7565760613067547,1.6037511111266387
2008-02-04,1.4575056266269184,1.7569879993585764,1.5992364945496518
2008-02-05,1.4191321995540753,1.7239294988087457,1.527974123790536
2008-02-06,1.407141538493677,1.7121870518882378,1.5058984997626168
2008-02-07,1.4156539074379932,1.7145337006006527,1.5295411629065998
2008-02-08,1.4093806601908498,1.715846495198009,1.5171228628277498
2008-02-11,1.416096045291302,1.7237609038418666,1.5250208864129677
2008-02-12,1.4293630877404,1.7351098804065666,1.550302821928626
2008-02-13,1.4424450497970531,1.7430390332387586,1.5770500685957531
2008-02-14,1.429671756922589,1.730349783098843,1.556716742603616
2008-02-15,1.4317586255509094,1.7348147034280095,1.565468514136295
2008-02-19,1.4360716248815133,1.7376136516986178,1.578291982203846
2008-02-20,1.4407026238308613,1.7416481468007885,1.5890068892324845
2008-02-21,1.4306972719963948,1.739221355735499,1.5653839317968474
2008-02-22,1.4395127311708547,1.7441560435205243,1.587547404753255
2008-02-25,1.4558081136835173,1.7545360870862856,1.6180383286796058
2008-02-26,1.4671057458516241,1.7679491529316822,1.6337960701255752
2008-02-27,1.4689690236891522,1.7751563186324415,1.6406507448094767
2008-02-28,1.4581698407862727,1.7727277579745016,1.6207640075728211
2008-02-29,1.428678362023242,1.7499870822330017,1.5691960037049717
2008-03-03,1.428607693928713,1.7537225847681663,1.5753671161246912
2008-03-04,1.4173359896387812,1.7340272027083623,1.5491370254462091
2008-03-05,1.4270360537832132,1.7416585636592714,1.5743698265800226
2008-03-06,1.3977535554676306,1.7153690201632195,1.5228011051410102
2008-03-07,1.3877659025088949,1.7103336374588634,1.5101011175636025
2008-03-10,1.3735615363885678,1.704134784114242,1.4860137656317016
2008-03-11,1.4205707768929579,1.7423274423513573,1.5740285569153827
2008-03-12,1.409650728807367,1.7397032615015178,1.547696512519962
2008-03-13,1.4084172911591823,1.7297986474047322,1.5429189685037075
2008-03-14,1.3866469350883541,1.710419759296276,1.4994422086558028
2008-03-17,1.3740018840452346,1.699792344568999,1.4752312979700344
2008-03-18,1.4211302150966696,1.7308058354103308,1.546168126349346
2008-03-19,1.3857353426980938,1.6952828058029896,1.480058131052283
2008-03-20,1.4075487323404408,1.7105552099050843,1.5097682174393074
2008-03-24,1.432513068250655,1.7272463360671386,1.5565946586422084
2008-03-25,1.4380237290942361,1.739031070009395,1.5715446384705165
2008-03-26,1.4237641463203325,1.7298421373629587,1.5542486157231317
2008-03-27,1.4195278436396457,1.726783385525323,1.5464933136872878
2008-03-28,1.411314420840138,1.7276481766461254,1.5381794659166994
2008-03-31,1.4154439741960452,1.729942444758205,1.5458406515644663
2008-04-01,1.455321231304602,1.749925252633827,1.6087483608505537
2008-04-02,1.4558777187413319,1.7506770695152112,1.6083607474929689
2008-04-03,1.4637051857682915,1.7631199534919069,1.6270551454178404
2008-04-04,1.4620671448276839,1.7637062744377807,1.6170369865493608
2008-04-07,1.4655070605869118,1.7692009577617134,1.6267793991809183
2008-04-08,1.4630098428070695,1.765904553417067,1.6206107415655777
2008-04-09,1.4522785297650473,1.7580759858713622,1.594357978458748
2008-04-10,1.4570795037365587,1.7639127301939963,1.6119418257384004
2008-04-11,1.4363775106361363,1.7554347302824516,1.586186798583612
2008-04-14,1.4322881861202565,1.7520115763942568,1.5809559666175994
2008-04-15,1.4364603896650303,1.7541023383027918,1.5963437073769087
2008-04-16,1.4680775736443614,1.77255049645238,1.6466934662831616
2008-04-17,1.467418404833611,1.7689443750444978,1.6411640636870959
2008-04-18,1.480709114834967,1.7790593219434454,1.6570636612473155
2008-04-21,1.482112523551038,1.780759242110835,1.6596544032325011
2008-04-22,1.4760121877287182,1.776740898715509,1.6481189846578472
2008-04-23,1.4793322001814395,1.785702070982761,1.6665587949488514
2008-04-24,1.479533368288803,1.7778527168834688,1.6619383211657495
2008-04-25,1.4894881864064997,1.7818341863329537,1.6740640383152006
2008-04-28,1.4897354068717454,1.7831387614526226,1.6717023884337963
2008-04-29,1.4809946401526586,1.772993180651296,1.6486401619699975
2008-04-30,1.4826257731224344,1.7883523426437706,1.6622609598243263
2008-05-01,1.5039712533282974,1.7960416227524034,1.6867773617480428
2008-05-02,1.508574307379954,1.7995277254351019,1.6970708890876502
2008-05-05,1.5041603476311642,1.7992612046456002,1.6939682870067962
2008-05-06,1.5143677038725278,1.8034692690972347,1.7104209166949949
2008-05-07,1.4891558181937243,1.7851098280638555,1.663385207088455
2008-05-08,1.4902651229583155,1.7938773579729013,1.67040843878407
2008-05-09,1.486063802314844,1.7886973600145215,1.659350463259966
2008-05-12,1.5003094358564673,1.7967060819176968,1.6852071582807655
2008-05-13,1.5004539965767947,1.7939187397216494,1.6918785287553273
2008-05-14,1.5037703641509235,1.7975361317292102,1.6976022094751098
2008-05-15,1.5230523782617649,1.8178811946366047,1.7276011752533642
2008-05-16,1.5265870022490957,1.8231791091479208,1.7386664224282424
2008-05-19,1.529602107191036,1.8252350846107606,1.7402279695951532
2008-05-20,1.5169868351426818,1.8149688464146083,1.71391665547043
2008-05-21,1.497362655798378,1.804971433301262,1.6887009168925393
2008-05-22,1.4960454467886257,1.7997503537514374,1.6879772548578704
2008-05-23,1.4803327192233338,1.7922030427273357,1.6649607131647872
2008-05-27,1.4853320459955506,1.7861631086520153,1.6709112736261547
2008-05-28,1.4919097310531702,1.7898880905232595,1.6862760545602498
2008-05-29,1.496726305270326,1.78915505274885,1.6943899436645442
2008-05-30,1.5005699271690214,1.7948418780403295,1.6964088434564717
2008-06-02,1.4881905847534156,1.7898194313756308,1.6744199293142648
2008-06-03,1.4789704747455372,1.780758705030156,1.6576380673902682
2008-06-04,1.475358623790064,1.770744590765711,1.6510211866184838
2008-06-05,1.5016409081548998,1.7893027253809264,1.696922924966642
2008-06-06,1.4624974355062679,1.7688220806515025,1.634094836248538
2008-06-09,1.461012375897664,1.7616394153981632,1.6239681297088673
2008-06-10,1.4488859777547412,1.7398826036509403,1.6004022867937775
2008-06-11,1.4320265297023829,1.731017623423845,1.5764355481406538
2008-06-12,1.4355917315973623,1.7283990244238872,1.5869215220518569
2008-06-13,1.449208672067575,1.7330856724852715,1.6068719842949242
2008-06-16,1.4518145507096774,1.7365758055782845,1.615710486720663
2008-06-17,1.448084093678394,1.7430786353991488,1.6068249907631746
2008-06-18,1.4389831053793047,1.7441670282978896,1.5938679327365157
2008-06-19,1.4404627355894994,1.7398478715022097,1.6048841221263297
2008-06-20,1.417563845157349,1.7205506862368487,1.5605123205867375
2008-06-23,1.4156153206266908,1.7211183460766055,1.5531259673940365
2008-06-24,1.4134454840464494,1.7202712434550957,1.5487798712904817
2008-06-25,1.4237540395135968,1.7341094894652904,1.5748239483097333
2008-06-26,1.390833522784395,1.7122188054200786,1.5228288284478884
2008-06-27,1.3893397876270477,1.7210860525932883,1.5274443609331012
2008-06-30,1.3943262304426256,1.7266193932723048,1.5357493150767214
2008-07-01,1.3909206478775231,1.7110735645402488,1.5195485648866893
2008-07-02,1.3689067089559557,1.6911529671812442,1.4849417415759318
2008-07-03,1.3684388300338035,1.6895243882857736,1.4775480893306552
2008-07-07,1.35935175678828,1.6906905461614723,1.4625046321260888
2008-07-08,1.3814137703038576,1.7029179250384074,1.5102733404329542
2008-07-09,1.3581702232730304,1.6931549760756688,1.4556699482278883
2008-07-10,1.3672304655304186,1.7061400482932425,1.4810846957913224
2008-07-11,1.3547001773604703,1.6957844655500762,1.471480534298626
2008-07-14,1.3459573134646894,1.696477485167022,1.4528466063833156
2008-07-15,1.3317300815407958,1.6892223229897214,1.4321001140876823
2008-07-16,1.3589505706319358,1.7004923803011611,1.4930633842722298
2008-07-17,1.3671742997002911,1.699193989778841,1.5042197298275464
2008-07-18,1.3681268817436572,1.6873802367301334,1.4979613030746082
2008-07-21,1.373687017249359,1.7010898871154225,1.5127984672816213
2008-07-22,1.3832219962568855,1.698042477201974,1.5279550745310289
2008-07-23,1.389920035309351,1.7002580707223234,1.5443212692352721
2008-07-24,1.3617508184011748,1.6818513915303357,1.4736200884599868
2008-07-25,1.3628292860467544,1.68119810143743,1.4876510271906644
2008-07-28,1.3476289006392954,1.674501760595371,1.4630409435607399
2008-07-29,1.3799716226469017,1.7096349226507546,1.5360812622959623
2008-07-30,1.3910257084653888,1.7035475610694553,1.5267697427151465
2008-07-31,1.3755189443455924,1.6933880707638695,1.4986805425492806
2008-08-01,1.3694289856500625,1.6876363450716882,1.4925353102080061
2008-08-04,1.3528303085622408,1.664028255043744,1.4564024685462764
2008-08-05,1.3787689178895617,1.6707317810727151,1.4940205045056685
2008-08-06,1.3865507573452809,1.682811822639973,1.5085547888407325
2008-08-07,1.365983630820439,1.6648711458867402,1.4616213596753749
2008-08-08,1.3823218326493412,1.6649403615320888,1.4810593081089207
2008-08-11,1.3892702302015152,1.655569357933525,1.491795203991702
2008-08-12,1.3786955463397927,1.654421552703779,1.47046415503467
2008-08-13,1.3724602215733985,1.6525395712022668,1.4612416666068617
2008-08-14,1.3832302025278924,1.663399705008975,1.4822232529133013
2008-08-15,1.383995022674161,1.6561635018156928,1.4678340540640717
2008-08-18,1.3687136043413042,1.6470759428504445,1.4449762229119998
2008-08-19,1.3564277116688965,1.6410188432229704,1.4229645550224186
2008-08-20,1.3665208963025697,1.6585395541099752,1.4449468045736606
2008-08-21,1.3664533992708157,1.6577870978497695,1.43308573751061
2008-08-22,1.3792979904430047,1.6561952283031869,1.4523566362877554
2008-08-25,1.3573281583872403,1.6461419199806473,1.4165318918979934
2008-08-26,1.3603761860588197,1.6460386510824767,1.424939779750602
2008-08-27,1.3738861630173826,1.660609428051237,1.44859731956435
2008-08-28,1.386897987441035,1.665973434322965,1.4697530151294023
2008-08-29,1.374990464932828,1.6580386400373304,1.4553709272514195
2008-09-02,1.3642970068102407,1.6422001278428326,1.4338122335284125
2008-09-03,1.360775241651833,1.6324315895994141,1.4286913500778755
2008-09-04,1.326105673210702,1.606938699904961,1.3733533773341138
2008-09-05,1.3307196419338376,1.612283888750711,1.38496371058107
2008-09-08,1.3536540309395309,1.6274253826668397,1.4196386529545189
2008-09-09,1.3170369075664299,1.5969157633184543,1.3510411400429712
2008-09-10,1.32338413842883,1.605370621876858,1.3646826129469798
2008-09-11,1.3317229078439532,1.596251722782109,1.3616287737212291
2008-09-12,1.3408864946008265,1.6108925600875565,1.3859170479235765
2008-09-15,1.2847199991925429,1.566884793619063,1.2890844805020572
2008-09-16,1.2987118823967432,1.5632328423988482,1.3223035372238485
2008-09-17,1.248006081182183,1.525108394413598,1.2361212558880705
2008-09-18,1.2891952532593998,1.5677859902900715,1.3406843919956741
2008-09-19,1.3468061613827398,1.6411582844868406,1.4524126041000687
2008-09-22,1.3044720304726336,1.582341083552766,1.3463672374785005
2008-09-23,1.2808937951828276,1.5632992634154244,1.3252558295563805
2008-09-24,1.2855178481774452,1.570580417399826,1.3302964884319832
2008-09-25,1.3079202704824968,1.5980847783779903,1.3772198674372016
2008-09-26,1.3012783516190396,1.5743058581190539,1.3665349737946682
2008-09-29,1.2123398956668188,1.5004829218416254,1.2310789566066442
2008-09-30,1.2610185189276273,1.547034942904701,1.3259728684098029
2008-10-01,1.2603223080294939,1.5457523681963041,1.3212939272135609
2008-10-02,1.213607085853395,1.5012767147261332,1.2177105484182351
2008-10-03,1.199050286380686,1.4891344318841997,1.1773030497459533
2008-10-06,1.1493224748536652,1.458673188494394,1.1101799114529094
2008-10-07,1.0969323526268726,1.396957703090885,1.02014030142576
2008-10-08,1.0752154746633338,1.3756129886242858,1.0143501068553447
2008-10-09,1.018823882791923,1.3415567253812175,0.9373209834239205
2008-10-10,0.9925412536097078,1.3008847543044193,0.9801745296916792
2008-10-13,1.1174770645067345,1.403961483965341,1.1348762712594358
2008-10-14,1.101398091213782,1.3918673033868936,1.0702889884686304
2008-10-15,1.01176623031115,1.3321750418291332,0.9110499951900165
2008-10-16,1.0398680406738336,1.3404521455178464,0.9590364592493761
2008-10-17,1.0322407995092957,1.3335447806044465,0.9368274577015652
2008-10-20,1.0818793841945458,1.3684291920817342,0.9787921048917426
2008-10-21,1.0523431871735833,1.3486078419241971,0.9181004196677115
2008-10-22,1.0055240823011142,1.3203891746754666,0.8341753578857588
2008-10-23,1.0095007246909806,1.3057291967143474,0.8390229655600979
2008-10-24,0.9629057296902989,1.2652275513032465,0.767866664834773
2008-10-27,0.9360529113016917,1.2419647116286292,0.7381292390289685
2008-10-28,1.0265368111653754,1.3095937218960756,0.8769823457029269
2008-10-29,1.0217508063356064,1.313082921820393,0.8479025042428728
2008-10-30,1.0613382852459348,1.3520076681378872,0.9354644103265127
2008-10-31,1.0650358515440927,1.344840609533776,0.9420716265843735
2008-11-03,1.059543027682523,1.3271283467701833,0.9325793995435473
2008-11-04,1.1001717426094526,1.3883991853464455,0.9981093721955494
2008-11-05,1.0533539177623934,1.3268764496802474,0.8974668601902619
2008-11-06,1.0104893124548486,1.2979794812067558,0.8515515536953765
2008-11-07,1.0437046428409247,1.3411310330786015,0.9071031898543687
2008-11-10,1.032108284699766,1.340734134252169,0.8951582394853068
2008-11-11,1.0069841597440623,1.3142319371554425,0.8534419277796971
2008-11-12,0.967461702307369,1.2706480589976428,0.7973106578324305
2008-11-13,1.022681107770318,1.3364814007109511,0.8876331367026558
2008-11-14,0.9773948474475319,1.2891776688085779,0.8106364372346274
2008-11-17,0.9677034891728309,1.2835771834154124,0.7954282971151048
2008-11-18,0.9749445784529003,1.275644769530813,0.7916122334147654
2008-11-19,0.9262570515172512,1.2387984174550495,0.7223742973040004
2008-11-20,0.8787101654107176,1.2092391424486155,0.6692983212466921
2008-11-21,0.9188744073472465,1.258089148088292,0.7418509569107741
2008-11-24,0.9647629033063375,1.2847811811992176,0.7998508853140898
2008-11-25,0.9736212810115492,1.2963209085400726,0.7945011265020092
2008-11-26,1.0044074138365846,1.3281039708312792,0.8443159277298039
2008-11-28,1.0075314615771533,1.317008633722359,0.8357843133111295
2008-12-01,0.9430044058718584,1.2821646113585385,0.744549361102774
2008-12-02,0.9740288825306137,1.3153325514076768,0.7943787380395607
2008-12-03,0.9893967636057274,1.3198614288937904,0.8128655623227772
2008-12-04,0.9714499511912311,1.298922492113879,0.7863653936465624
2008-12-05,0.9967750223697682,1.3258243080307284,0.8322872112531654
2008-12-08,1.0270058821468877,1.3604280585233082,0.8821371948046051
2008-12-09,1.0152711130817433,1.359463044672079,0.8550444253323516
2008-12-10,1.0298563360911,1.3929374963086978,0.8948428172156403
2008-12-11,1.0088948903091663,1.3811341621206934,0.8499396121586597
2008-12-12,1.020817432594966,1.389774102159589,0.8761114128923062
2008-12-15,1.0107161293399867,1.3834708901725583,0.8603348931523874
2008-12-16,1.0529895000786877,1.4347856175172533,0.9268536568634268
2008-12-17,1.0470915134026062,1.427589394721655,0.9201345375533774
2008-12-18,1.031879548818794,1.4184456847796112,0.8886374165868195
2008-12-19,1.0316373231463396,1.4181176967057207,0.9016882698513409
2008-12-22,1.0191583324072644,1.3988808536500668,0.8752606589779912
2008-12-23,1.01510322846448,1.4016032203583697,0.8679097112455473
2008-12-24,1.0210793190978162,1.4096574722648196,0.8745742298228807
2008-12-26,1.0231998793051402,1.4049434272602375,0.8777010750493052
2008-12-29,1.0215599860943423,1.4101210753280582,0.8650953136410755
2008-12-30,1.0396832059768333,1.426480863414265,0.8897187126976667
2008-12-31,1.0535956242938083,1.4352990990752053,0.9094898357160388
2009-01-02,1.0771574339226928,1.4572882247133232,0.934540247428878
2009-01-05,1.0808568985365745,1.4787428868961043,0.9363046654506897
2009-01-06,1.0904227839659115,1.4876624142277008,0.9540019044711434
2009-01-07,1.057166709816912,1.4438589961315025,0.9145759641908038
2009-01-08,1.0570964452476896,1.4348007816419368,0.9138374634143018
2009-01-09,1.0365550073507617,1.4192625685022158,0.8903036839998095
2009-01-12,1.013068432290599,1.399584172803556,0.858385519326765
2009-01-13,1.0163850839629398,1.4025980188385472,0.8636175776422798
2009-01-14,0.9870279772557589,1.3747697351664738,0.8283007664456024
2009-01-15,0.9903661300508012,1.3806654083226129,0.8357710021597454
2009-01-16,0.9994226125194484,1.3907936209488603,0.8467984554835386
2009-01-20,0.9504292055225689,1.3465544026300968,0.787947579452564
2009-01-21,0.9857082786410484,1.368991481822209,0.8319435998402156
2009-01-22,0.9683382956108204,1.3481110735185304,0.8088705028763368
2009-01-23,0.9736977507038894,1.3532269770677468,0.817884489944731
2009-01-26,0.9788698130668023,1.3583789416297236,0.8235163267393736
2009-01-27,0.9890606045399094,1.3718727962746495,0.8347256691369302
2009-01-28,1.0206616531104697,1.3990399568830854,0.8744881685522761
2009-01-29,0.9870189211297175,1.363469563034479,0.833728793803816
2009-01-30,0.9732226526383976,1.3648490002716955,0.8184111961084535
2009-02-02,0.9707622918810369,1.3581176649009785,0.8167622598027487
2009-02-03,0.9817681905260944,1.370742326981246,0.8297235637633024
2009-02-04,0.9785776221963894,1.3737387305126563,0.8268533639433077
2009-02-05,0.9887854988458207,1.3830455946716418,0.8360324513166305
2009-02-06,1.0167905279426315,1.414044751349031,0.8729439210036578
2009-02-09,1.0175203225438139,1.4109751069549625,0.8738130277055582
2009-02-10,0.9770713203974529,1.3796023071971841,0.8220041542490184
2009-02-11,0.9857241270343056,1.3964037099524753,0.8367299371419108
2009-02-12,0.9855263228335613,1.3971011605088364,0.832422567655871
2009-02-13,0.9766947172670034,1.3975215895219306,0.821799104840551
2009-02-17,0.9394662594071846,1.361090435991092,0.775755229075987
2009-02-18,0.9372410936976294,1.3555291753343828,0.7744075353336757
2009-02-19,0.9279791352188669,1.3491578602242964,0.7625143277254058
2009-02-20,0.9203773366053584,1.3314174993332928,0.7587508058375695
2009-02-23,0.89571401573177,1.3227467024117447,0.7300971145280833
2009-02-24,0.9254835888205489,1.349006659115304,0.7682524271590211
2009-02-25,0.9178704381361174,1.3390781798545575,0.757838068542563
2009-02-26,0.9048731484248136,1.3302231798783808,0.7435327697172424
2009-02-27,0.8904109204695362,1.3220648041781067,0.7300144493290605
2009-03-02,0.8573370360227038,1.2935196963741182,0.6903622577108004
2009-03-03,0.85526670648582,1.2992570985747312,0.6925691009651936
2009-03-04,0.8754890747311832,1.3298818765374878,0.7215923642668682
2009-03-05,0.84785794355655,1.3106353812640583,0.6897068278340677
2009-03-06,0.8510216044424094,1.3213915071759288,0.6936561305784062
2009-03-09,0.8420660506910889,1.3058121577437936,0.686768284087515
2009-03-10,0.886150600619793,1.3489435610473004,0.7422919186767482
2009-03-11,0.8893274265136923,1.3508562457732152,0.7423736377574265
2009-03-12,0.9179790881606097,1.3727137600723671,0.7763233944171896
2009-03-13,0.9222983924458111,1.3767073345078986,0.7779432467222291
2009-03-16,0.9171543973682509,1.3747278694548186,0.7673649215477271
2009-03-17,0.9387350993269936,1.3848736587220556,0.7932042940121937
2009-03-18,0.9594549704853788,1.4098387215300543,0.8144856774126541
2009-03-19,0.9495391348559782,1.4078974136020785,0.7999805101981221
2009-03-20,0.9312585952268133,1.3952423533873997,0.7775442021095867
2009-03-23,0.9897448436482646,1.4495684966819702,0.8503176886158411
2009-03-24,0.9686958764791457,1.4241564388946917,0.8219864834363819
2009-03-25,0.9768289107348825,1.429990832173656,0.8329340179002216
2009-03-26,0.9942264428417366,1.448792090866134,0.8525992423025254
2009-03-27,0.9771416016892939,1.4302560297804607,0.8296864103782392
2009-03-30,0.9478111289935393,1.4015542605473206,0.7925980411522981
2009-03-31,0.9597868533961218,1.4187280479791995,0.8109824614218546
2009-04-01,0.9755540487477705,1.4384932641369497,0.8284012217332627
2009-04-02,1.0031233399446373,1.47010200969388,0.8666873743572526
2009-04-03,1.0138242205443087,1.4743956506560345,0.8866988181321948
2009-04-06,1.0064810192599163,1.466820689895872,0.8776460122515058
2009-04-07,0.9852768187240448,1.4519270016678008,0.8495888838689223
2009-04-08,0.995207336957357,1.4633028878014989,0.8606172638684324
2009-04-09,1.030834627582967,1.4874535846967194,0.9094049850511104
2009-04-13,1.033662354058751,1.497543530980309,0.9121063460806901
2009-04-14,1.01646189078973,1.4875756523184367,0.8859978052391605
2009-04-15,1.0295297727507227,1.4987323367088075,0.9079107016689493
2009-04-16,1.0410296292117818,1.502379496421786,0.9220803151554031
2009-04-17,1.0435725745457807,1.4931241098038843,0.9252547224428124
2009-04-20,1.0053937373085744,1.468386444040282,0.8738568846451051
2009-04-21,1.0236506488078454,1.4779899829859666,0.9018953956218512
2009-04-22,1.0174433622342278,1.475348061613328,0.8908836085480624
2009-04-23,1.0282477218708805,1.4856266524290962,0.9071169857021615
2009-04-24,1.0430918080875866,1.4979070922378477,0.9274479486218428
2009-04-27,1.0287329113912305,1.4788503794588255,0.9015351123751949
2009-04-28,1.026809071529681,1.4766292043332003,0.9013047546825116
2009-04-29,1.0498388743449472,1.50385481034516,0.9347050110097612
2009-04-30,1.0524707186032276,1.5138033534281374,0.9373382258783306
2009-05-01,1.0560628763848032,1.5195095371197773,0.939176272934564
2009-05-04,1.0939372099387852,1.5639563293931362,0.9918746259884655
2009-05-05,1.0885010917208213,1.5602755912079689,0.979460604620019
2009-05-06,1.1052770381913837,1.5730733187983554,1.0003864802866456
2009-05-07,1.0874798002432617,1.553202770874395,0.973369628035602
2009-05-08,1.1124927751017866,1.5754850516601384,1.008235101251456
2009-05-11,1.0937178056004475,1.5612502598654183,0.983557420323923
2009-05-12,1.094199495331675,1.5708791497137746,0.9847149836675245
2009-05-13,1.0677771899299529,1.5487825153555317,0.9475054532356725
2009-05-14,1.077075121622139,1.5579910878775862,0.9606029974460422
2009-05-15,1.0690352507038376,1.554494972739283,0.9476550980178048
2009-05-18,1.1004401507529622,1.5853005006184,0.9944064244623534
2009-05-19,1.101189223346645,1.593377866042201,0.9949372261040397
2009-05-20,1.0977589457550356,1.5982692534197802,0.9921217007230952
2009-05-21,1.0842714532801274,1.5832272422092604,0.9793199605092439
2009-05-22,1.0820896213337026,1.5835349913637646,0.9756928687501183
2009-05-26,1.1029031523870743,1.5890419082601164,1.001258355511613
2009-05-27,1.086124161874892,1.5763963490854007,0.9824512637673813
2009-05-28,1.1018937977748144,1.5964806455540885,1.0030949901849553
2009-05-29,1.1202069723688988,1.6165719569299395,1.0227205366004535
2009-06-01,1.1448827716718677,1.6329730740968629,1.060502808301673
2009-06-02,1.1425958696506422,1.6293453246127283,1.050090238906733
2009-06-03,1.1269404004653725,1.6076155293864174,1.0289025456641516
2009-06-04,1.1369492105049495,1.61153920710528,1.0469138204644195
2009-06-05,1.1363400103744963,1.6079615111624965,1.047343337188116
2009-06-08,1.128781129868229,1.5952392745075823,1.035271704114374
2009-06-09,1.1334641695297916,1.6006898996143926,1.0381398793108383
2009-06-10,1.1329550868768683,1.6062290671921684,1.038832590700585
2009-06-11,1.1401470886351974,1.6236180654543642,1.0456722961324239
2009-06-12,1.1413044515793238,1.6175365922007792,1.046979193596692
2009-06-15,1.1165720169424789,1.5975223605189954,1.0124872630441717
2009-06-16,1.103953458302068,1.5892850786400428,0.9972096655003282
2009-06-17,1.1005261293177824,1.584156983552329,0.988657310063535
2009-06-18,1.103669371625667,1.5761228842128745,0.9917320860905845
2009-06-19,1.1083087411202581,1.5827662032176024,0.9971128596876065
2009-06-22,1.079221779886226,1.5617354212091985,0.96051835238181
2009-06-23,1.0819827003235565,1.5687518162711758,0.9646590996436846
2009-06-24,1.0921826024374275,1.5793747616088136,0.9805368232642672
2009-06-25,1.1136125947138158,1.6021529181967142,1.0034854963496391
2009-06-26,1.114006983734001,1.6083524948015746,1.0061785932962477
2009-06-29,1.1214317568856127,1.6122213093261382,1.012912806131132
2009-06-30,1.1143208853773439,1.60591497945551,1.0064990610016318
2009-07-01,1.1215475109857531,1.6171673139650313,1.0189915525881583
2009-07-02,1.0957970776760346,1.6017389118555994,0.9861751431806738
2009-07-06,1.096284588327269,1.5995805013549993,0.9899079553384122
2009-07-07,1.0779612904110718,1.5876351950587726,0.9653994837199784
2009-07-08,1.0759428276652445,1.5856856623013884,0.9589592021390675
2009-07-09,1.0792123194358638,1.5939925346781039,0.9631045772994605
2009-07-10,1.0760108436804352,1.589864098323808,0.9573444975739046
2009-07-13,1.0941919641891529,1.593808371257724,0.9764603188988614
2009-07-14,1.0999120207652708,1.5977121528382203,0.985193535244516
2009-07-15,1.1298786769370663,1.6253219104763024,1.0249223187479364
2009-07-16,1.1304088170018944,1.6295410037863873,1.027207448480611
2009-07-17,1.1385137337180238,1.6363655110436728,1.0308331316314072
2009-07-20,1.155198436964174,1.6615825666065078,1.0568424773808371
2009-07-21,1.158991280948295,1.6662646476825134,1.0570529667999768
2009-07-22,1.1576877261399163,1.6613605527657296,1.0562237716010485
2009-07-23,1.180358022590498,1.6785820279886787,1.085680223557818
2009-07-24,1.1824717510370333,1.6751698015218215,1.0868261334135134
2009-07-27,1.1866254282359887,1.678470953947732,1.094932935857051
2009-07-28,1.182677978230392,1.6770501876756516,1.090686022674763
2009-07-29,1.1755818046865256,1.6626886047963436,1.0771412597848058
2009-07-30,1.1904308007159288,1.681174814552325,1.0997335691783656
2009-07-31,1.1935220469017251,1.689486167919291,1.102278179365136
2009-08-03,1.2141721143137216,1.7143404842326657,1.1300289291308547
2009-08-04,1.2161897676403886,1.7049508371444657,1.138152447286047
2009-08-05,1.2141643086198088,1.6983209869222164,1.141079116782023
2009-08-06,1.208207604723683,1.69328016662215,1.1333435092719404
2009-08-07,1.2218625651771593,1.6938129272819598,1.1560633895208057
2009-08-10,1.2180306341369815,1.6941628204338275,1.145330915427986
2009-08-11,1.2037039869755295,1.6852114176951891,1.1246575922327517
2009-08-12,1.2136786142766516,1.690621519789926,1.1352846417947713
2009-08-13,1.22394539067283,1.7046824838006573,1.1475025794928713
2009-08-14,1.2140644888640852,1.6942954920413302,1.1340845013134402
2009-08-17,1.1852215706300488,1.6727452361411006,1.0938269683784714
2009-08-18,1.1954122961950149,1.6831907165680207,1.1085296807758724
2009-08-19,1.2021422680769973,1.686959743148032,1.112233395802364
2009-08-20,1.2159545844106414,1.6999331053013982,1.1327083716411217
2009-08-21,1.2337766629123257,1.7038910187917613,1.1544372971438313
2009-08-24,1.23538239208915,1.7110592538084006,1.155530383785625
2009-08-25,1.237309443475069,1.7112867670733674,1.1580166300064816
2009-08-26,1.2371718178739248,1.71075890145136,1.1574541407794037
2009-08-27,1.238787132638255,1.7086631209846361,1.159922544458489
2009-08-28,1.2378344085170643,1.7044515540445109,1.1595767383852273
2009-08-31,1.226668748092978,1.695648534495956,1.143121871852166
2009-09-01,1.202708890233832,1.6814797917150386,1.1121866373553984
2009-09-02,1.2023306658284718,1.6940246055659955,1.110833778863178
2009-09-03,1.2134387936325064,1.7057652181777867,1.1273397123591957
2009-09-04,1.2281141973230747,1.7172132390987518,1.1449647098916311
2009-09-08,1.2408818341577763,1.7303130676427887,1.1654228745461463
2009-09-09,1.2493617585293133,1.7361460433968348,1.1757928383079697
2009-09-10,1.2620210169236514,1.7508254077714973,1.1901162428311092
2009-09-11,1.261877165510199,1.751116406198806,1.189888461442687
2009-09-14,1.2661515662438483,1.7469362201361152,1.197034097769811
2009-09-15,1.2728471973947655,1.754114181434606,1.20820458670878
2009-09-16,1.2931623697692152,1.7735339190722608,1.2368894652088378
2009-09-17,1.2913948055825837,1.774231889802917,1.2325287326019285
2009-09-18,1.2921421381054503,1.7738338521454828,1.2345257794285918
2009-09-21,1.286823492601886,1.7664529793802048,1.2254175555947746
2009-09-22,1.2969859682714433,1.7772261830983946,1.2429300969748935
2009-09-23,1.2849124048332592,1.768305329045919,1.222806112621213
2009-09-24,1.2695548528353067,1.7548155223767508,1.1994524654648464
2009-09-25,1.2674196887829248,1.7609434719196497,1.1993474039922059
2009-09-28,1.2865268017441125,1.770360236856384,1.2236472318659037
2009-09-29,1.2836299490113783,1.7716203480015984,1.2194487664123257
2009-09-30,1.2819965965317406,1.778132156196148,1.2182011830271744
2009-10-01,1.2541108490879844,1.7599167528007167,1.182337233167835
2009-10-02,1.2498979849149434,1.7580885391492793,1.1784077779534607
2009-10-05,1.268272548249931,1.7751598049696837,1.2019778152333704
2009-10-06,1.282506539957957,1.785553142469409,1.216657612590065
2009-10-07,1.2851374528194546,1.7890397677647474,1.2176492709378872
2009-10-08,1.2950464259321224,1.7972619076063654,1.2312853398199066
2009-10-09,1.2989248308816579,1.7904658669058178,1.2369410532971623
2009-10-12,1.3044266067855668,1.7990218740631898,1.2425889517818933
2009-10-13,1.3029262219759434,1.8029416128134772,1.2392302013212473
2009-10-14,1.3262505647891185,1.8246023515861474,1.2712729031229753
2009-10-15,1.3267420984985463,1.8187131284921614,1.2690943070135086
2009-10-16,1.3155034507430972,1.8080109683892454,1.252738985381873
2009-10-19,1.3287178634106858,1.8246331709182348,1.2707453369440427
2009-10-20,1.3203733209953255,1.8169227480086771,1.257591883848762
2009-10-21,1.3110153937533955,1.8121259475311193,1.2471684820075393
2009-10-22,1.3223717939931505,1.8168380265773627,1.26230610621706
2009-10-23,1.310244807218098,1.8092047936502706,1.2492284032383387
2009-10-26,1.297909225779321,1.7968974110470566,1.236677071073105
2009-10-27,1.2898616181487064,1.7880095326706926,1.223264135567018
2009-10-28,1.2616212924746033,1.7558566554253001,1.1836882989838755
2009-10-29,1.2905961666166983,1.7848005342382607,1.2233255469778688
2009-10-30,1.2565294965584417,1.754608696662684,1.1825140049533682
2009-11-02,1.26516725431089,1.7633973951009418,1.1927536617061525
2009-11-03,1.268527842967834,1.7631072427377485,1.198060414212106
2009-11-04,1.2732816531446098,1.7746587859960319,1.2029951045466383
2009-11-05,1.2941141011578887,1.7923231532026371,1.2268119938901358
2009-11-06,1.2949407671216187,1.792295670592552,1.2247453366055026
2009-11-09,1.325022482718923,1.8209803142584244,1.2635282116326572
2009-11-10,1.3235272919232792,1.8177341267338394,1.260158308575092
2009-11-11,1.3310495958172015,1.8246750753802434,1.2707573439738156
2009-11-12,1.3169449189215061,1.809603883638265,1.2525434832249038
2009-11-13,1.3266656409136894,1.8236028573917087,1.2658979154027774
2009-11-16,1.3467026421966752,1.845363453239075,1.2908009462548997
2009-11-17,1.345679060340536,1.8434678156496385,1.2863845114470571
2009-11-18,1.3438311003744225,1.8350861490379407,1.2861804819557883
2009-11-19,1.3272416484298504,1.8218104555495345,1.2649694267691303
2009-11-20,1.3229847385835454,1.819037261941097,1.259494630258046
2009-11-23,1.3391189216400614,1.8347151215337676,1.2790050790378586
2009-11-24,1.3385129245932132,1.8335412926380894,1.2745491103998963
2009-11-25,1.3448325750664492,1.843516338971721,1.2826723879945545
2009-11-27,1.319847721696113,1.814159531011796,1.24932271329182
2009-11-30,1.3277379766077178,1.823259411739337,1.2628319810565494
2009-12-01,1.3452868139326946,1.8423299189536286,1.2858691338099444
2009-12-02,1.346701619046363,1.843235336611358,1.2907619130242547
2009-12-03,1.3372554824070202,1.836444949218625,1.2792854103969962
2009-12-04,1.3457380569303212,1.8409571728848302,1.2930731416654915
2009-12-07,1.340972118979135,1.8356429611309681,1.2838093297769166
2009-12-08,1.3271791721037502,1.8234992396408385,1.2674665398519707
2009-12-09,1.3313305076208963,1.8267636150657054,1.2719998974268711
2009-12-10,1.3368529571962358,1.8301670702842752,1.2772526451407535
2009-12-11,1.3417313565926061,1.8301930216482254,1.2848941390967252
2009-12-14,1.3503074368367605,1.8357738087827782,1.2960522492976014
2009-12-15,1.3425609499628055,1.825124036518651,1.2864259175550479
2009-12-16,1.3462021196557268,1.831363978932482,1.2914665974992856
2009-12-17,1.3289748018710055,1.812109990913249,1.2700182807650198
2009-12-18,1.3345806021225792,1.8140549788062734,1.276179746487158
2009-12-21,1.342329175400254,1.8085484544393025,1.2850922011999426
2009-12-22,1.3479086534426998,1.812579301906753,1.2939362105025827
2009-12-23,1.3529919422588186,1.8201290765141425,1.30204456561521
2009-12-24,1.360099911016432,1.8255446808243776,1.3126554978176124
2009-12-28,1.3617689460635432,1.8214226486768392,1.3166058354195407
2009-12-29,1.35882274176968,1.8200685338614069,1.3107155159824129
2009-12-30,1.360345234363925,1.826017076199873,1.3127181333454903
2009-12-31,1.3519858163413314,1.8271434637662751,1.3040608107879783
2010-01-04,1.3732761215471325,1.8497273646572987,1.3268167456336533
2010-01-05,1.3783192411945122,1.8601807293562238,1.3316611623857826
2010-01-06,1.379220291521651,1.861128507061353,1.332677296114489
2010-01-07,1.381570442617738,1.8554507248587726,1.3349722672633875
2010-01-08,1.3860830211661095,1.8620757283052536,1.3390745603347585
2010-01-11,1.3868998333754778,1.8596407002550641,1.3403023099187472
2010-01-12,1.3749598857196805,1.8545007743365527,1.322744994221401
2010-01-13,1.3831874408880243,1.8521163692933076,1.3341123476605499
2010-01-14,1.3852001950753896,1.8530474284463263,1.3342940702519688
2010-01-15,1.372667201546589,1.8465427354514754,1.3200476712683573
2010-01-19,1.3894199261678999,1.859707178559896,1.342142489258655
2010-01-20,1.374147530019612,1.8444354873287265,1.3214853467011234
2010-01-21,1.3483368065195038,1.822564168608187,1.2885983741117757
2010-01-22,1.3230560674143677,1.8073519640455271,1.2592303614873568
2010-01-25,1.329396371472193,1.8123527525968457,1.2671132943414904
2010-01-26,1.320388786570191,1.7991165437619332,1.253090473449525
2010-01-27,1.3239149341089764,1.7965049044700618,1.2567628366069235
2010-01-28,1.3123629037382156,1.7907949108424583,1.2450125843309705
2010-01-29,1.3013113939065788,1.7859481653130322,1.232683456886654
2010-02-01,1.3208471167853009,1.802562774266433,1.257396031913141
2010-02-02,1.3335654418981993,1.809477241238393,1.2712177274686542
2010-02-03,1.3266134255357982,1.8032993551701495,1.2619945362253797
2010-02-04,1.2888291658260975,1.7733914179320729,1.215311631406057
2010-02-05,1.288999221619189,1.7661381034444426,1.2156515107465073
2010-02-08,1.2800458741281504,1.7614621851642283,1.2025750662221708
2010-02-09,1.296704635209785,1.7814004619254957,1.2227002203559536
2010-02-10,1.29418266232682,1.7770753383046232,1.2208385428627435
2010-02-11,1.308918742428728,1.7935698041842736,1.2402241137413375
2010-02-12,1.3059423248367295,1.78482871891751,1.2367056169229806
2010-02-16,1.3269447874831044,1.8056167246248338,1.2632260987888841
2010-02-17,1.3315305350838311,1.8048420611539207,1.2696313412928089
2010-02-18,1.3381108471400998,1.8071656021459435,1.2781872843525797
2010-02-19,1.337787433331014,1.8017883571721085,1.2757486030419662
2010-02-22,1.3380530150174852,1.8008281598541969,1.2769855114255275
2010-02-23,1.3227421429460553,1.788059047441059,1.2576226433817195
2010-02-24,1.3333144498038239,1.7959621850399794,1.2695979581608918
2010-02-25,1.330887580198411,1.7923032539395807,1.266036411710326
2010-02-26,1.3339087316313751,1.7996343273252629,1.2707217593092315
2010-03-01,1.3473305189081153,1.813286401549195,1.286377319705352
2010-03-02,1.3525649570389997,1.821922818544522,1.293250034375893
2010-03-03,1.3534131085340022,1.8228357568946578,1.2937445072649658
2010-03-04,1.355343737089623,1.8209840716148071,1.2946527299386317
2010-03-05,1.3751267065420831,1.837876850200923,1.3213013355579406
2010-03-08,1.376358181505894,1.8391550181096044,1.3242734460760113
2010-03-09,1.3796267287597965,1.8446060157941813,1.3283665792192838
2010-03-10,1.3856741180352432,1.849167399720852,1.3365538375136357
2010-03-11,1.3896278663971682,1.849350016096241,1.3408445490113088
2010-03-12,1.3894251653940823,1.8468992818373866,1.3414694917250054
2010-03-15,1.387806204945959,1.8427818893799557,1.3378566763343098
2010-03-16,1.4000612431894341,1.854440143661808,1.3548749040955035
2010-03-17,1.4092363644327033,1.863488705974721,1.3674384791912253
2010-03-18,1.4061289328079785,1.8567082356451718,1.3622475404075882
2010-03-19,1.3973772233992545,1.84601698178508,1.350298923966832
2010-03-22,1.4039630821173377,1.8495903117516441,1.3587078087239075
2010-03-23,1.4115545566218757,1.855092219476754,1.3656089547488022
2010-03-24,1.4027824323270441,1.8382402849071824,1.3573044934421807
2010-03-25,1.400335708977107,1.8334111146547305,1.3557347651553546
2010-03-26,1.4010566554901562,1.8388380818270293,1.3560500097298887
2010-03-29,1.4111383237644026,1.851090139192616,1.3688559908179034
2010-03-30,1.4127151662571424,1.854427383786255,1.3706197971911984
2010-03-31,1.4098325084107557,1.8572448577450553,1.3666075232333712
2010-04-01,1.4229926300125106,1.8769117619655387,1.3841153512005206
2010-04-05,1.4328088241919095,1.8773229293922455,1.3995027059455059
2010-04-06,1.4377802336552925,1.8809799371028677,1.4086259292424441
2010-04-07,1.4295453822883415,1.8792398545928906,1.3947083533381321
2010-04-08,1.433350654255895,1.880730695224598,1.3989273012062384
2010-04-09,1.4420763816259212,1.8865804997754492,1.409987113401148
2010-04-12,1.4411824986810224,1.883173913923567,1.4056265203893998
2010-04-13,1.44359852886666,1.8834798420883418,1.4118309670015368
2010-04-14,1.4573895536474217,1.893190460448973,1.4266974647054258
2010-04-15,1.454685033857453,1.8911311599191556,1.4170965282559582
2010-04-16,1.4310206735364783,1.8708374261830625,1.3864418443995492
2010-04-19,1.433123186667307,1.8658359345533544,1.388350045295962
2010-04-20,1.4457522149429132,1.876301687257245,1.4041777654306344
2010-04-21,1.445056083339966,1.87585456615882,1.4061763125150333
2010-04-22,1.4496352095085137,1.8766625671361885,1.4143486890912105
2010-04-23,1.4576409313299514,1.8792043617368233,1.424933308499411
2010-04-26,1.454980233892597,1.8790945622958601,1.4245991004188294
2010-04-27,1.4223614698205906,1.856179204911443,1.383002793139846
2010-04-28,1.4310178951601393,1.860459816818502,1.3926353221885457
2010-04-29,1.4499410180533474,1.8727770782009923,1.4207775715505102
2010-04-30,1.4301402572517552,1.8689070893122266,1.3948257414830736
2010-05-03,1.4450891894033862,1.8707003423891446,1.4152613147843545
2010-05-04,1.4111303000898976,1.841891969925522,1.3721687904588924
2010-05-05,1.400083518871267,1.8277163096534794,1.3565681193403283
2010-05-06,1.35859226046589,1.7997109870613404,1.3060851781021154
2010-05-07,1.3454626046345013,1.7985136973952363,1.294727848397088
2010-05-10,1.403631644693302,1.8486330440873286,1.369007790939165
2010-05-11,1.3978106378272264,1.839230125191003,1.3604171482617213
2010-05-12,1.413830076657244,1.8472018080120653,1.379309111141497
2010-05-13,1.3997871014263783,1.841843631960943,1.3625580321073723
2010-05-14,1.3774384433108349,1.830692223259951,1.3332277263167145
2010-05-17,1.3762705608806176,1.8254653112330133,1.3312289074521675
2010-05-18,1.3585157346717602,1.8142855381144543,1.3069790560137478
2010-05-19,1.350892197957991,1.8080558640552613,1.2969745434700526
2010-05-20,1.3040837259752414,1.7725877730345063,1.2396355653135125
2010-05-21,1.3263866685988244,1.7987022056156572,1.2692933415563372
2010-05-24,1.3119328250637707,1.7909457649761313,1.251729530006604
2010-05-25,1.3110347744857926,1.7850113579127598,1.2497565044123913
2010-05-26,1.305811727655408,1.7833808881990805,1.2453869296314526
2010-05-27,1.349554185717123,1.8211068577864151,1.3031572968723761
2010-05-28,1.3346275533114142,1.8105780504208142,1.285031444529063
2010-06-01,1.3155836759876034,1.7996348237244433,1.26177878080729
2010-06-02,1.3454741051978343,1.8223962092976118,1.296846000307668
2010-06-03,1.3469806848563173,1.8193101291036367,1.2967244931192146
2010-06-04,1.306236436726081,1.7962580655664342,1.2458047072763143
2010-06-07,1.2931766944355714,1.788525474888127,1.230641476502804
2010-06-08,1.3078000052056935,1.8031312810300038,1.2503252268194027
2010-06-09,1.3029835740107023,1.799979716480754,1.2462553099543023
2010-06-10,1.3362930519718457,1.8211923006530435,1.2882415726153897
2010-06-11,1.3424714965623608,1.825587980221489,1.2963549051720706
2010-06-14,1.3426222135300039,1.8273300019497687,1.2985313696268017
2010-06-15,1.3699001931623689,1.8494051384411478,1.3310840243313635
2010-06-16,1.3691949362404625,1.8510621734460244,1.3285456954328794
2010-06-17,1.3699084717640424,1.8498777875776,1.3279503448017476
2010-06-18,1.3713273487339532,1.8515133799880457,1.3298162349889435
2010-06-21,1.373293698988138,1.8669143281668596,1.3334910052637476
2010-06-22,1.352766533948235,1.8533364212731906,1.3069886241498418
2010-06-23,1.3517438516712408,1.8580692014923692,1.3067780610542308
2010-06-24,1.332240562274507,1.843843249273395,1.2835413989227658
2010-06-25,1.340753584734425,1.8541331069900724,1.2971628986169519
2010-06-28,1.3360261492265129,1.8510764487440579,1.2893754944096256
2010-06-29,1.2997980907447395,1.8241922259795416,1.2449586087777404
2010-06-30,1.290224957531521,1.8195491545195936,1.234033463957889
2010-07-01,1.2882659426996514,1.8240937919362152,1.2335331463405537
2010-07-02,1.2834907112878564,1.8255751743778357,1.2276355485066957
2010-07-06,1.291935064438739,1.8375706672385257,1.233881173278217
2010-07-07,1.3240933784026663,1.8556021429442036,1.272772579809611
2010-07-08,1.333821016893734,1.8600077409997784,1.2838883040989695
2010-07-09,1.3433530385513146,1.8677089063909555,1.2966366795297175
2010-07-12,1.3422843432188158,1.8641762704457845,1.294467357088897
2010-07-13,1.3584013890544098,1.871970568176718,1.3148350753272715
2010-07-14,1.358102529697176,1.8736022217083637,1.312497551529146
2010-07-15,1.3571469379912824,1.8716491138915765,1.309899654099591
2010-07-16,1.3257201777223664,1.8516237315949158,1.2716652654773142
2010-07-19,1.3343111460886818,1.860372214806552,1.283615393611342
2010-07-20,1.3501550885720277,1.8767692730678303,1.304712303205917
2010-07-21,1.336652319190869,1.8722870121335184,1.2870210426929838
2010-07-22,1.3643946369023208,1.8953666268717029,1.3226081769248816
2010-07-23,1.3737026749433179,1.8996124317340104,1.3343155121304078
2010-07-26,1.3858218824235715,1.9072536747588658,1.3503012029504406
2010-07-27,1.385195620838003,1.905687891536113,1.349462877443426
2010-07-28,1.378756011242347,1.9037609604902037,1.3422856978530449
2010-07-29,1.3748155477923198,1.9047724086961044,1.3376595643126554
2010-07-30,1.376832902716374,1.9106461409879796,1.3411187431082172
2010-08-02,1.404245766476494,1.9309659887965556,1.3755979123571618
2010-08-03,1.3983637713091321,1.9271000600274135,1.3677607596357748
2010-08-04,1.4043776162922788,1.9279115811532408,1.374704489509577
2010-08-05,1.401484477589435,1.9233124775349435,1.3688153886647276
2010-08-06,1.3978230234424978,1.9234906022605434,1.3642533001513206
2010-08-09,1.4045464769889935,1.9293977876060107,1.3730123438760018
2010-08-10,1.395930530004035,1.9219799616798607,1.3608568043672877
2010-08-11,1.363146904199781,1.9008895176757108,1.3222449444161815
2010-08-12,1.357370101524235,1.8960750980255001,1.3158694823328991
2010-08-13,1.3570089367510019,1.9011625335271058,1.3162123994978832
2010-08-16,1.3598064251779578,1.908937665211726,1.3196472642031551
2010-08-17,1.3737888951040564,1.9190066998947268,1.3376532614344534
2010-08-18,1.3748685100373068,1.9176863882839776,1.3387928910047824
2010-08-19,1.357608357109357,1.9102298582517057,1.3176472087758793
2010-08-20,1.353721064676389,1.9063579533451742,1.3135167132765835
2010-08-23,1.3481691511799117,1.9019631854937662,1.3059527355995475
2010-08-24,1.3338810935039502,1.8997327246726574,1.2900013804455426
2010-08-25,1.3358978396583594,1.8988500913899797,1.2935679629000252
2010-08-26,1.3289510833423892,1.8958471070263416,1.285240168182101
2010-08-27,1.346439496734031,1.9037505755815627,1.3080585614998428
2010-08-30,1.3317975881840372,1.9019838018029134,1.289876047339599
2010-08-31,1.3341373128935619,1.907720676485221,1.2942003491747383
2010-09-01,1.3682318617938192,1.930337752400637,1.3357592103840301
2010-09-02,1.3767664519062222,1.9329017101251837,1.345645839614942
2010-09-03,1.3909330568894214,1.940106640492248,1.3629933352039139
2010-09-07,1.377266281214265,1.9317915740264844,1.3451334907529335
2010-09-08,1.3857616924756735,1.9371300067235402,1.3550565197341997
2010-09-09,1.3889138705160815,1.9316584940708064,1.357767449416825
2010-09-10,1.3939025717589923,1.9324374112417058,1.3640329394304247
2010-09-13,1.4113225473215874,1.9518566656437202,1.3863102692120721
2010-09-14,1.4111912655397332,1.9548079193282886,1.3847306955445207
2010-09-15,1.4150121362127142,1.9556419367461995,1.3901129022827088
2010-09-16,1.412533809006003,1.9496010574266027,1.3862484468979608
2010-09-17,1.4129431323010488,1.9509857891548354,1.3865087481510365
2010-09-20,1.432053916697009,1.966234302877156,1.4102457567982272
2010-09-21,1.429220030423986,1.9656587799211132,1.4036819315956321
2010-09-22,1.4242207990730973,1.9628409384117147,1.3971927635385395
2010-09-23,1.4138456861853081,1.9542893266465817,1.3824773094134464
2010-09-24,1.437431748783373,1.967142341918732,1.411870522242389
2010-09-27,1.4326355418062269,1.9669289039725746,1.4046137553093798
2010-09-28,1.4385149075261732,1.9747550784695882,1.4114397047002216
2010-09-29,1.4371907342218777,1.973795722724431,1.4098891581038306
2010-09-30,1.4365609098808134,1.9773699310917174,1.4113609965884746
2010-10-01,1.443389983336579,1.985601947085838,1.4225483118234221
2010-10-04,1.4373601742075905,1.9889252339669807,1.4184183265465464
2010-10-05,1.459760267507381,2.0026422336544267,1.444887503991035
2010-10-06,1.459479901306488,2.001924811677547,1.4431291193484528
2010-10-07,1.456788834473786,1.998984918712044,1.4388804144975829
2010-10-08,1.4651346961634455,2.0081639145866785,1.4491712181170715
2010-10-11,1.4656482798646908,2.007123307536278,1.4494761968974075
2010-10-12,1.4676850281601237,2.0061302482129344,1.4516640843252382
2010-10-13,1.4793947835217578,2.0184034850124,1.4686906662229553
2010-10-14,1.474282235635773,2.0123202652855072,1.4643853145977601
2010-10-15,1.475125974789577,2.0088446129719437,1.4648572919512666
2010-10-18,1.4815754056240427,2.017376133806812,1.4721590558184694
2010-10-19,1.4620465201841575,1.998550119844159,1.4442402526726519
2010-10-20,1.4761079533960997,2.0146990709273274,1.4645726094369003
2010-10-21,1.4775377805477339,2.0124731022246287,1.4658279963570602
2010-10-22,1.479613629157651,2.0137340623491435,1.4678162498756606
2010-10-25,1.4848283020862445,2.0197731952762727,1.4755345494976266
2010-10-26,1.483572489980066,2.0142310727604205,1.4731865062506706
2010-10-27,1.476107885583263,2.0011822113946196,1.461078222457781
2010-10-28,1.4779013609976623,2.0052404353685485,1.4624023909209147
2010-10-29,1.4798301661983853,2.0092179105150816,1.4643206795787256
2010-11-01,1.483118405227033,2.016954250619853,1.4721818924623022
2010-11-02,1.4940380692747166,2.0259268555466927,1.4857189410517952
2010-11-03,1.4990057152452938,2.0271381386142133,1.4915974292030927
2010-11-04,1.5247971430119844,2.051698136045567,1.5230750863229736
2010-11-05,1.5278819557004655,2.054284673691136,1.528008599077052
2010-11-08,1.524621813460617,2.049490378539529,1.5230175922135127
2010-11-09,1.5104455200485387,2.0163618373334278,1.4998803182002962
2010-11-10,1.5165291045723943,2.02420638618526,1.5098347817717626
2010-11-11,1.510159300210088,2.017162026024876,1.5000395980144459
2010-11-12,1.4919027712574833,2.001323941236772,1.4769951758871118
2010-11-15,1.4882375462046638,1.9891839657388966,1.4731546069122623
2010-11-16,1.4663826213911735,1.966685780542636,1.440073685854259
2010-11-17,1.4685740508583855,1.9723460919418245,1.4447867935713776
2010-11-18,1.4874817331733472,1.9822771903239684,1.4687422364415406
2010-11-19,1.4908235745728113,1.9866984626115707,1.472457381180726
2010-11-22,1.4902784016405486,1.9903780664647095,1.471121652008485
2010-11-23,1.469775442219418,1.9799359197953106,1.4434386225016644
2010-11-24,1.4880218863687138,1.9899475760552656,1.4697988181895236
2010-11-26,1.4723951093601393,1.9856135273356776,1.4491023776940088
2010-11-29,1.4769429784617125,1.9878145099277982,1.4547123788789438
2010-11-30,1.4695851204445465,1.982687804650763,1.4456607816070202
2010-12-01,1.4937173860349238,1.9860076828683249,1.4756015113606795
2010-12-02,1.5103870356586908,1.996329815589329,1.498686156551486
2010-12-03,1.5142447471614082,1.998921023504657,1.5023446945678511
2010-12-06,1.5140713369687218,2.0045422502846293,1.5013325868454819
2010-12-07,1.5114896424032904,1.996309143987729,1.5000184969475863
2010-12-08,1.510964202125801,1.9794875182638658,1.4950315487638541
2010-12-09,1.5136646360064703,1.975077047848731,1.4934884927712333
2010-12-10,1.5200615032866822,1.9778049517568541,1.5017400728566095
2010-12-13,1.5224208775575028,1.9803983998407073,1.5058979687367933
2010-12-14,1.5212817582036264,1.9670929861786055,1.5044347003301561
2010-12-15,1.5121346450511064,1.9568525342136283,1.490285833945991
2010-12-16,1.518856130278231,1.9605373540402662,1.4962843804620514
2010-12-17,1.522332093102786,1.9727588797031501,1.5001612141376082
2010-12-20,1.5246691878334189,1.9813520803610736,1.5030703776716894
2010-12-21,1.5352321281091725,1.9924063150526958,1.5179046868859116
2010-12-22,1.5392278693827741,1.996828661365657,1.5241318194155267
2010-12-23,1.536739862876556,1.9912519746623845,1.5212140180130673
2010-12-27,1.5381341172712808,2.003097830345982,1.5235420306739962
2010-12-28,1.5383509240661108,1.9991245192319285,1.5262038907144642
2010-12-29,1.5440584589129585,2.0101798017318613,1.5337518422090317
2010-12-30,1.5436992979446065,2.0117588643374638,1.5360091375791205
2010-12-31,1.5465281454026667,2.0158777662931184,1.5391535901607407
2011-01-03,1.559744476401426,2.028287513576859,1.5571556261579749
2011-01-04,1.5588557551119995,2.016187792628054,1.5533422297467152
2011-01-05,1.562195636718506,2.012431971203595,1.5569862464361641
2011-01-06,1.5571511040383095,2.004909604281033,1.5473085458717715
2011-01-07,1.5540567901524331,2.0077838077344383,1.5412545700547884
2011-01-10,1.5512007444296503,2.009464418724082,1.5350337171181316
2011-01-11,1.5563136078318147,2.007039139506583,1.5423653716542693
2011-01-12,1.5699485095004362,2.0124226927295044,1.5604602565196155
2011-01-13,1.5675855339537552,2.0177479991300706,1.5557065441385516
2011-01-14,1.575251456364277,2.020109866415886,1.5646118029040312
2011-01-18,1.5770636682757675,2.0249190480401493,1.5677081294443165
2011-01-19,1.5646479942848688,2.0151341680907544,1.5523872218252592
2011-01-20,1.5597754773935506,2.0091926896715537,1.5458940763569566
2011-01-21,1.5605392418338717,2.012051130908357,1.5425711713629922
2011-01-24,1.568058622629821,2.0157838300126945,1.5521768428557623
2011-01-25,1.5690211119923287,2.0266248382078813,1.5530587121314212
2011-01-26,1.573994682112561,2.0248824568300012,1.5608407335720316
2011-01-27,1.5773709907863496,2.037256650298123,1.565745184252104
2011-01-28,1.5520316756553498,2.0232440989896094,1.5316044706384495
2011-01-31,1.562158887055895,2.0314056183390687,1.5463398501577892
2011-02-01,1.5827788153743416,2.0337025077220505,1.5709866721533994
2011-02-02,1.5788598792898931,2.030776377912539,1.5656405572325134
2011-02-03,1.5799451197137488,2.027683311895516,1.5674556947952498
2011-02-04,1.5811789444068236,2.0191218678204286,1.5671919187704466
2011-02-07,1.5885837989434808,2.025788996886178,1.5754800176101993
2011-02-08,1.5927781860535424,2.02504550554416,1.5804240342813813
2011-02-09,1.585874117183864,2.0229846353106047,1.5669135999436923
2011-02-10,1.5836947138253135,2.0201633384508346,1.5636403611676828
2011-02-11,1.5939938460808307,2.0313643212503867,1.576309274489309
2011-02-14,1.5954551379131476,2.031041856905506,1.575582363902881
2011-02-15,1.5927462966893868,2.030612475796033,1.5730509787531317
2011-02-16,1.6011490391707037,2.033656962208692,1.5827573785739921
2011-02-17,1.6057181003184509,2.0378965551462715,1.5871338363553371
2011-02-18,1.6094154467225856,2.0410980930669904,1.5930883072431365
2011-02-22,1.58204472486296,2.033613299468547,1.558490494374482
2011-02-23,1.5756213452583767,2.029520290959235,1.5517562858807132
2011-02-24,1.5749121486507545,2.025568097998847,1.5501391040083958
2011-02-25,1.5904760203483714,2.0430638057113883,1.5700837771592357
2011-02-28,1.600571212954799,2.0619479474033224,1.5854790089402555
2011-03-01,1.578724685462103,2.0400182618019618,1.558174407529314
2011-03-02,1.582662758164125,2.0351367514932392,1.563899904244741
2011-03-03,1.60439738639991,2.0436224810254613,1.5913120427744123
2011-03-04,1.5970220698481559,2.039846174902275,1.583319502393991
2011-03-07,1.5854717587095364,2.034041619641713,1.5677329860742426
2011-03-08,1.5981261365080612,2.0444005218019523,1.585564177451013
2011-03-09,1.5977102507606347,2.046704342425714,1.585214822508661
2011-03-10,1.5721198192297638,2.03750721950245,1.550915018648634
2011-03-11,1.5820964737587513,2.045870011065996,1.5644065897131005
2011-03-14,1.5767622880142813,2.039611929487985,1.559991603233435
2011-03-15,1.5614026257962013,2.035043871909245,1.5412866992062926
2011-03-16,1.538457761920352,2.026391590280549,1.5129064006927233
2011-03-17,1.5542163739210477,2.031915402674183,1.530792889015987
2011-03-18,1.5588218785621277,2.038832151092209,1.5373498151591916
2011-03-21,1.578332664481386,2.045176246843544,1.561687455476455
2011-03-22,1.5750917887873963,2.040801188287607,1.5587913933657571
2011-03-23,1.5798603277342236,2.03315402891392,1.5644599895915283
2011-03-24,1.5914891119643553,2.033667183523137,1.578851362621734
2011-03-25,1.5946746811965293,2.0382053749669042,1.5829008042776858
2011-03-28,1.590836727380167,2.036342959255692,1.5779894422547207
2011-03-29,1.6001402224114745,2.038623526931112,1.590324948813443
2011-03-30,1.6116900658902373,2.0523414677892964,1.6068675906535723
2011-03-31,1.6126928110657888,2.057629327116658,1.6132031848784099
2011-04-01,1.6212612992101414,2.0616926948870575,1.6257401899058097
2011-04-04,1.6245423104438372,2.067134336661984,1.630811370173772
2011-04-05,1.6233934842930962,2.064056955912548,1.6299133592883628
2011-04-06,1.6271109693653536,2.0629841825074346,1.6354659333448085
2011-04-07,1.6237953214406144,2.0601133216859884,1.6294397512245133
2011-04-08,1.6193999659247236,2.0554092498803644,1.6250909407167518
2011-04-11,1.6138129233518776,2.051651499121331,1.6164813423936188
2011-04-12,1.6026915940744788,2.047504414450746,1.5999758990734572
2011-04-13,1.6047276541748479,2.05172906668531,1.6038693771300028
2011-04-14,1.6071134393080033,2.057382569299422,1.6106165809472954
2011-04-15,1.6131455046459273,2.0673687172327058,1.618094962432024
2011-04-18,1.5956327524664335,2.0551289202457483,1.5931301975609156
2011-04-19,1.605914356968387,2.0667408616830847,1.6075620421103385
2011-04-20,1.6257079742687088,2.079691511583016,1.6342743849513197
2011-04-21,1.6337793678452353,2.087049897385879,1.6452066399990657
2011-04-25,1.631446048818022,2.086798096212198,1.6420333380444154
2011-04-26,1.64410028275656,2.0987034765208694,1.6562385383780278
2011-04-27,1.6507624309424747,2.0998367859257008,1.662699503584539
2011-04-28,1.6539548276268377,2.1046130876312437,1.665113575412537
2011-04-29,1.6575884985836098,2.105927493894045,1.6683089023775342
2011-05-02,1.6563142385976533,2.107275028380376,1.667713112702304
2011-05-03,1.6465275720564727,2.094326653881499,1.649720029880337
2011-05-04,1.635784569648445,2.088553410617787,1.633208087778389
2011-05-05,1.6248440242542692,2.088136562178012,1.6205791471792919
2011-05-06,1.6315662842135683,2.0872970043980215,1.628797369306578
2011-05-09,1.6367290285225908,2.0919535178425797,1.6343038303453563
2011-05-10,1.6490975150672207,2.1015737419327687,1.6522573238397815
2011-05-11,1.6325537951680267,2.0913924455913895,1.6280635555408753
2011-05-12,1.637820112650336,2.0912460645727835,1.6338473466914119
2011-05-13,1.6243423740090837,2.0810185948225657,1.6122214124997938
2011-05-16,1.6182713955540904,2.084069999849011,1.6070006453045782
2011-05-17,1.6191441083261209,2.0862671027674367,1.60859693276699
2011-05-18,1.6322741624006007,2.094143097044881,1.6272946351690176
2011-05-19,1.633357456843806,2.0934707005686857,1.6266169106511397
2011-05-20,1.6225726308436001,2.085796643600302,1.6124065092939521
2011-05-23,1.605370923205835,2.075323231080181,1.5888813570785227
2011-05-24,1.607125730827596,2.0802556775235184,1.5946548329609564
2011-05-25,1.6113051571593653,2.0830625079580756,1.599685366415861
2011-05-26,1.620629561041257,2.0965500266136807,1.6142277158000806
2011-05-27,1.627707982088772,2.1039096462783924,1.6248028563112102
2011-05-31,1.6435498591783566,2.117633030199382,1.6467367015907874
2011-06-01,1.6149547948821108,2.102131958892509,1.6105228333430635
2011-06-02,1.6142840363917743,2.0960932669614505,1.6130435569000603
2011-06-03,1.6038488077845745,2.0999857627127723,1.604063957429704
2011-06-06,1.5883934060333673,2.087718491986975,1.5828175827167543
2011-06-07,1.5910626473087255,2.098709418260943,1.5898209547091804
2011-06-08,1.5853005641963367,2.09689464159062,1.5819908580383313
2011-06-09,1.5932207569006733,2.088225099610775,1.5884326192278595
2011-06-10,1.5723632306057496,2.067711266072344,1.5586725254747655
2011-06-13,1.5726933410487958,2.068717741099419,1.5595803129083097
2011-06-14,1.5888766090641535,2.0774022268335894,1.5813032004103669
2011-06-15,1.565837573473224,2.0667567125548016,1.551756049283273
2011-06-16,1.5671099853829469,2.072162128978354,1.5517711051087395
2011-06-17,1.5713561089642727,2.080136528628625,1.5575272233459407
2011-06-20,1.576627193081797,2.086867702397751,1.5642021626099194
2011-06-21,1.5950463694143902,2.0957308347489,1.5862351680369882
2011-06-22,1.586376237987456,2.091608955261771,1.5755559114482185
2011-06-23,1.5824852455749645,2.0810744151547578,1.56642054671638
2011-06-24,1.5704163336357309,2.07980647881841,1.5569776566889248
2011-06-27,1.581510952389192,2.0819140971965746,1.5708583806596146
2011-06-28,1.5969207589204693,2.084333024271478,1.5902451814383638
2011-06-29,1.6075421481624352,2.0890931311325622,1.6047975408307025
2011-06-30,1.6197927676647674,2.092066504978544,1.6186692355851269
2011-07-01,1.639031880318971,2.106221843483812,1.6416856279634713
2011-07-05,1.6398747768327357,2.1155594649624723,1.6433755368487748
2011-07-06,1.640347363298116,2.1190966412523213,1.642998679269432
2011-07-07,1.6545202659618081,2.126517420352452,1.6627017412967762
2011-07-08,1.6458543400532317,2.12943844878096,1.650466140592285
2011-07-11,1.6199126127472607,2.115381643803901,1.6153148944175286
2011-07-12,1.6137837631995509,2.1160727890089106,1.6077583479132909
2011-07-13,1.6205408772521237,2.116498268306005,1.6157141322546333
2011-07-14,1.6095727806785673,2.105172970622641,1.601697643952726
2011-07-15,1.6181760782354888,2.114963440947075,1.6129544047017503
2011-07-18,1.606207927919483,2.1061007321011376,1.5982772272111858
2011-07-19,1.6277521411277323,2.121812333695012,1.6232482069858731
2011-07-20,1.6279995536165672,2.1248899504853997,1.6268739874005578
2011-07-21,1.646020422560997,2.1315976451461482,1.6486303375419817
2011-07-22,1.6476293700553133,2.1371883679979184,1.6504545766718441
2011-07-25,1.6397102882450436,2.1272537541171728,1.6419131144248147
2011-07-26,1.6375434812561254,2.1324082517927376,1.641757242421759
2011-07-27,1.609523028501294,2.1088297610559756,1.6071790360464664
2011-07-28,1.6074648761860826,2.112112743721502,1.6058530068524488
2011-07-29,1.6033849485979363,2.1208421466301606,1.6032891649438028
2011-08-01,1.5983822205068907,2.114786517707578,1.5947852548027857
2011-08-02,1.5646027749127602,2.0941270222967905,1.5490665131636017
2011-08-03,1.5686500207796457,2.0902790300781655,1.5485775747991595
2011-08-04,1.5082098677056952,2.053182509527918,1.4699233903906495
2011-08-05,1.5015485609796073,2.0316972206679726,1.4585377491538787
2011-08-08,1.4177745492395861,1.9661353464407643,1.3484305773123764
2011-08-09,1.4770527787678056,2.027680785196565,1.4279519731654977
2011-08-10,1.427239386543459,2.010140072173323,1.3664149435103707
2011-08-11,1.4765253198737398,2.0335067018115014,1.434344596974677
2011-08-12,1.4837794101938453,2.0388171312986456,1.4385507599798344
2011-08-15,1.5109398420561722,2.064544412720296,1.4743549213938656
2011-08-16,1.5016708326010355,2.0628839391543954,1.4634001034255482
2011-08-17,1.5044734968623945,2.0687137099721036,1.4681981363057222
2011-08-18,1.4520328304189754,2.0340952895664297,1.402456905942649
2011-08-19,1.433916225979887,2.0223118449588333,1.3805878796918496
2011-08-22,1.4341119738863755,2.020835733407002,1.3809410419782278
2011-08-23,1.4704988953533502,2.039684911368836,1.425099244463464
2011-08-24,1.4804291558566998,2.034898093535225,1.4334586953473256
2011-08-25,1.4619061440054302,2.022762080772392,1.4086407439718749
2011-08-26,1.479534661815667,2.0353426437011137,1.4296316091072274
2011-08-29,1.514268012595377,2.0596594419332166,1.473978855280584
2011-08-30,1.5181704651029677,2.06535574435364,1.4773283601712262
2011-08-31,1.5271571422921366,2.076372562675351,1.4937861521441467
2011-09-01,1.5160102585919886,2.0721000916557126,1.4795823854419363
2011-09-02,1.4866329718529474,2.0568713331664044,1.4438199326986998
2011-09-06,1.4783896884856906,2.0543159793417836,1.4326073041744354
2011-09-07,1.5118911506278845,2.0782539275183582,1.4763230885588403
2011-09-08,1.4971640877213581,2.0664037214702233,1.4558583801826923
2011-09-09,1.4642831925632145,2.041697086186611,1.4125471572071604
2011-09-12,1.4692902655818756,2.039747886509909,1.4168143368643344
2011-09-13,1.4780769129813591,2.041729622797818,1.424325153486969
2011-09-14,1.4905928915491333,2.0435523295839766,1.4341973409720832
2011-09-15,1.5096472333150246,2.0521875794740323,1.457463746553695
2011-09-16,1.5167150355348107,2.058716628531395,1.4651590108650712
2011-09-19,1.5004000930440529,2.04083565970496,1.4377956068422622
2011-09-20,1.498460596766227,2.0403578711393533,1.433417123895827
2011-09-21,1.4604010206913338,2.006927974580537,1.3811783750994981
2011-09-22,1.4174721004106592,1.97593492113736,1.3218286823288097
2011-09-23,1.4262454339589132,1.981096913948552,1.3386208352297437
2011-09-26,1.4500332680160475,1.9887324650385403,1.3642193673306928
2011-09-27,1.4660654559313853,2.00193761594878,1.388027755537631
2011-09-28,1.439877250519578,1.9802035259950326,1.3540949492098246
2011-09-29,1.4503722502334822,1.9904461143658534,1.369270288180794
2011-09-30,1.4181022766879965,1.967177549370701,1.3237036069420547
2011-10-03,1.3874734040589793,1.9509339262547238,1.2843735258531466
2011-10-04,1.410432621592026,1.9630150762689436,1.3140945669545467
2011-10-05,1.428793315502178,1.9717905252346402,1.333531038154522
2011-10-06,1.4519862509840058,1.995162859215562,1.366532714027168
2011-10-07,1.441172176527019,1.9802645248719102,1.3495302200992656
2011-10-10,1.481927849693949,2.0148737268638928,1.4038398881821081
2011-10-11,1.4821768450905033,2.0145100614981652,1.39949824568531
2011-10-12,1.496133770192258,2.0338438183330747,1.422724197812815
2011-10-13,1.4922482557185504,2.0272066421300448,1.415380427635663
2011-10-14,1.513160537256226,2.042993596321481,1.4425853167643063
2011-10-17,1.4881046072225899,2.0202421698527995,1.407222302799613
2011-10-18,1.5134927608897657,2.0430063684569304,1.4421781331641648
2011-10-19,1.4982004979816481,2.02948613413924,1.4217138545280206
2011-10-20,1.4989192755318355,2.016880499739338,1.4171917617691703
2011-10-21,1.5246880792215778,2.04239316521403,1.4523004179036156
2011-10-24,1.5453391062584285,2.0718338052479495,1.486348612449038
2011-10-25,1.5228455879415692,2.06072158192714,1.458173730801979
2011-10-26,1.5358148217012748,2.0716796472899404,1.4762035891706047
2011-10-27,1.5838270178733125,2.1190896432226114,1.5439717310749168
2011-10-28,1.5831836459255413,2.117801367385456,1.5400178134564226
2011-10-31,1.551995856697059,2.0932866703100474,1.4997975784110857
2011-11-01,1.5189611699055174,2.077730541557714,1.4581421434534032
2011-11-02,1.5418140711477661,2.098220922491903,1.491475170725241
2011-11-03,1.5617489445788204,2.106527357368745,1.5118829831875735
2011-11-04,1.5537402486319,2.100762894355044,1.501497791043373
2011-11-07,1.561725741178742,2.10807855177052,1.5094247361701822
2011-11-08,1.577265211988639,2.11671073919079,1.5282481100337142
2011-11-09,1.5255557408485838,2.075665742135453,1.454606540125116
2011-11-10,1.5351721214726748,2.079345945297666,1.462425755509767
2011-11-11,1.5596897342234108,2.0961040594878235,1.49657571016836
2011-11-14,1.5464331959891071,2.0868294250004515,1.4757741689229382
2011-11-15,1.5526493365600564,2.090015389375621,1.4849383494233153
2011-11-16,1.5310193694080807,2.0708552327604166,1.4577398016497947
2011-11-17,1.509304952187024,2.052493188347091,1.4280606573231254
2011-11-18,1.509484518670612,2.0539424759227503,1.4325485788075372
2011-11-21,1.4834788425967187,2.0320535202773478,1.3952090951091454
2011-11-22,1.480358983890505,2.0333565041626995,1.3934320522436068
2011-11-23,1.452128846920928,2.012381211283601,1.3536758127073985
2011-11-25,1.449762144401094,2.0087072980735416,1.3529802421486756
2011-11-28,1.4858453829398084,2.0388638459272013,1.399331112267057
2011-11-29,1.4876261699792503,2.038001529934818,1.397445337276526
2011-11-30,1.5399861736531149,2.077117865426282,1.4688491247829518
2011-12-01,1.5386910510687946,2.0751347336710984,1.4622365115996687
2011-12-02,1.5379592245418965,2.076769981954061,1.4593886136397172
2011-12-05,1.5526248000765492,2.088953012641394,1.4779667005035975
2011-12-06,1.549831566896593,2.082224077643696,1.467134016936213
2011-12-07,1.5556620185587713,2.0887610862151345,1.4766458478885862
2011-12-08,1.5256643450745162,2.0660018500324937,1.4335910788276862
2011-12-09,1.5472272353762302,2.0810370991295497,1.4628159773240133
2011-12-12,1.5244523433290236,2.0598721826383906,1.4232432494382308
2011-12-13,1.513481415150097,2.0545557907384846,1.40875097265453
2011-12-14,1.5019496002904302,2.0500773808135393,1.3998010806200623
2011-12-15,1.5071942620270442,2.0532084735031484,1.4136822726685863
2011-12-16,1.5118724244501545,2.0622355678072113,1.4250064363010595
2011-12-19,1.496644712987959,2.0495868136788133,1.4004808059885843
2011-12-20,1.5343830641566885,2.0759290242998913,1.4506617417909162
2011-12-21,1.5360332791995202,2.0744315257513186,1.4530779224812118
2011-12-22,1.5486919583703018,2.0860877871885948,1.472026336912556
2011-12-23,1.5581206974236537,2.0893772030683047,1.4790692305798454
2011-12-27,1.5579884095106589,2.088856620148708,1.4749239235739067
2011-12-28,1.5414677833635102,2.078927649182293,1.4536382999277324
2011-12-29,1.5550526384567733,2.0905528807163773,1.4686107740719725
2011-12-30,1.5496459534083893,2.087146164694473,1.4657290649598818
2012-01-03,1.5709886825326973,2.0972169837449437,1.4958969404238658
2012-01-04,1.5695889016597184,2.0949965166860953,1.479822679832819
2012-01-05,1.5725787216993856,2.099608921560514,1.4823840628531861
2012-01-06,1.5675702755964396,2.098372167917038,1.4698351288553146
2012-01-09,1.5714145016502896,2.098832095125598,1.4760262375285118
2012-01-10,1.5850182759287355,2.106090755754196,1.5011266592124468
2012-01-11,1.5873817675878983,2.1116252126232116,1.506441450643524
2012-01-12,1.589705518904272,2.111694980857446,1.5049235327322927
2012-01-13,1.583610793635075,2.1108222871940394,1.4987805748845124
2012-01-17,1.5919749409314168,2.1149090768501835,1.5201479886668716
2012-01-18,1.6082628933124623,2.1224072054841594,1.5462242523066936
2012-01-19,1.6152273482817814,2.1248024371533334,1.5564764763173082
2012-01-20,1.6186367426081743,2.1251248506255997,1.5600633895260787
2012-01-23,1.618151233537875,2.1225966689545794,1.5718475864452275
2012-01-24,1.6181998460325964,2.123516740863104,1.578368549043749
2012-01-25,1.63062269509335,2.1331102023844677,1.597227671938547
2012-01-26,1.6257412050068472,2.132344621631922,1.5985335459771066
2012-01-27,1.62689271231589,2.134071074880484,1.603422764512837
2012-01-30,1.6206062504473409,2.134285291462812,1.58524989619591
2012-01-31,1.6229604269422162,2.1366581043111412,1.5963006867091325
2012-02-01,1.6368176061599071,2.1422202648568422,1.6229651069141575
2012-02-02,1.6393250882567798,2.1439769259308767,1.6270970506878901
2012-02-03,1.6584247468706728,2.1554210933158506,1.6522392606746434
2012-02-06,1.6558288375706551,2.155580196131749,1.6421975446494603
2012-02-07,1.658373008930365,2.1561200886144674,1.6422093418717163
2012-02-08,1.6629173045898311,2.1575695416298193,1.6499517096294731
2012-02-09,1.6629710749897046,2.1559328829737314,1.644176307760542
2012-02-10,1.6499967377509683,2.1510771908930755,1.6172019201604644
2012-02-13,1.662234445868187,2.158200922565035,1.6391310822967713
2012-02-14,1.6584594732097075,2.1574800470561994,1.624172194976762
2012-02-15,1.65352420527798,2.1528528229391495,1.6223628155778655
2012-02-16,1.6682838143376422,2.1621977797955774,1.639731077320058
2012-02-17,1.671153767863178,2.162756272220133,1.6419809478574792
2012-02-21,1.6688531845772212,2.159979092844452,1.6269292120540086
2012-02-22,1.6659471317410428,2.1603639599997635,1.6225386160632662
2012-02-23,1.671551071418663,2.1658598163597267,1.6297251394811385
2012-02-24,1.6762530345622837,2.168077276077235,1.6398273580653104
2012-02-27,1.6766854609920496,2.1733858527981096,1.6294920682249785
2012-02-28,1.6820613870513326,2.1743890391949683,1.63801215706865
2012-02-29,1.6770605969779186,2.1696221193412972,1.634474719772849
2012-03-01,1.6845569841874328,2.1716590037390313,1.6475387009558353
2012-03-02,1.681295204777912,2.171868212395239,1.6441973199321933
2012-03-05,1.6735950496249397,2.1665596767254836,1.6356730500225838
2012-03-06,1.650243892880826,2.1565114970698556,1.5956977729558866
2012-03-07,1.6602527516177812,2.1612659894688493,1.6101049976044213
2012-03-08,1.6740125672756525,2.1667286978937175,1.6248558214959732
2012-03-09,1.6784002786089853,2.169856815933157,1.627992818491032
2012-03-12,1.6770310688619439,2.171160555936123,1.623430182839655
2012-03-13,1.7028719430158108,2.182508351551745,1.662520027939191
2012-03-14,1.696329658052431,2.17446889654245,1.6460924901858267
2012-03-15,1.7040708570888388,2.1789406851149633,1.6522359353850682
2012-03-16,1.7058832468528677,2.1803314384569004,1.6554651587237723
2012-03-19,1.7089848056341552,2.1797247419093395,1.6571686283448774
2012-03-20,1.7023476067742251,2.179020040678152,1.6404513862768062
2012-03-21,1.701545844906089,2.180625623211237,1.6410344316619518
2012-03-22,1.6894364376800104,2.1753279370607976,1.6171492906630625
2012-03-23,1.695783218707166,2.1811626173134315,1.6283534912019062
2012-03-26,1.7155983230167675,2.1926542768160084,1.65252951067951
2012-03-27,1.7113826879088232,2.1913019389822486,1.647911391939286
2012-03-28,1.7021195801352331,2.186649113044176,1.6316846223106312
2012-03-29,1.7008822713798806,2.1886815513605256,1.631012085136378
2012-03-30,1.7072159691768762,2.190399053927831,1.6435977250889375
2012-04-02,1.7188474889513832,2.1970972758797,1.6611150490993796
2012-04-03,1.711419372214326,2.1878950390353995,1.6529869863731326
2012-04-04,1.696280937824272,2.181741869943192,1.62858338326693
2012-04-05,1.6972217955671636,2.1835567841775325,1.6304483985266842
2012-04-09,1.682243077132946,2.1797452634966503,1.6094879791371834
2012-04-10,1.6581980101473386,2.164431592216642,1.576617859287763
2012-04-11,1.670153353217603,2.1723953857131626,1.5951892735306739
2012-04-12,1.6903168757092222,2.182313163989235,1.6273498025960373
2012-04-13,1.6748228631132338,2.177943300328574,1.6108743395124172
2012-04-16,1.6743783537823307,2.1808636468181124,1.6167055786717843
2012-04-17,1.6934001981554265,2.1923103762619633,1.6330280358543507
2012-04-18,1.6885155123423148,2.1902910803925435,1.623778763804778
2012-04-19,1.680423286204159,2.1852770857985955,1.6198703193883006
2012-04-20,1.6848265363701875,2.189362376962225,1.6350311921570677
2012-04-23,1.6711322480936635,2.183005230240422,1.610487957654175
2012-04-24,1.676565021041506,2.186902679829494,1.6236844650085596
2012-04-25,1.6942990345007445,2.198752453766555,1.640338266171895
2012-04-26,1.703845192310991,2.2057962719854114,1.6475972863927038
2012-04-27,1.706560516897457,2.2083585807389534,1.6542055914531606
2012-04-30,1.701707521803647,2.204891891807932,1.650324105466013
2012-05-01,1.7107893285675988,2.210951429069413,1.6645625814944576
2012-05-02,1.707285307753536,2.2100010747776677,1.6617228468751375
2012-05-03,1.6973712661919609,2.2059068017374597,1.6524434522583769
2012-05-04,1.67565457413254,2.195165603330041,1.6304016518337843
2012-05-07,1.677957955231571,2.1980947705834613,1.639022730545586
2012-05-08,1.6704583256484151,2.1962027239837734,1.6241818966224457
2012-05-09,1.6613072942312277,2.1922155487399886,1.6108860087138908
2012-05-10,1.6640939268467565,2.192297612168937,1.6149401562999601
2012-05-11,1.6587561680194949,2.192142427739611,1.6060921795212197
2012-05-14,1.6420632003800768,2.1851492445654213,1.5775707961329692
2012-05-15,1.6337227137830543,2.179677415401117,1.5665515325676063
2012-05-16,1.6259399159078838,2.174155805168446,1.5467864908115465
2012-05-17,1.6055137899738068,2.158479214714452,1.5136826408216064
2012-05-18,1.5938356106062297,2.1500830214955275,1.4972857379485143
2012-05-21,1.617483728190848,2.1651234399283803,1.5314652147180625
2012-05-22,1.6167155184194886,2.1633827140420103,1.5248083913295394
2012-05-23,1.6164684836863454,2.165636066866322,1.520627021500217
2012-05-24,1.617708839260932,2.1668875902089613,1.5201698744574268
2012-05-25,1.613580958481359,2.166009695551116,1.513487156817651
2012-05-29,1.6323630527873216,2.1759707078106953,1.5455758567911835
2012-05-30,1.612826283174731,2.165564647072109,1.5138771740722736
2012-05-31,1.6129682189741061,2.170371871102528,1.5228223929191067
2012-06-01,1.5807488150113471,2.152989899457426,1.4837825714739332
2012-06-04,1.579733098267684,2.146012214869965,1.482174551401675
2012-06-05,1.5889578418244117,2.1570494056447647,1.4989833706639262
2012-06-06,1.617952281287273,2.172624709641277,1.5376505979324009
2012-06-07,1.6195338904179815,2.170684585372047,1.5371487165479596
2012-06-08,1.627232610292864,2.1807163294593637,1.540746255960579
2012-06-11,1.6095489633836353,2.1648180151744767,1.5124297307851313
2012-06-12,1.625772734051754,2.172751713372617,1.5356514668284176
2012-06-13,1.618808137650528,2.171166248953978,1.5289616337475391
2012-06-14,1.6321461400266333,2.1818684602437823,1.5453125556755072
2012-06-15,1.6475338691746506,2.191685696601981,1.564509818737107
2012-06-18,1.6506531791208128,2.1967891428397053,1.5724214968832053
2012-06-19,1.6639588338963671,2.2007698950440053,1.5886266018304822
2012-06-20,1.6610739195143824,2.1980009088655352,1.5855614420561934
2012-06-21,1.6290021896210947,2.1828850542139078,1.5429614191146606
2012-06-22,1.6371521555642763,2.183569340318983,1.5456124873785748
2012-06-25,1.6174077610279196,2.1795428076131946,1.5270222321646922
2012-06-26,1.6241477986554922,2.181663747850061,1.5362718541881761
2012-06-27,1.63516974358054,2.1873920013634076,1.5443075566397442
2012-06-28,1.6326722515480492,2.1943212566403556,1.5487009077170504
2012-06-29,1.6688644029926851,2.2154916951549044,1.6031039457461311
2012-07-02,1.6737283911769938,2.2255561623044935,1.6116535797464004
2012-07-03,1.6850264649388498,2.230031611620756,1.632771258633461
2012-07-05,1.6782827649505168,2.228437271727096,1.6190292204774568
2012-07-06,1.664963243446855,2.2283550689585665,1.6057002710890582
2012-07-09,1.6636515716785802,2.2313194439365085,1.6035697653535288
2012-07-10,1.6513607565627293,2.2229235639548226,1.5860598411127649
2012-07-11,1.6525939648430554,2.223502080917858,1.5911189197522941
2012-07-12,1.6451576541778365,2.2265113736758435,1.5799561639929882
2012-07-13,1.6676454824388731,2.239006011522058,1.6049957594258284
2012-07-16,1.6651334708231846,2.240681244751964,1.6046331146448682
2012-07-17,1.6757940772033388,2.2480501548921703,1.6230055834936294
2012-07-18,1.6832263421554143,2.2489029839558192,1.6161489244152607
2012-07-19,1.6865653525843392,2.241939826942291,1.6154632459546427
2012-07-20,1.6737347281763293,2.238095045037121,1.5990493393867746
2012-07-23,1.6574523013192777,2.232072301971026,1.5720005383444369
2012-07-24,1.6476427236033047,2.229407507028647,1.5660092731434907
2012-07-25,1.6488475852821276,2.2296646019324853,1.5694601413616276
2012-07-26,1.6710554336758001,2.2386155896294992,1.594310482918145
2012-07-27,1.6960775014060394,2.2453847271385707,1.6246168425264067
2012-07-30,1.695914284163147,2.2505823976012986,1.6234281614396744
2012-07-31,1.6875840124526653,2.2490600049016023,1.6184362392665155
2012-08-01,1.686159868838552,2.2442506451953115,1.616122749892901
2012-08-02,1.6767573789889065,2.2457608101979276,1.608317551152815
2012-08-03,1.7039793997900674,2.2511259753990025,1.640374103542695
2012-08-06,1.707719023736308,2.2526198391984225,1.644999058056235
2012-08-07,1.7117436073175534,2.240598797234715,1.6382927948045811
2012-08-08,1.712419539520706,2.233901107264978,1.6348496533675703
2012-08-09,1.7138172280569823,2.231238588794209,1.6361248634369447
2012-08-10,1.71720710562556,2.234657359773565,1.6412885802375596
2012-08-13,1.714754466348479,2.233893472754471,1.6328922963220647
2012-08-14,1.7139242516936588,2.2291812770569503,1.6310631845741308
2012-08-15,1.7143046577370997,2.2284722841277715,1.633213376828887
2012-08-16,1.7246375883309955,2.233554534716861,1.6470084782407552
2012-08-17,1.7255179783160433,2.23552816791422,1.6428941388328646
2012-08-20,1.7251036087126754,2.2328696965637254,1.6402721093948354
2012-08-21,1.722065266541521,2.2358655468734927,1.6405806164921728
2012-08-22,1.7239262855162998,2.241221521317502,1.6405542364343375
2012-08-23,1.7129269642828597,2.238759162897647,1.6302137312575935
2012-08-24,1.7197268042801126,2.241152927638631,1.6329638889632316
2012-08-27,1.7186235006212196,2.2452844696187815,1.6263596393644315
2012-08-28,1.7177184092415534,2.248876847151821,1.6272700655455385
2012-08-29,1.7172893270983614,2.2474343532392647,1.6229118341507436
2012-08-30,1.7069797650382081,2.2455614279190024,1.6111917319634685
2012-08-31,1.7153687643872146,2.2532255936185885,1.6218136864417858
2012-09-04,1.7138811742057694,2.2562547847506007,1.6221133340783902
2012-09-05,1.7117636055957408,2.2549985400443537,1.616299623628217
2012-09-06,1.7386020205782533,2.264315540972652,1.6422327191088204
2012-09-07,1.7477358190740362,2.2665467094792673,1.6635041427524078
2012-09-10,1.73799235721332,2.2604486008859297,1.6459643364799619
2012-09-11,1.7434535952617898,2.261521404550456,1.6589385502640461
2012-09-12,1.74772598558864,2.261384805891558,1.66452681404851
2012-09-13,1.7724035589054061,2.2769458069626514,1.6983928544029134
2012-09-14,1.7792064790747626,2.2761166010962306,1.7135924339958677
2012-09-17,1.7732031227295075,2.2753727411568776,1.701066168878803
2012-09-18,1.7716058682940898,2.2708586595509064,1.6942859852128007
2012-09-19,1.7722932807835108,2.270787540296759,1.690059969421958
2012-09-20,1.7694530810238926,2.2622314915237123,1.6733397945831012
2012-09-21,1.7699956975405673,2.2643113177823087,1.6756904246085882
2012-09-24,1.7680394116664346,2.263242498755373,1.672048362925526
2012-09-25,1.7518105050557498,2.253592676299124,1.6472900694575854
2012-09-26,1.7447814010141636,2.2526172196495984,1.6429226504280512
2012-09-27,1.7588750821557035,2.2576620954983064,1.6606185101061044
2012-09-28,1.7526548159504804,2.2569721803640155,1.6538988482706845
2012-10-01,1.7568649374495255,2.2537510411020243,1.657700399274221
2012-10-02,1.7593255568521906,2.2582946480616157,1.6646806612529452
2012-10-03,1.762644523089229,2.2607003823698983,1.6600707407193813
2012-10-04,1.7724991312980156,2.2623779952469536,1.6692291616979096
2012-10-05,1.7720472539081404,2.260118942954432,1.6701547508797276
2012-10-08,1.7665326786623836,2.2595418110598358,1.6604547665975815
2012-10-09,1.7529568187119964,2.2515064502332667,1.6509088326725614
2012-10-10,1.7453602214516717,2.25193148611235,1.6484577282990425
2012-10-11,1.74821417824974,2.253607923010709,1.6561773951056589
2012-10-12,1.7437784269339738,2.251637238872535,1.650677304210124
2012-10-15,1.7551489311880317,2.25918669784477,1.6608932490472417
2012-10-16,1.7688728757364225,2.264630835857576,1.674911687028604
2012-10-17,1.7744638662446717,2.2617030296020655,1.6800352581943863
2012-10-18,1.771752921400578,2.2638536473554844,1.6851674741443716
2012-10-19,1.7489606034495948,2.2535597914031698,1.6646093369381096
2012-10-22,1.7502088498632866,2.24985522997569,1.669525822174923
2012-10-23,1.7299739949030404,2.2418073812492003,1.6431090088689935
2012-10-24,1.7267271879653707,2.239111427495747,1.6434038878190722
2012-10-25,1.7312626161871891,2.236614523113705,1.6511476614221552
2012-10-26,1.7290474087654866,2.236604678377223,1.6376796637302309
2012-10-31,1.7301169289773242,2.242229307943265,1.6435438332828105
2012-11-01,1.7451596142816848,2.2476027771509424,1.6617615311695706
2012-11-02,1.7349016091098226,2.2503720579777093,1.6618096921915844
2012-11-05,1.7380848817891248,2.2489504653537726,1.6613202351640728
2012-11-06,1.7479801154742352,2.2498792035027355,1.671803023923251
2012-11-07,1.719340188126406,2.244239967930009,1.6532551859837328
2012-11-08,1.7027740433632088,2.235264913077767,1.6329847158756976
2012-11-09,1.7036967802077116,2.2330814512565476,1.632811691117436
2012-11-12,1.7050068519742758,2.231440280857896,1.6344127370280443
2012-11-13,1.6998692701956548,2.23248422877164,1.6256706996164396
2012-11-14,1.6804023621910307,2.217708601619789,1.5981783628398762
2012-11-15,1.678553406860792,2.213099883551139,1.5979611512809009
2012-11-16,1.6851020376780588,2.2185548319914603,1.604947617913965
2012-11-19,1.711738655935579,2.2321561056899544,1.6294141916659657
2012-11-20,1.711911719154828,2.234369587441962,1.6330103589016702
2012-11-21,1.7128566708039783,2.2314677376682694,1.6299881566375998
2012-11-23,1.7320539769114456,2.240417714193393,1.6501486644442962
2012-11-26,1.7299996395668933,2.2416353500634263,1.6516318484407695
2012-11-27,1.7224734797806867,2.23857859873658,1.6397940703473568
2012-11-28,1.732453161318266,2.2400924851251554,1.6439604608865643
2012-11-29,1.7400629782917596,2.2464404055119953,1.6545803032477746
2012-11-30,1.7402209040478058,2.247053762065781,1.6556215121476927
2012-12-03,1.7350445359813105,2.248535647091659,1.6581470403333285
2012-12-04,1.7344194681159704,2.250177442257547,1.661920504961725
2012-12-05,1.7386284830808274,2.2495804140695688,1.6693920127230326
2012-12-06,1.7448675041949842,2.2566346612008705,1.6833271943007913
2012-12-07,1.7489726700444066,2.2586356218217274,1.6889454610511856
2012-12-10,1.7506590594768436,2.2586396407894616,1.6938204194152515
2012-12-11,1.759515641857951,2.2612723889255495,1.7004677025199335
2012-12-12,1.7595689680005948,2.2556779978017505,1.7012068344339315
2012-12-13,1.7504409429501706,2.2468365575923164,1.69126228477126
2012-12-14,1.747776751584719,2.2483884212795107,1.6952814149590865
2012-12-17,1.761201759515189,2.251187949176589,1.7016255429817295
2012-12-18,1.775563908919979,2.2575782622337774,1.716022522482055
2012-12-19,1.7673737636677125,2.2573578224362523,1.714538877272347
2012-12-20,1.7765163636447516,2.2679661499872856,1.730223423934843
2012-12-21,1.7637547177032948,2.2661033747019603,1.717996355937194
2012-12-24,1.7599737777985653,2.2665431983615902,1.7170489978308228
2012-12-26,1.7558380871030357,2.264104344013985,1.716250233293071
2012-12-27,1.7560935361415801,2.2671853533832405,1.7244171898534362
2012-12-28,1.744617495028262,2.2623352902040215,1.7228657784112054
2012-12-31,1.767215233445883,2.2708906757716645,1.7452175080353491
2013-01-02,1.8013782210869385,2.2835453491339117,1.7739174035451906
2013-01-03,1.7963369477680768,2.279568706918997,1.7667899813884003
2013-01-04,1.8026687432211161,2.2851828721667995,1.7721838626076951
2013-01-07,1.7978398547344698,2.2843449479570355,1.7653661673207655
2013-01-08,1.7925863534950943,2.283401688756703,1.7544718223540579
2013-01-09,1.796531891460218,2.2848787629394014,1.7609498423932133
2013-01-10,1.8077650304270065,2.288685368878111,1.771427916506717
2013-01-11,1.8061248011074507,2.289726519144325,1.7625446453279074
2013-01-14,1.8068602139295313,2.292040659110119,1.76877604494721
2013-01-15,1.807260046279862,2.2950201886224426,1.7673707941231884
2013-01-16,1.8069511098143267,2.2951241016211243,1.7656587924046425
2013-01-17,1.8153693757307234,2.296482098154612,1.7740466294987483
2013-01-18,1.8192926086615475,2.301158730233607,1.7793244811901012
2013-01-22,1.8256321196069603,2.3053096883058766,1.7814037210948668
2013-01-23,1.8266361212423212,2.3073557369633817,1.7756736407158424
2013-01-24,1.8259293848315188,2.3066330230053573,1.7732417178380764
2013-01-25,1.8316434336251504,2.3085957249701266,1.7738313410669857
2013-01-28,1.828468546344782,2.3073888674982137,1.7681209989452313
2013-01-29,1.8357136927867177,2.309711597420894,1.7818918994524684
2013-01-30,1.8288480140687444,2.3025798479567583,1.7703792972182342
2013-01-31,1.826040428307752,2.299758590093807,1.7684305839568637
2013-02-01,1.8396210918258342,2.3042381010063346,1.7798695597908343
2013-02-04,1.8238229767095506,2.3019003730976073,1.7635341704723546
2013-02-05,1.8351424061678872,2.3021541225314675,1.7671769804261814
2013-02-06,1.8366640633919895,2.3065832058553215,1.768319981842588
2013-02-07,1.8327934236667356,2.3044171554381347,1.7579973879206
2013-02-08,1.8420918521770722,2.3117399523055036,1.7712028554925139
2013-02-11,1.8415891055425133,2.3109993676055884,1.7715001959299963
2013-02-12,1.844897493366062,2.3152230627071275,1.778452108210987
2013-02-13,1.8466620098998883,2.3139255354594455,1.7827643965139648
2013-02-14,1.847807080128905,2.314730277759753,1.7805213860305453
2013-02-15,1.8456481849176574,2.3145605608130144,1.7771714904288163
2013-02-19,1.855587393589196,2.3201534773730175,1.7860617695855414
2013-02-20,1.8380140281688573,2.312344340032472,1.7701104307614797
2013-02-21,1.8270922561017187,2.30671760681647,1.7520876246177723
2013-02-22,1.8409027666877498,2.316641214498327,1.7648445934940136
2013-02-25,1.8143023091255233,2.3041349280564214,1.7360247710549792
2013-02-26,1.824212240936974,2.3100599422685946,1.74691483469943
2013-02-27,1.8423912803878766,2.3194258691724863,1.7647536322252442
2013-02-28,1.8391868342034354,2.3193203477786364,1.7595524722875457
2013-03-01,1.8441094590535,2.3228961381268243,1.7645441779708018
2013-03-04,1.8490109062091094,2.3279559675762935,1.7626209639107755
2013-03-05,1.863053723408785,2.334701757028911,1.780474712871463
2013-03-06,1.865117862573413,2.3322724412897147,1.7835008687361533
2013-03-07,1.8667876366684966,2.3278496998198563,1.7823221876397481
2013-03-08,1.8731964211176435,2.326520258351804,1.7921418476262283
2013-03-11,1.8769234273604534,2.3293890046809014,1.787519146831103
2013-03-12,1.8718124929288,2.3291054445052253,1.7734114204235494
2013-03-13,1.8713368690134824,2.32908413785036,1.7651369390153342
2013-03-14,1.8798230401214873,2.3360568203731242,1.7742449350049225
2013-03-15,1.87674390211989,2.33785144288779,1.767460752158365
2013-03-18,1.8671818079465825,2.3339203386336234,1.752283545166534
2013-03-19,1.862752698643461,2.332536313334705,1.741678805921943
2013-03-20,1.8725444203678299,2.335658277008365,1.7495578648532828
2013-03-21,1.8595348666012728,2.330619999049104,1.7375827953145146
2013-03-22,1.8708741495302055,2.3372565541153345,1.7453965900211315
2013-03-25,1.8654000020463906,2.3349514958401723,1.744627077602171
2013-03-26,1.8795710972535373,2.3443921860643546,1.7649607749795493
2013-03-27,1.8812321059874213,2.348224249590204,1.7700311417648553
2013-03-28,1.8858682020110777,2.351295228095618,1.7748398743900464
2013-04-01,1.879219414841834,2.3522630036464074,1.7671038841485744
2013-04-02,1.8854370409455528,2.354502813277596,1.770125923801255
2013-04-03,1.8702292487931447,2.3496944888539133,1.7561119338883642
2013-04-04,1.8772654086313754,2.3635485902744016,1.7669311662685807
2013-04-05,1.873124645202449,2.3683518439117854,1.7692859886473582
2013-04-08,1.8812998205573053,2.372868612212917,1.7774880848123698
2013-04-09,1.8881179227571347,2.375261256249677,1.7869210068596688
2013-04-10,1.9045031586137813,2.3814409773583183,1.801141915515625
2013-04-11,1.9091603252502458,2.3859723608168433,1.8069523699307615
2013-04-12,1.9034072890119103,2.3903121282407187,1.7942300426494033
2013-04-15,1.8680978578711949,2.3695599003091985,1.7536063749342805
2013-04-16,1.8918858105171914,2.384325617131147,1.7863768023253914
2013-04-17,1.8697893348095382,2.3719891979814607,1.762484900663849
2013-04-18,1.862568029425853,2.3678145309685563,1.7612314154330493
2013-04-19,1.8777997290444295,2.3790330959906116,1.7876347572462588
2013-04-22,1.8844796952264145,2.3825635344514025,1.7910407816960512
2013-04-23,1.8978313409548617,2.389763246466171,1.8002604236503623
2013-04-24,1.9003834965154784,2.3907839725566165,1.8077657274663348
2013-04-25,1.907077636309527,2.3908373917655497,1.8135536669659484
2013-04-26,1.902616830504228,2.391424821201076,1.8010446030082226
2013-04-29,1.9143073771129788,2.3995910099574163,1.8182263703170307
2013-04-30,1.9222404211728659,2.405720534341173,1.842007966689826
2013-05-01,1.9083423374622075,2.3981422362312594,1.824486156338121
2013-05-02,1.9219356004427375,2.406105834362923,1.8377988509631962
2013-05-03,1.93507387228315,2.4080825856315844,1.849401077784772
2013-05-06,1.9383408713723524,2.4094493277713087,1.8552100376345333
2013-05-07,1.9467044050456548,2.413648591969904,1.8670080220003529
2013-05-08,1.9547387416432453,2.41851649164649,1.875141047545159
2013-05-09,1.9480924947613971,2.4130365370641504,1.862248691535344
2013-05-10,1.949246708027731,2.4134105397180745,1.8579000576654054
2013-05-13,1.9476164980021602,2.4137030300894406,1.8530772863473601
2013-05-14,1.9606638620499937,2.4189693297167776,1.860920492425546
2013-05-15,1.9686986933139883,2.4273014400479123,1.8698956773278754
2013-05-16,1.9625444404046588,2.426473952837012,1.8619043217020637
2013-05-17,1.9750358080136678,2.43160216330534,1.871221537428025
2013-05-20,1.9755679683241276,2.4306156458305552,1.8757274556195414
2013-05-21,1.9775746659644005,2.4341213653007148,1.8787534062590117
2013-05-22,1.9616365715430428,2.4182776756968187,1.8462597328719772
2013-05-23,1.9540042332370906,2.411579753267297,1.8227764611813537
2013-05-24,1.9502459554272604,2.410403098342099,1.812331471025572
2013-05-28,1.955810468472229,2.404388869841131,1.8102922259152971
2013-05-29,1.9428178225761978,2.3969832134897437,1.7802330417010905
2013-05-30,1.9462362641858555,2.397567370720216,1.7725578621487277
2013-05-31,1.9219393144950143,2.3810779280537155,1.7443859944892428
2013-06-03,1.9332707851853352,2.3870978185947838,1.7626671364981943
2013-06-04,1.922010225733636,2.377549803632618,1.739914190146373
2013-06-05,1.8995032770946239,2.364481996760271,1.7165258669408898
2013-06-06,1.9147642930686184,2.376700255743637,1.734558096126599
2013-06-07,1.927163570654145,2.384401507959029,1.7373766637112866
2013-06-10,1.921905797230943,2.3815285353279587,1.7232504716703632
2013-06-11,1.9031659035086577,2.371690176116565,1.6970016094384828
2013-06-12,1.8897468769539534,2.361422478459672,1.6817521112893046
2013-06-13,1.9172410113278031,2.382767986706469,1.7162706170808555
2013-06-14,1.9059858881157445,2.3771208082980335,1.7026283383010872
2013-06-17,1.917511186941379,2.383464048620757,1.714743087498208
2013-06-18,1.9283883793488261,2.3905665158158538,1.7243831000665948
2013-06-19,1.8982198050110235,2.3676062948678456,1.6804105417120252
2013-06-20,1.8511028515249028,2.3344555301309784,1.6171115597510366
2013-06-21,1.8575025032258456,2.329623586393263,1.634240296678994
2013-06-24,1.8359132833308034,2.312158788578947,1.6114791110405022
2013-06-25,1.8540076433890367,2.3226282921675043,1.6379479527658405
2013-06-26,1.8722576132661897,2.3377586962611323,1.6604680076796015
2013-06-27,1.8875597745050674,2.349175763938798,1.6863638187318237
2013-06-28,1.8837371571445343,2.345415768611623,1.6857534241230767
2013-07-01,1.891693038602471,2.3528929669351855,1.6901877423865637
2013-07-02,1.8872679359025992,2.3520081534007358,1.6830063303730725
2013-07-03,1.8842650571741348,2.350458933914745,1.6736903735505688
2013-07-05,1.8908460463324248,2.3454147072277407,1.6727358510210177
2013-07-08,1.8999093376658696,2.358079546566464,1.677269994801928
2013-07-09,1.9135004729218807,2.3663333441620638,1.6963943121272702
2013-07-10,1.9105597913607715,2.362955094887444,1.689747120664169
2013-07-11,1.9441379533027705,2.3853442964087948,1.7428644028766411
2013-07-12,1.9407847119463406,2.3841514488765214,1.7324165516460848
2013-07-15,1.9493491415973643,2.3908933804819665,1.744094415112312
2013-07-16,1.9465112608900355,2.3895280221184088,1.7453564122554088
2013-07-17,1.9532230390939482,2.3950597645005907,1.7553132923187158
2013-07-18,1.9568157708959486,2.397695427233283,1.7527331874330367
2013-07-19,1.9591294114399653,2.4031446730957393,1.7513237719130303
2013-07-22,1.9649620400597707,2.4069055215791355,1.7613000184313878
2013-07-23,1.9649782138592315,2.4040367790957817,1.768008908460278
2013-07-24,1.954618062240359,2.3958141802946415,1.749910748601118
2013-07-25,1.959451634572139,2.398705829560303,1.7564141986530832
2013-07-26,1.9601210763775423,2.399343582093474,1.7556112708206506
2013-07-29,1.9522242641535752,2.3963507979482395,1.7410870845943034
2013-07-30,1.9511953817794057,2.395818462592165,1.7381411285069173
2013-07-31,1.9492495520143849,2.397572062626323,1.7275434696939027
2013-08-01,1.9658532001153797,2.4007352934413295,1.7464905872901462
2013-08-02,1.968670755440001,2.407199124650009,1.745353896782957
2013-08-05,1.9652494163081928,2.406427642214284,1.739344159053545
2013-08-06,1.9540905900385759,2.3994715110313662,1.7246222184355116
2013-08-07,1.9474630139538172,2.3982617236271295,1.713295342973077
2013-08-08,1.9575792699583094,2.4037837829884676,1.730603199495612
2013-08-09,1.9555967439025335,2.4019652865301055,1.7334653766271586
2013-08-12,1.9557902610789177,2.3998934764950834,1.7378264547742581
2013-08-13,1.9583570760119124,2.3969037764023127,1.7397948705855766
2013-08-14,1.9521058900244936,2.3901075360778963,1.7380771730511326
2013-08-15,1.928895747025515,2.371666494736508,1.7143743495989179
2013-08-16,1.919414731733084,2.364513482168977,1.697543451736811
2013-08-19,1.9044061116694286,2.3540790639052727,1.6746303931105102
2013-08-20,1.9127682588372807,2.3628338500497352,1.683187485403864
2013-08-21,1.897673427612518,2.35181395947421,1.6606384599418245
2013-08-22,1.9137017971150345,2.3620294065719953,1.680195112748475
2013-08-23,1.9229385012373559,2.3699136230196536,1.6946380183249778
2013-08-26,1.9159592216302268,2.368984204925579,1.6830145507834426
2013-08-27,1.8910751888029025,2.357709025646384,1.6542204550091717
2013-08-28,1.8946265021211937,2.358278485128204,1.6559032194178742
2013-08-29,1.8994156215170634,2.362580726812517,1.6633854140056379
2013-08-30,1.896316607112224,2.3573528887143027,1.6647038108237369
2013-09-03,1.901699878402611,2.357980008925225,1.669396737796264
2013-09-04,1.9164442622536462,2.3636201869263944,1.690668148478193
2013-09-05,1.9177930787890765,2.35528281945282,1.6981555742382632
2013-09-06,1.9249794508882474,2.360975900779558,1.7146430485101323
2013-09-09,1.9462107433190134,2.3728661417192396,1.747975369553241
2013-09-10,1.9566245726204459,2.3773883352786727,1.7587840360092297
2013-09-11,1.9626090112658154,2.3852450035305117,1.7635810706697848
2013-09-12,1.9550790994325564,2.381066582856513,1.7501482582930166
2013-09-13,1.9604504755241101,2.385250243352155,1.757955502822298
2013-09-16,1.972338254391599,2.393793222577123,1.7738912433093437
2013-09-17,1.9775336907542114,2.399472385616988,1.7746595904734537
2013-09-18,2.009854269541724,2.4227176665034844,1.8276160423232468
2013-09-19,2.0056507416697227,2.4193177465539555,1.8215162029363472
2013-09-20,1.988819551930902,2.4124282833816726,1.792384675770154
2013-09-23,1.9837364588408086,2.4089744035458733,1.7906199882703528
2013-09-24,1.97853003637308,2.4100396377062356,1.7795040081243736
2013-09-25,1.9735690544052986,2.409244472367384,1.7719662810879682
2013-09-26,1.9799546188287855,2.4127024424794534,1.7796406480214175
2013-09-27,1.9707411569573585,2.4090367795543575,1.7653847173241546
2013-09-30,1.9597037930130994,2.4026694063869014,1.7492839691488367
2013-10-01,1.9759608237974082,2.409229752627098,1.775099683705071
2013-10-02,1.976499990192315,2.41019743765645,1.7782524331862584
2013-10-03,1.9627337662448876,2.402332199984347,1.7642020820467113
2013-10-04,1.975216497100577,2.408400183994257,1.778854991668661
2013-10-07,1.9624268525248447,2.3997621801348052,1.7679836690421125
2013-10-08,1.9443260053042346,2.3879105907051286,1.7493746809518966
2013-10-09,1.9470617035547997,2.387522524497256,1.7560442666541194
2013-10-10,1.9824596644756443,2.409602144832743,1.7968502931334949
2013-10-11,1.992746222256994,2.416390102608672,1.807943380592273
2013-10-14,1.9987887863017073,2.4175975245530683,1.8155654595809607
2013-10-15,1.9863597835647884,2.409816448285113,1.8014819169425202
2013-10-16,2.0092523160455893,2.429590749036021,1.823190188211229
2013-10-17,2.021905001212859,2.4402194565771427,1.8379768735478235
2013-10-18,2.0312435356036502,2.449348473901117,1.8425938880323678
2013-10-21,2.029936276884349,2.44806016575142,1.8390945281595024
2013-10-22,2.0423349850701245,2.458961909434068,1.854342011706162
2013-10-23,2.029296585271461,2.4537431482626384,1.8316371931230322
2013-10-24,2.0327515968452183,2.456529801764296,1.831807120878972
2013-10-25,2.041241585881522,2.4616546097804766,1.84303210667287
2013-10-28,2.044144795303673,2.462586195069506,1.8464277615287217
2013-10-29,2.0518648758696805,2.469724493193892,1.8504911336187437
2013-10-30,2.0423292132368793,2.461989037657324,1.8395563840861278
2013-10-31,2.0351579513148153,2.459257463811732,1.826898868502506
2013-11-01,2.0379487752721457,2.458161393937744,1.8306289152952342
2013-11-04,2.044803046697639,2.4631313694248975,1.8386268259851666
2013-11-05,2.032217841388158,2.4556129793447936,1.8133948665326716
2013-11-06,2.0401276958132013,2.4629696210221357,1.8185172519968618
2013-11-07,2.017719599837589,2.4515677427302496,1.7910755835151921
2013-11-08,2.0308238945806614,2.4555398442646563,1.7924099866564012
2013-11-11,2.029493639337154,2.4548833490480435,1.7887421931135066
2013-11-12,2.0248247771271273,2.452326456102714,1.7814947999750745
2013-11-13,2.0372030725723382,2.4640936835181697,1.7901408989921852
2013-11-14,2.049971184849776,2.4735884364511374,1.8088593335870715
2013-11-15,2.061505257522202,2.478354279984389,1.8285604173069154
2013-11-18,2.0596659319021553,2.4777203733944266,1.8315978048412254
2013-11-19,2.0534205332109154,2.4715630371135187,1.8225190907511504
2013-11-20,2.0432585110226302,2.464321621672511,1.8046472415425303
2013-11-21,2.054553126792412,2.4738658663952924,1.8116253470853405
2013-11-22,2.063343320892759,2.4809461077241455,1.8192308345369999
2013-11-25,2.0581982391428353,2.481040671023017,1.8062146607110534
2013-11-26,2.0593182259213676,2.4817324514635,1.807891239001476
2013-11-27,2.0652937764609987,2.484872974706746,1.8178363358435965
2013-11-29,2.0666841205832895,2.48475291183075,1.8225733217043762
2013-12-02,2.0552612050452024,2.4765330250305437,1.8012446935967894
2013-12-03,2.0488823920462758,2.473968114972102,1.7950701839719578
2013-12-04,2.047751853284778,2.4699717888609842,1.795204103539478
2013-12-05,2.0398588416138472,2.4624302100058375,1.7887071111014352
2013-12-06,2.061928162749058,2.4759403631570662,1.8160875458221344
2013-12-09,2.0665691454707504,2.4802767157407,1.8205523081609862
2013-12-10,2.0623187788553174,2.479057265764172,1.8176296145092015
2013-12-11,2.0385306983584432,2.465522181610765,1.7846337736416396
2013-12-12,2.0315528179862974,2.4600530869470925,1.7760234558510928
2013-12-13,2.032475806487767,2.4606372554882374,1.7786464258136143
2013-12-16,2.0429939009941096,2.4678582581610646,1.7891326118453232
2013-12-17,2.0373873917311123,2.4672176964655756,1.7815118673707746
2013-12-18,2.0665754808923755,2.483316076365676,1.814353778261232
2013-12-19,2.0579678033334576,2.4796614806979234,1.7944015578675525
2013-12-20,2.066411424497233,2.487971931762075,1.7992138328252092
2013-12-23,2.0756025306987773,2.4926469191893865,1.8093752077293774
2013-12-24,2.0797578867446176,2.4927795830759196,1.8158431650528821
2013-12-26,2.084029598020813,2.497092429632035,1.8128783998185793
2013-12-27,2.08863136938431,2.497593336778835,1.8257327914415453
2013-12-30,2.090024870599215,2.49881809417866,1.8292026837214175
2013-12-31,2.0978017080020916,2.502242866566539,1.837002193755841
2014-01-02,2.0739524333590547,2.4934189450907285,1.7990882508024073
2014-01-03,2.0738740717791804,2.4938097934865913,1.799400075331361
2014-01-06,2.0682891037128623,2.492885026934185,1.7913658684278924
2014-01-07,2.0782474145327456,2.4996959275282333,1.800039165007839
2014-01-08,2.076109610730096,2.4954203927597756,1.7953106325930206
2014-01-09,2.076056866626107,2.4981806312766697,1.790925217283887
2014-01-10,2.087620335052442,2.5084926381938324,1.813381364798227
2014-01-13,2.0660743857167803,2.4965340613022216,1.7931442084874814
2014-01-14,2.083673041368165,2.5050863673911743,1.8111905868761295
2014-01-15,2.0912365022815758,2.5092220031663244,1.8167167774315505
2014-01-16,2.088979147852749,2.511423734650178,1.8118249675336577
2014-01-17,2.0815185840531005,2.5078713175615692,1.8028235418755736
2014-01-21,2.086051242882467,2.511519194097475,1.8065743689714775
2014-01-22,2.0901900683256422,2.508942750386643,1.8205563022850024
2014-01-23,2.073021924806461,2.5046401714348687,1.7931521147365963
2014-01-24,2.036943984505201,2.4865989339191916,1.7541259382290495
2014-01-27,2.0279681515879813,2.4785689633193555,1.7452504420404809
2014-01-28,2.038768028504166,2.486877519828726,1.7568890339817327
2014-01-29,2.022962877654592,2.481991629837649,1.7375886200191866
2014-01-30,2.040598087029531,2.4925262134377824,1.756676896050257
2014-01-31,2.034479709326572,2.4896077266354224,1.7572633423449047
2014-02-03,1.9974093356300393,2.4728869204759594,1.7154289818669528
2014-02-04,2.0117247421243456,2.475882693672041,1.7404711023825807
2014-02-05,2.0080227201108394,2.470924474969535,1.7359639668527138
2014-02-06,2.030919965075304,2.483280321779945,1.763117355603986
2014-02-07,2.049862191105243,2.4980420166696367,1.7775844459061263
2014-02-10,2.0505617090957666,2.5014194137776937,1.7727001353325216
2014-02-11,2.0703895838951736,2.509652353731368,1.7984676258758059
2014-02-12,2.0705525711354418,2.507684425220853,1.7991852260079082
2014-02-13,2.0788736632612808,2.516157696076816,1.804415769964004
2014-02-14,2.0899642738826127,2.521860417249708,1.8195300786363995
2014-02-18,2.089726809680557,2.524065265827974,1.8139835401161806
2014-02-19,2.07857846974997,2.5160761243587686,1.8040460763346775
2014-02-20,2.0870619332625497,2.5213484245148785,1.8096738957791911
2014-02-21,2.0879588523618327,2.5215387547966683,1.8158363621696576
2014-02-24,2.0953305716136144,2.5259223223440626,1.8199551469537136
2014-02-25,2.0930220278461777,2.5295176173137826,1.811154677094669
2014-02-26,2.094312273302646,2.5327389014796697,1.812709643574525
2014-02-27,2.1066622816269343,2.5397294521371854,1.8308818328153438
2014-02-28,2.108920080542757,2.5415578142070885,1.8299847644153404
2014-03-03,2.095494868194558,2.5380196015775334,1.8108071199526437
2014-03-04,2.1191302280377204,2.5471869608881073,1.8389068749493438
2014-03-05,2.120670904824108,2.5489743907247857,1.8396060750249243
2014-03-06,2.1260517540619097,2.5480940089536546,1.849928896706614
2014-03-07,2.1210413240028356,2.544270994954299,1.8341081186371995
2014-03-10,2.1179441999560615,2.543729652575837,1.8255710112624297
2014-03-11,2.1086412281143914,2.5385506975417513,1.8160293714512408
2014-03-12,2.110673411179845,2.54222578218621,1.8192420058502252
2014-03-13,2.090949746096382,2.5348239323727033,1.795907212651765
2014-03-14,2.088653035719859,2.531298878208962,1.8002102575462553
2014-03-17,2.1041497782258047,2.5394922412764656,1.8161549452309378
2014-03-18,2.118371841254012,2.548539537942479,1.8330699430021353
2014-03-19,2.1017651932528034,2.5363151983816468,1.8034124596684307
2014-03-20,2.1108247659662673,2.5410839882729412,1.8109436169232938
2014-03-21,2.1085194935541716,2.5392673981375995,1.8181975256821308
2014-03-24,2.1053962206840713,2.5373472891803526,1.8215474125202735
2014-03-25,2.115470607146317,2.5405754054599305,1.8379014962624118
2014-03-26,2.1063131985143575,2.53810831289826,1.8311748301945958
2014-03-27,2.1079018854203673,2.5371212674033092,1.8443064968791494
2014-03-28,2.1168381397375815,2.539803010079832,1.856542194738779
2014-03-31,2.1307446256013876,2.5482131870085936,1.8704500634347265
2014-04-01,2.1430633355514037,2.552614492195438,1.886506638017035
2014-04-02,2.1477180208870275,2.553483276616824,1.8904088082519452
2014-04-03,2.1448437717682802,2.5532604028477213,1.8852413285988385
2014-04-04,2.1291474285810668,2.545960615905279,1.8780857863903864
2014-04-07,2.1160700209428254,2.5369738710631444,1.874252339816665
2014-04-08,2.1260347180408816,2.542969319963702,1.888861782371306
2014-04-09,2.142703334122776,2.553982273357666,1.9028319576481716
2014-04-10,2.110564989307328,2.5360551179437634,1.8749883181482803
2014-04-11,2.0981617640567523,2.5284570533619886,1.8666089331339917
2014-04-14,2.1087926259692047,2.536836835281237,1.8722111061580298
2014-04-15,2.1149115570622743,2.543862454781263,1.8676859885889567
2014-04-16,2.13356321577396,2.5552580273333523,1.887961735734394
2014-04-17,2.136318959985614,2.5517172347170707,1.8951832624677276
2014-04-21,2.1398393824529673,2.555126436568543,1.8940888371677167
2014-04-22,2.145495381302643,2.5594883154039767,1.8959185887086856
2014-04-23,2.140167998249286,2.558642628117078,1.8868733038983454
2014-04-24,2.1439994653552366,2.562135517430395,1.8903932051123455
2014-04-25,2.1284689080102885,2.5540053493661126,1.8715803538823765
2014-04-28,2.1347182922462995,2.5562363770159067,1.8802287987104656
2014-04-29,2.1440653186665553,2.5616982496422547,1.8919478559229523
2014-04-30,2.148757111321282,2.5678761260484593,1.8935929327327377
2014-05-01,2.1502195626517526,2.570228527753296,1.8958884995520668
2014-05-02,2.1502401368675548,2.5705991940839175,1.8994163571348088
2014-05-05,2.151372470859927,2.5719989313061165,1.896754796776964
2014-05-06,2.1405167807479115,2.5641745649116507,1.892956084724265
2014-05-07,2.1513418535620303,2.570214999725798,1.905469693847175
2014-05-08,2.1496506973605043,2.570106967506104,1.9032540371160285
2014-05-09,2.1509532535302633,2.5702297977519595,1.9028500079170034
2014-05-12,2.169276985401789,2.579006079928672,1.925918903208818
2014-05-13,2.171605821475874,2.5824860428636436,1.9280572223413
2014-05-14,2.16815745091726,2.5819308541596637,1.9318665789496152
2014-05-15,2.1539018158286987,2.576069792869067,1.916966813322248
2014-05-16,2.1630680621850242,2.5779418127647316,1.9347522778739845
2014-05-19,2.167607532620532,2.5811641813870976,1.9358357516199818
2014-05-20,2.1562793239954,2.5753367296763963,1.922864629884239
2014-05-21,2.1693998955858196,2.583447348401464,1.9336382267598957
2014-05-22,2.1745116350183418,2.585266097315383,1.9414318316782038
2014-05-23,2.18082828977847,2.5909954637402373,1.9450212016644042
2014-05-27,2.187968809036974,2.5988363939791435,1.9429591943473752
2014-05-28,2.1890630030511136,2.6023123644485713,1.9461066679510044
2014-05-29,2.197185121765378,2.606898534115305,1.9528571377540012
2014-05-30,2.1962080503945764,2.61001626469949,1.9420619510656012
2014-06-02,2.197883653936951,2.6065041764725208,1.946737669839014
2014-06-03,2.197739764007964,2.6018428401531857,1.9516394929220144
2014-06-04,2.199024166349586,2.603417413256979,1.9482047392122357
2014-06-05,2.2137824878295165,2.6123212186413434,1.9686015756028343
2014-06-06,2.222963262468854,2.616455840386437,1.9792010356396437
2014-06-09,2.2239430088313714,2.6160923619418983,1.9788700783439657
2014-06-10,2.224359561915795,2.613897457037462,1.9808336672272315
2014-06-11,2.218317118407721,2.6113937100745335,1.9742751319552914
2014-06-12,2.2071655505767063,2.6070006824124587,1.9637917734459187
2014-06-13,2.21180728280731,2.6097384617961543,1.9674207548594713
2014-06-16,2.210881072535501,2.609735550901661,1.96243025684486
2014-06-17,2.2144947059736477,2.6097599230813233,1.965664482851003
2014-06-18,2.230065085628155,2.6216170623596824,1.9831083323731593
2014-06-19,2.230248955293406,2.6204967326808473,1.981994636913744
2014-06-20,2.233582730928098,2.625373895409055,1.9830451814350367
2014-06-23,2.2317483158384284,2.623611492602673,1.9796292910300262
2014-06-24,2.2236045233627415,2.6199733338117106,1.974742886946803
2014-06-25,2.231071784074588,2.626883545381294,1.979370433747631
2014-06-26,2.2310158706100998,2.629147854454706,1.9794590698095726
2014-06-27,2.235308879722621,2.6311995821698786,1.985595936437978
2014-06-30,2.2335213959058513,2.6308047331538886,1.9820090205277698
2014-07-01,2.2461603177329774,2.635946020631933,1.997166082962853
2014-07-02,2.24788044843761,2.631549025411406,2.0022204434697106
2014-07-03,2.256040220216827,2.6357776527319046,2.0092142817242524
2014-07-07,2.2515551536716174,2.6324843426038966,2.006870903720754
2014-07-08,2.2425958544918134,2.6289128088554485,2.0008937849550126
2014-07-09,2.2510768476220586,2.634912439737182,2.009472328922672
2014-07-10,2.2446319919587463,2.631479901465553,2.0046900539409083
2014-07-11,2.2467306179814948,2.6351002816964266,2.0043230315993923
2014-07-14,2.2562831555411886,2.6390698203213825,2.0169747499465154
2014-07-15,2.2530203014022225,2.6350622115915527,2.0157570488139096
2014-07-16,2.259585316510801,2.6402623599739794,2.02173388930849
2014-07-17,2.2385984876990292,2.6329189366414827,1.9949750015540695
2014-07-18,2.258103726707096,2.6418378704796464,2.0203995924305453
2014-07-21,2.256468959928761,2.6404458526368164,2.0207789983271844
2014-07-22,2.2665945185871,2.647647333839475,2.033717595469258
2014-07-23,2.270201236378243,2.650284374372855,2.036704602872832
2014-07-24,2.2702382105435253,2.645395023716887,2.04043236849082
2014-07-25,2.262578846234418,2.6434900522207663,2.0303135453906105
2014-07-28,2.266385138672496,2.644206541098071,2.041207692828963
2014-07-29,2.2584084519624703,2.641274357952029,2.030451429459605
2014-07-30,2.2550652786346124,2.6357641749215857,2.0244985976207244
2014-07-31,2.2202315140392352,2.612990333532294,1.9894360568253981
2014-08-01,2.2194754944375807,2.6158164213855546,1.9919866620057538
2014-08-04,2.2328128874855167,2.622935491300967,2.0082618191750163
2014-08-05,2.213598593377376,2.6129126620239784,1.9829894148947613
2014-08-06,2.2117054905954854,2.613382648105783,1.9753844243410597
2014-08-07,2.2042345336521123,2.610738793021609,1.9701510205230883
2014-08-08,2.223148456548892,2.6233436807822033,1.986536362479183
2014-08-11,2.2320158294633194,2.6265340737664395,2.0052094507454186
2014-08-12,2.230165912296212,2.6243472239702443,2.0050494074666196
2014-08-13,2.243514680396051,2.6346382284174714,2.022170333668957
2014-08-14,2.250508813786347,2.640508531584222,2.0246843937788204
2014-08-15,2.2503186934396613,2.6441702225737354,2.0209681271422557
2014-08-18,2.2649909565243336,2.6497922291855542,2.0402788802449376
2014-08-19,2.2732517242296355,2.6532424591476813,2.0482234013619736
2014-08-20,2.276211854107286,2.6544040805315245,2.049731006093832
2014-08-21,2.2793259961606616,2.6602915506195024,2.044754725288754
2014-08-22,2.2752692578508253,2.6583167507446515,2.0359997792641646
2014-08-25,2.2848130504375606,2.66510714998874,2.0440261025218405
2014-08-26,2.288038556880913,2.6659585750983905,2.0521800367407295
2014-08-27,2.289913206233705,2.667534732688537,2.058199886517225
2014-08-28,2.2866143443533913,2.670097320701658,2.0468317144438855
2014-08-29,2.290423556646608,2.6726248499820735,2.0494072081741947
2014-09-02,2.287822727337695,2.6672585063638325,2.047629879024364
2014-09-03,2.292395355041401,2.6683874907750176,2.0638191730398043
2014-09-04,2.288472954381963,2.664793241577421,2.0579520991298303
2014-09-05,2.2985977003010665,2.6687090532904745,2.07753589919766
2014-09-08,2.2903289671310465,2.6643337410882846,2.063259788463792
2014-09-09,2.2760129930615736,2.6553802475582713,2.0436244212817725
2014-09-10,2.2772091391228773,2.6571812986960732,2.024100203112385
2014-09-11,2.276114054312318,2.656799624813958,2.0174396929009
2014-09-12,2.260067268392203,2.647354984129265,1.9773913190581816
2014-09-15,2.2567294068553156,2.646264356040866,1.9675914636347094
2014-09-16,2.272430118256991,2.654250340233632,1.990393767067238
2014-09-17,2.270601679050586,2.653934195796949,1.9800502944148581
2014-09-18,2.277428434648615,2.6597780156002493,1.9736195036389528
2014-09-19,2.274544245370708,2.6614392112652507,1.9665853919826337
2014-09-22,2.2585997918216605,2.65533993819262,1.9432698503072767
2014-09-23,2.248554104110582,2.6507033045028128,1.9309091093480417
2014-09-24,2.263279498320984,2.6579719068291356,1.9435786991935613
2014-09-25,2.2343690870763933,2.6438158827855207,1.9164923189509562
2014-09-26,2.247952079775689,2.6520148345361583,1.9329609781146875
2014-09-29,2.2392392656833335,2.6518421016607356,1.9105471500590638
2014-09-30,2.2348303516025116,2.6480382337760964,1.906126729984979
2014-10-01,2.212630808371429,2.642669234265013,1.8859237303961178
2014-10-02,2.213588119812418,2.64019557860968,1.8898692504942818
2014-10-03,2.23143196162943,2.6509110161519738,1.9040178684731146
2014-10-06,2.234698921731044,2.651124857471218,1.9209240304031376
2014-10-07,2.2119573823997847,2.6408872968699457,1.9045925646295832
2014-10-08,2.243575249291213,2.6636362641849356,1.938149776370196
2014-10-09,2.2108387730576218,2.639391124324081,1.9196678832534766
2014-10-10,2.1892872705540825,2.628685003692059,1.8953652612144398
2014-10-13,2.1723965181480236,2.616454224556092,1.9072658732662573
2014-10-14,2.1790843575191468,2.621656481864772,1.9262898347419701
2014-10-15,2.1667786273472363,2.617715319806031,1.908814266645152
2014-10-16,2.1626526882140102,2.6155411817406438,1.8998133563789639
2014-10-17,2.1807073763067053,2.6252298060627006,1.9133239324160856
2014-10-20,2.1964651622198668,2.6369949733415363,1.9285930558030615
2014-10-21,2.2242709563400225,2.6558816976451234,1.9406775644309717
2014-10-22,2.2125128967637475,2.6475624364935064,1.933336480942001
2014-10-23,2.227620131051403,2.6558654546914413,1.9393153750610381
2014-10-24,2.2402104591891816,2.6645407576634583,1.9468013336267351
2014-10-27,2.2369424711560186,2.663666612767422,1.9438533609968063
2014-10-28,2.2584732488592207,2.6733322282118994,1.9702050706448198
2014-10-29,2.25520133283698,2.6682213461890103,1.9672767203090231
2014-10-30,2.2684029711969664,2.6776928747233635,1.9832318107156683
2014-10-31,2.2869211266578087,2.68999474192777,1.9985234894385615
2014-11-03,2.285176263480629,2.687556238166135,1.996013612737514
2014-11-04,2.280920032373839,2.683973955917007,1.9984625832583978
2014-11-05,2.286706944886551,2.69132857072437,1.986157927350501
2014-11-06,2.2866308753087505,2.692850571816546,1.9654341085754823
2014-11-07,2.2913226924804593,2.6993030471676933,1.9718815217456953
2014-11-10,2.296461112194685,2.698890781056848,1.9815460812830845
2014-11-11,2.2972628876609313,2.7006911032917262,1.9772937672771023
2014-11-12,2.294266344263798,2.699665093481502,1.9689892144390346
2014-11-13,2.2958669921501396,2.7016262457424447,1.9701464199691459
2014-11-14,2.298243044689926,2.7033636975374913,1.97337514723677
2014-11-17,2.295752881091519,2.7021444509345884,1.964275340941268
2014-11-18,2.3064726392003303,2.709902155339591,1.9739855955634475
2014-11-19,2.301883798699376,2.704320544810004,1.966298240018578
2014-11-20,2.3050506492283636,2.7091784191090498,1.9668977963253709
2014-11-21,2.3239284067981116,2.716950994258875,2.0093401807871367
2014-11-24,2.32582030074173,2.7206296416845186,2.0021179037098986
2014-11-25,2.323939883040425,2.7233585273237066,1.9957854126648316
2014-11-26,2.3331896157001624,2.7275061602775486,2.0186859347604593
2014-11-28,2.325384247948799,2.7301608792554575,1.9963362263528222
2014-12-01,2.3087168874348634,2.7188318694672504,1.9739904209577934
2014-12-02,2.3176068347832333,2.722676536555054,1.978713913446737
2014-12-03,2.3233969023687657,2.7254641747684705,1.9810638391446773
2014-12-04,2.3240604638049303,2.728976645619797,1.985251812905623
2014-12-05,2.3231830398304836,2.724043305816247,1.978577230417225
2014-12-08,2.310958004106423,2.7203330969603092,1.9683431158186429
2014-12-09,2.3083630834989015,2.7220238300313695,1.9623843638133567
2014-12-10,2.281805146498186,2.7066420666632283,1.9458615122231713
2014-12-11,2.2864043611358458,2.7117040476288525,1.9387829050225767
2014-12-12,2.2592422428524004,2.6986903724569817,1.9139355383864023
2014-12-15,2.2426979591534124,2.6867935827050364,1.8876968933947633
2014-12-16,2.2322247058858484,2.681933790573307,1.8848847300165814
2014-12-17,2.267698407621471,2.7011624311552525,1.9281974684488181
2014-12-18,2.305632442840049,2.7243002485498047,1.9485072799047567
2014-12-19,2.3144620443728527,2.731721574796805,1.9553203705728048
2014-12-22,2.328019331832862,2.7394113615057667,1.9850713988542963
2014-12-23,2.3246586485395504,2.733580838853902,1.9728049747706526
2014-12-24,2.3254711673229203,2.7354174546281604,1.9713949624378766
2014-12-26,2.3331618515785797,2.739831617206738,1.9829939067952769
2014-12-29,2.334891750447587,2.744709752254558,1.9816098466216505
2014-12-30,2.328198759692362,2.7402830046855904,1.9830842056604878
2014-12-31,2.3121962586399647,2.729373923103692,1.9682381698464329
2015-01-02,2.310586242864379,2.7332639319442187,1.9679990642996512
2015-01-05,2.2813317243986555,2.71631237664383,1.9545193323016805
2015-01-06,2.2694252454281005,2.709009455908243,1.9601366159668365
2015-01-07,2.2948741820492216,2.7233769676324493,1.9962987140087132
2015-01-08,2.3245527900726946,2.7421390395657514,2.016990276419949
2015-01-09,2.3133562084951285,2.7361675577178395,2.0141356448043686
2015-01-12,2.3012140523608573,2.728003623828041,2.013641954406864
2015-01-13,2.299849594562409,2.7250662069585356,2.0208078325207377
2015-01-14,2.292002734686057,2.7216239020925648,2.0239418781727068
2015-01-15,2.2824628239425007,2.717853886577994,2.0286153396096998
2015-01-16,2.3023857419335854,2.7272586155473353,2.045951027767307
2015-01-20,2.3046185481383734,2.7324138055766363,2.0362403659430237
2015-01-21,2.317484433428351,2.735647798471517,2.057807208215753
2015-01-22,2.3464348963818953,2.7525782757507407,2.0957694687606216
2015-01-23,2.3370202430238907,2.749803140318202,2.0848695574232368
2015-01-26,2.341421551568902,2.751935076339328,2.0941490320679437
2015-01-27,2.320808025999154,2.7351689878136916,2.088870706493481
2015-01-28,2.300515242352321,2.7263765842889676,2.0706137263414917
2015-01-29,2.3133795010859304,2.736011339925745,2.0742863382337386
2015-01-30,2.2861726840392356,2.726603097099595,2.024557195276437
2015-02-02,2.3082830754078714,2.7410738187356736,2.0397566390943
2015-02-03,2.333607221219752,2.75229228537348,2.0678475042682747
2015-02-04,2.326831215016068,2.750059986093608,2.0584611023914787
2015-02-05,2.3435476322772137,2.7579089495828657,2.0767436448604384
2015-02-06,2.327569211965854,2.743352841147493,2.0301522785471344
2015-02-09,2.3197422531052845,2.737925412802976,2.0217010245867697
2015-02-10,2.333918339157758,2.747368083351657,2.022543364973929
2015-02-11,2.3318942358014136,2.7470283810407827,2.0122175862998275
2015-02-12,2.3537998174318537,2.758187094259029,2.0457816604673944
2015-02-13,2.3618796925471015,2.760135453182261,2.0515632667866623
2015-02-17,2.361235515044572,2.7549919499621076,2.0469359735160704
2015-02-18,2.363823832623583,2.760314654885445,2.055509871598397
2015-02-19,2.358242483931223,2.7567134952649437,2.0304842234979783
2015-02-20,2.370371742470014,2.7640268601128777,2.0468200447164366
2015-02-23,2.3688720110404073,2.7673844013116633,2.043734056791344
2015-02-24,2.376988290343194,2.7762467659628536,2.040183008276419
2015-02-25,2.3754920735976106,2.7765343631751693,2.0382868334064286
2015-02-26,2.370751958601903,2.7686284489015285,2.0283262097218255
2015-02-27,2.367736790156354,2.7696626889889178,2.034669086245741
2015-03-02,2.3748070090551106,2.7684340482899685,2.038732787333214
2015-03-03,2.3655564603190484,2.7618502223235653,2.028697314317269
2015-03-04,2.3550117228481695,2.757590386926615,2.0081174351881748
2015-03-05,2.3567144534707816,2.759686017247515,2.009282301302465
2015-03-06,2.3242430306048156,2.7318599215045634,1.9619577475385652
2015-03-09,2.3311824793347493,2.7407569222483072,1.9636784812323285
2015-03-10,2.3021043387557243,2.7260174158590127,1.9368811302889233
2015-03-11,2.3020841724748626,2.72657654896936,1.946234673923567
2015-03-12,2.324448362168905,2.742456319655241,1.9671588700796436
2015-03-13,2.3110685104255007,2.7324888080912397,1.9525335434400233
2015-03-16,2.335945777324647,2.751191499926023,1.9746479206238428
2015-03-17,2.335034729002114,2.7475080467412174,1.9878262138527123
2015-03-18,2.36585621662274,2.773280652806934,2.033524188667897
2015-03-19,2.3522387547050503,2.762422227250675,2.012711122271147
2015-03-20,2.374312165512942,2.777991741934867,2.0510588799098577
2015-03-23,2.3723185453343976,2.7760001352042347,2.0535783031508212
2015-03-24,2.36550703645074,2.773635390799266,2.051177770405157
2015-03-25,2.336139253350012,2.7534219935361777,2.017499004441788
2015-03-26,2.327494529274923,2.7448646198517874,2.0021081182895073
2015-03-27,2.3324533621325956,2.74977299640489,2.006494067499905
2015-03-30,2.3578334035353805,2.764591782047867,2.041046534858694
2015-03-31,2.344156613133523,2.7571308446402387,2.0309851056148696
2015-04-01,2.3443246578152923,2.7582913648231098,2.044782317791101
2015-04-02,2.3545559774832125,2.7603677445201638,2.0693235895778295
2015-04-06,2.3699738819848726,2.7692440035245323,2.093824813587165
2015-04-07,2.362265830687968,2.7660988136625146,2.0728264900752884
2015-04-08,2.3741241882086586,2.769908026731537,2.0969105102027212
2015-04-09,2.379857943749727,2.769609457428701,2.0870988284217074
2015-04-10,2.387898032531474,2.775437921338529,2.0871666777795155
2015-04-13,2.379536516429485,2.772234500155786,2.078085968922143
2015-04-14,2.384744696206582,2.7762182130404116,2.086439442933245
2015-04-15,2.393261194387105,2.7829768933965915,2.0868820787078093
2015-04-16,2.39556051081335,2.7818776595025394,2.098176915963518
2015-04-17,2.372671491284758,2.7705947679577703,2.0739875287279785
2015-04-20,2.3853758498881072,2.7792266465194024,2.0743694253497744
2015-04-21,2.3852972687983156,2.7762261191687685,2.082504024909631
2015-04-22,2.394879635385758,2.7766904253982543,2.0964358170498962
2015-04-23,2.402101536999064,2.7820526210961747,2.107330296887578
2015-04-24,2.4078091620738555,2.787480705168303,2.113487314469319
2015-04-27,2.4030302989275674,2.783500571959062,2.116592103846026
2015-04-28,2.4061498193559268,2.7804658347831412,2.1165141547808246
2015-04-29,2.392205358879178,2.771459786845633,2.082628508319885
2015-04-30,2.3704143310882277,2.759974592319241,2.050031887852032
2015-05-01,2.387700305058405,2.7672009686505814,2.0638664267020927
2015-05-04,2.3930363446631704,2.7671920955175837,2.071290806891435
2015-05-05,2.369480885607941,2.7524107741664117,2.0385325695870513
2015-05-06,2.357600096576891,2.7424027839024534,2.023023533790856
2015-05-07,2.365896525117602,2.751151263888561,2.0291245287195103
2015-05-08,2.3924046180384106,2.773139842537979,2.055681355762865
2015-05-11,2.3773695227896696,2.757632226839065,2.0366751009349207
2015-05-12,2.372245856304478,2.7535431895584095,2.032425411357521
2015-05-13,2.3719200994248633,2.753663227039219,2.0311582660332372
2015-05-14,2.393446880426133,2.769646955069715,2.0549557158169245
2015-05-15,2.400831492717263,2.7771137909239347,2.068013528968383
2015-05-18,2.3998785924451878,2.7757625648510063,2.0571949917053574
2015-05-19,2.3978912458248347,2.7703480302281105,2.0575727528463768
2015-05-20,2.3972306159906687,2.7716316020423384,2.0560664117561154
2015-05-21,2.4012106038866,2.779977139077724,2.0520061572381714
2015-05-22,2.3981002420846353,2.7752011288329714,2.053894507706758
2015-05-26,2.3771401404335326,2.7643502938356557,2.027149758650188
2015-05-27,2.3927574339888844,2.7783541730051864,2.0362530790087585
2015-05-28,2.3864007286076183,2.776323285863264,2.020394201044113
2015-05-29,2.3728815530688636,2.76855359641645,2.0021629243426804
2015-06-01,2.3748360530047683,2.7672683990860816,2.0035215044034334
2015-06-02,2.371647708676995,2.760310040548136,2.0037958647697978
2015-06-03,2.3702971948214806,2.758189238867767,1.9945157262806292
2015-06-04,2.3538157917431834,2.749960000125704,1.972775635828023
2015-06-05,2.3465303516282563,2.741403415085853,1.963099387083729
2015-06-08,2.337974031041435,2.732904325449184,1.9573849013871887
2015-06-09,2.3337130936341857,2.729537578754337,1.9507198898895795
2015-06-10,2.355240883895054,2.746412974612094,1.9766363838101606
2015-06-11,2.361592306740494,2.7576039735767335,1.9744205879251537
2015-06-12,2.349704511372113,2.7435879278953865,1.9676184286588752
2015-06-15,2.339867793497233,2.737844054255217,1.95185690152885
2015-06-16,2.3495743851970774,2.7486007803318904,1.9571446265195653
2015-06-17,2.354865950925093,2.751368491113399,1.9651475989667864
2015-06-18,2.374471556176561,2.7682372597518423,1.9844758501898614
2015-06-19,2.365699473078182,2.764265395617071,1.9710759453371094
2015-06-22,2.374176885158737,2.7673208553664277,1.9905145089600789
2015-06-23,2.3762578570286683,2.7659767998996605,2.001382684547469
2015-06-24,2.363347399446902,2.7555595625905767,1.987118048327583
2015-06-25,2.3560790549885007,2.7493046898727376,1.9804244180171258
2015-06-26,2.352572968459566,2.7463637240189773,1.9704267223785077
2015-06-29,2.3158256107294672,2.718160450968772,1.927886359633928
2015-06-30,2.323017353605551,2.7208406486132297,1.9450323644784178
2015-07-01,2.3350400817363934,2.7310684305980453,1.9516888651678703
2015-07-02,2.336141178499915,2.7310891411623857,1.9559998868591806
2015-07-06,2.3257533340941863,2.7303880934118765,1.9243421251795083
2015-07-07,2.3327878470341363,2.7421493876127827,1.914957133053937
2015-07-08,2.298859591264272,2.717162660810134,1.8688209988170184
2015-07-09,2.30471369010313,2.7160636242315204,1.88758834921346
2015-07-10,2.3291684054566573,2.7318392724507294,1.9229901831232403
2015-07-13,2.3466440814428493,2.7483411167825236,1.9365073087096056
2015-07-14,2.3545467174371217,2.7573507152464494,1.9414685912924907
2015-07-15,2.352051143172387,2.759715128542511,1.9298241305028871
2015-07-16,2.368952150848579,2.7739880176546245,1.9500332475741615
2015-07-17,2.3694167003215396,2.775512482055464,1.9479292214527102
2015-07-20,2.3675577148217104,2.7744695677017917,1.9417711014546974
2015-07-21,2.362206473120834,2.769637701105284,1.9389188752168487
2015-07-22,2.356000639068443,2.76713619029303,1.9243685910839599
2015-07-23,2.3445950140980534,2.7608443367912976,1.9069562658667607
2015-07-24,2.325617982073789,2.743400656145312,1.8879669185135017
2015-07-27,2.3125251237568514,2.7352389831061252,1.8663047567682416
2015-07-28,2.33272188734079,2.7542215975391886,1.883217933424592
2015-07-29,2.3459877739709567,2.76470540697346,1.8989834161450776
2015-07-30,2.342868137929361,2.7652015900566362,1.8873254679846023
2015-07-31,2.346575364708385,2.7669979392048143,1.9000919050192284
2015-08-03,2.3380273386709858,2.7625218544589507,1.8834182549395422
2015-08-04,2.333915247692587,2.756052597615001,1.883411800084492
2015-08-05,2.3371290217722893,2.7594933599248535,1.8832374053442709
2015-08-06,2.3233714300206265,2.747254042798423,1.8694457519843355
2015-08-07,2.321695136778024,2.746027824815971,1.867737413462592
2015-08-10,2.343728093525228,2.7652582103408334,1.8903803247131996
2015-08-11,2.326505092587007,2.7539329347296997,1.8692897965433282
2015-08-12,2.3239546179399446,2.755193426214042,1.8628375633309167
2015-08-13,2.320835594526182,2.750813225094321,1.8607661863257057
2015-08-14,2.3269817153581664,2.756295349885267,1.8667110735137682
2015-08-17,2.33395378681304,2.767443085435716,1.8688732030293262
2015-08-18,2.326223071258874,2.76060772142568,1.8604307610128212
2015-08-19,2.311991057303468,2.750971645107482,1.8437907620216698
2015-08-20,2.27726685520292,2.7184102110146595,1.8107413436392634
2015-08-21,2.224848716640197,2.6719434122056933,1.7582456931541908
2015-08-24,2.1497191123290587,2.605883381064993,1.6824982055426883
2015-08-25,2.1329923150063004,2.585671125122112,1.671268704854945
2015-08-26,2.1921916554013245,2.6371704842561052,1.7307951875240908
2015-08-27,2.239944873714436,2.676600919001565,1.7822122988614755
2015-08-28,2.235970226860073,2.6756668824507246,1.7753540084179549
2015-08-31,2.222168589444423,2.6621661146841027,1.7631576483510696
2015-09-01,2.169982274050599,2.6189348631879414,1.7080639527706292
2015-09-02,2.1995925776981218,2.646202603022144,1.7366504843829444
2015-09-03,2.2025825040985296,2.6489304111043968,1.7398752110454678
2015-09-04,2.1730468823488507,2.6271084949465697,1.7032773727208588
2015-09-08,2.2153417601084806,2.6639196939507657,1.750541483430052
2015-09-09,2.1944767341056632,2.642851123250669,1.7328772020058059
2015-09-10,2.204260451413912,2.6503009363797716,1.7456785701507795
2015-09-11,2.2142153539713427,2.6587970982695754,1.7531604873331132
2015-09-14,2.2089304556158136,2.6531547518895944,1.7482124990557553
2015-09-15,2.227552723376865,2.6683068011149813,1.7680141844708928
2015-09-16,2.246825151654884,2.6814123454560597,1.7944216796390262
2015-09-17,2.2473202973585185,2.6843618545913763,1.790338813098674
2015-09-18,2.2197594541596017,2.6587094239627267,1.75947067121153
2015-09-21,2.226142320594954,2.664142766484894,1.7636301958955698
2015-09-22,2.2029446496201226,2.645835898580654,1.7367121866069894
2015-09-23,2.196989026014098,2.6424289435391333,1.7239155793895455
2015-09-24,2.1904635104426062,2.638070285959834,1.7172180258451253
2015-09-25,2.1892297387457154,2.635815144603162,1.7154792423789094
2015-09-28,2.149199989606375,2.598800250417567,1.6750125886322165
2015-09-29,2.1531240409580326,2.6013503749062257,1.6787534049186967
2015-09-30,2.1860697960329283,2.6304152965881804,1.7169148132795686
2015-10-01,2.1919304191791946,2.635327641174908,1.7233792337474922
2015-10-02,2.2211965488592558,2.6619870457849855,1.7572655575749543
2015-10-05,2.2514969686232056,2.686345582581644,1.7912214666875033
2015-10-06,2.2471366796448473,2.6833700831050713,1.7865277755645057
2015-10-07,2.2667519108347247,2.6960095314542336,1.8116728547853291
2015-10-08,2.2827336001334393,2.7093714533972797,1.8284695446524604
2015-10-09,2.2840002421281675,2.7094436104095765,1.8296738115834497
2015-10-12,2.2853029036992702,2.713839766765598,1.831003643359787
2015-10-13,2.270928859660486,2.703445215062152,1.8137823307581864
2015-10-14,2.2671411557723644,2.6994262235787048,1.8093740875416193
2015-10-15,2.2963530276955804,2.723137985201897,1.8404118977259365
2015-10-16,2.303509296033039,2.7297208025608226,1.8487847026889652
2015-10-19,2.303559997289718,2.731909368963884,1.8526946105634576
2015-10-20,2.300672246421737,2.7276720947429474,1.8513691003271706
2015-10-21,2.2884167868318253,2.7198566197169374,1.8374263327082638
2015-10-22,2.319216607342366,2.747943864683674,1.8652729408482274
2015-10-23,2.334544546298716,2.7641642190877262,1.8704194390634756
2015-10-26,2.328572829780607,2.760498703014259,1.863938876142011
2015-10-27,2.3231987243107737,2.7587803850005987,1.8567133752766998
2015-10-28,2.335136647429765,2.7747093176569493,1.860428219473178
2015-10-29,2.32952704962323,2.769181776809315,1.8547074660303369
2015-10-30,2.323763384871573,2.7644530817031265,1.8465548026187886
2015-11-02,2.3481627144956323,2.7828397862234033,1.8778754465867138
2015-11-03,2.3539549947294436,2.785633545022171,1.8802209576330673
2015-11-04,2.3466324477370253,2.780404296116513,1.8713036266664254
2015-11-05,2.345924987653495,2.778386189900591,1.872808848049939
2015-11-06,2.3350273791127005,2.7712506108269306,1.8526200604296963
2015-11-09,2.3119887300803867,2.754437055131116,1.8242596460647036
2015-11-10,2.31642802675241,2.7606112283078637,1.8285685684878756
2015-11-11,2.310778715788007,2.752768009487869,1.8263287161172639
2015-11-12,2.287481843759323,2.7305528938854637,1.8057648927509444
2015-11-13,2.2672042574023874,2.7140244313023207,1.784139802485725
2015-11-16,2.2956373884944132,2.739703916896352,1.8119300115215737
2015-11-17,2.2941479717892297,2.739309453214661,1.809786813055441
2015-11-18,2.3206017257987255,2.76464076683793,1.8333037445163776
2015-11-19,2.322364905319791,2.7638173440076588,1.8382138334528944
2015-11-20,2.3316813778129517,2.769578329343397,1.8516078409363783
2015-11-23,2.3278150997081553,2.768049178288545,1.8465249546921054
2015-11-24,2.3309469776305956,2.7710724040724877,1.8483591837963185
2015-11-25,2.3293447172605584,2.7714716021563905,1.8458445427225594
2015-11-27,2.3260393378927677,2.7733810789141926,1.8391948709564259
2015-11-30,2.3195757093586753,2.7666246945474917,1.8330848429000028
2015-12-01,2.3389225484826834,2.7866538400904295,1.8513150662680544
2015-12-02,2.31749983320453,2.7676040814854153,1.8275032540361333
2015-12-03,2.2901618477213175,2.735969087599698,1.8054024433724918
2015-12-04,2.3238879385290643,2.7715348962698343,1.8314647353730327
2015-12-07,2.310952006581552,2.76301889467654,1.8127559944452125
2015-12-08,2.2983152413797625,2.7522472756840766,1.7974394764926642
2015-12-09,2.2842323393389994,2.739393137665329,1.7831627016731697
2015-12-10,2.285244125134805,2.743420770543754,1.7812332102712918
2015-12-11,2.2511270945441244,2.714303702874993,1.7406831566863814
2015-12-14,2.260637826186069,2.7172737488692036,1.7570017016368666
2015-12-15,2.280777737410654,2.734381487900896,1.7787396617021152
2015-12-16,2.308416060210013,2.756405458328521,1.8082795050749383
2015-12-17,2.2828696550206766,2.732618910390838,1.7823508897720794
2015-12-18,2.255974502110608,2.7058141565550846,1.7607625068028614
2015-12-21,2.26965123762103,2.7180512335489113,1.7749779374545125
2015-12-22,2.2847684949732248,2.7319365411804366,1.790342861420708
2015-12-23,2.307386891702786,2.751973573761641,1.8137245108203266
2015-12-24,2.304262599064681,2.749771441790068,1.8093073421452253
2015-12-28,2.299831444275763,2.7459963331205577,1.8018031958021017
2015-12-29,2.315695716199851,2.760841777359624,1.8140637354125213
2015-12-30,2.3007512534870256,2.7488317720541446,1.7951574961601628
2015-12-31,2.285573667725236,2.7352344971719735,1.7820603391403964
2016-01-04,2.256788329653507,2.7119381328841916,1.7477757290359195
2016-01-05,2.262400875072806,2.7151770696561615,1.7511036002694294
2016-01-06,2.241156681052467,2.6985712238083783,1.7228929379053526
2016-01-07,2.1974584335247207,2.6593505244568036,1.67512148977853
2016-01-08,2.1792590460039123,2.644112058410293,1.656924394348328
2016-01-11,2.1798884327959005,2.642759707066194,1.6574316858362936
2016-01-12,2.1914786752950146,2.6574759425840826,1.6650926600872435
2016-01-13,2.1542933077736404,2.620471774989357,1.6368791814211037
2016-01-14,2.178682777982923,2.645098621401575,1.6603770757890113
2016-01-15,2.140089180091319,2.6128631329256256,1.6085291376066242
2016-01-19,2.145359528047778,2.6139437632348286,1.6224907994064053
2016-01-20,2.1204835181866115,2.5946333572457867,1.5934833110532611
2016-01-21,2.1286950080463725,2.601717048834292,1.6009240289449975
2016-01-22,2.1670555652869603,2.6341925660551775,1.6458244613795017
2016-01-25,2.141767908177363,2.610140714424145,1.6193399417275665
2016-01-26,2.166297283739225,2.6327657155077153,1.642366107381959
2016-01-27,2.148597358753659,2.615702889105627,1.6310773937586511
2016-01-28,2.1586120424928557,2.6243169681966343,1.6488591974205176
2016-01-29,2.202583089118079,2.665277872154609,1.6963249938189873
2016-02-01,2.1994229470758055,2.6634598386592323,1.6871595525481504
2016-02-02,2.1673522206419547,2.6382268744732977,1.6435283244779981
2016-02-03,2.1827581859900387,2.647524816761717,1.6735289066252392
2016-02-04,2.187239878569163,2.651046393770683,1.6817610586531697
2016-02-05,2.1559720989049835,2.6246822258460822,1.6573131039817424
2016-02-08,2.133234760676691,2.6123601167115504,1.6348036166755917
2016-02-09,2.1278284469023263,2.612306660484761,1.6212119188690284
2016-02-10,2.12962691163821,2.614488250689085,1.6246383284078627
2016-02-11,2.107404533335911,2.5987353115677916,1.5998911592185276
2016-02-12,2.137952140605186,2.621061061406793,1.6297459544214534
2016-02-16,2.1662774091090315,2.639480727473471,1.6624092730095394
2016-02-17,2.1935534985326406,2.660108661925804,1.6929025322241884
2016-02-18,2.1891912432857135,2.658679406167979,1.68414620071423
2016-02-19,2.1882228925886404,2.658303430538221,1.6791773087040585
2016-02-22,2.2150517345598617,2.6778213310401107,1.7138650240849909
2016-02-23,2.192244456546055,2.661115850453034,1.683291941792344
2016-02-24,2.197912098746654,2.667664910325474,1.6840550475621963
2016-02-25,2.218889530580584,2.687193769908059,1.6955943673256668
2016-02-26,2.2118266458163753,2.681660088829366,1.6840434155349409
2016-02-29,2.203199604420618,2.6726999459719125,1.6873131333909772
2016-03-01,2.2458811748629866,2.700039403815353,1.7391837297383594
2016-03-02,2.255885992556212,2.7047081171951133,1.7562676138665145
2016-03-03,2.2654806449009235,2.711666857308363,1.7709714378023997
2016-03-04,2.2744281117194465,2.7140737807268134,1.7945247027599338
2016-03-07,2.275364897488312,2.7148093749589677,1.7934246494426256
2016-03-08,2.255338888016343,2.7010495324462758,1.7682073401908511
2016-03-09,2.2643223668647634,2.7079758709005457,1.778122652631682
2016-03-10,2.265595992250572,2.7097367163759167,1.7799781929172804
2016-03-11,2.295677377861029,2.7321055863180166,1.8134287646061786
2016-03-14,2.2925318895184623,2.7307752661785796,1.8067627579415655
2016-03-15,2.2861020342568734,2.7271765842812195,1.7922555419857993
2016-03-16,2.3031214066003134,2.7411904781785745,1.8159452150019035
2016-03-17,2.3208734532090105,2.7535154960996504,1.842494329002272
2016-03-18,2.3277775768073363,2.760619365856543,1.850578494107089
2016-03-21,2.328142476447009,2.760237665323585,1.8532151492904965
2016-03-22,2.3264247658251884,2.758635838097623,1.8505192934739483
2016-03-23,2.312579428922838,2.7508982704623155,1.8283994838258217
2016-03-24,2.3113984035041426,2.7503176229741237,1.8258066680971294
2016-03-28,2.314656422181971,2.752104282314435,1.8298946719304727
2016-03-29,2.3359308901946716,2.7700851003567757,1.851749851491612
2016-03-30,2.3446508343313393,2.7765443722554326,1.8651509209869386
2016-03-31,2.343218377211929,2.776511779952046,1.8626139233168337
2016-04-01,2.3517280393278153,2.7861697615634617,1.8654741334217355
2016-04-04,2.3440068243897434,2.782233437937238,1.8511373892196672
2016-04-05,2.3239331285411824,2.7680854678530453,1.8237838491988818
2016-04-06,2.3431368351604176,2.7849493269648287,1.8442947214136989
2016-04-07,2.320520108329116,2.7730714612308747,1.8158311462939158
2016-04-08,2.3292174733660636,2.7749405865669905,1.8341366842152391
2016-04-11,2.3293107054610087,2.7730908468686604,1.8435785618630993
2016-04-12,2.3470902900895765,2.782289812975757,1.8659620531446697
2016-04-13,2.3662789370011192,2.79574621542408,1.8896965328021962
2016-04-14,2.363424844421666,2.793203612018682,1.8843166222366783
2016-04-15,2.3625595479549704,2.7960387538530993,1.879172648995149
2016-04-18,2.3747741549069623,2.8048667765093316,1.8898045719456416
2016-04-19,2.383682249040801,2.808781661899962,1.9066895976743576
2016-04-20,2.3803432926156076,2.8063103313495406,1.9005608215301673
2016-04-21,2.3665189946374414,2.7973164970825293,1.8841268729927054
2016-04-22,2.3663241452480657,2.7974535769146733,1.8800671209299762
2016-04-25,2.3626121961456823,2.7935992527917044,1.8739949420256583
2016-04-26,2.368053236859505,2.7948173538969563,1.885736925051419
2016-04-27,2.3741170982858235,2.8019793346711914,1.8929530985654452
2016-04-28,2.3584831941409425,2.793328112466785,1.8756637204924784
2016-04-29,2.3480829789699262,2.786315089308597,1.865949159017793
2016-05-02,2.3607157795411116,2.795354554193601,1.872114303866432
2016-05-03,2.341269892026877,2.786986145919914,1.8392743199568855
2016-05-04,2.330989210405925,2.7806124931619256,1.822479246075423
2016-05-05,2.332233904267492,2.7842106142313536,1.822492865915476
2016-05-06,2.338714600754478,2.786411150963696,1.835617257929246
2016-05-09,2.3384112759997477,2.788413091496737,1.8384180558054257
2016-05-10,2.361662679535121,2.804652994194564,1.8520771893435128
2016-05-11,2.3442147009458174,2.79281033909072,1.8264029142710345
2016-05-12,2.3442854423385677,2.791788902658814,1.8307303620583526
2016-05-13,2.326528988142417,2.783766044895004,1.8077932932227818
2016-05-16,2.344404730092972,2.7934030748810885,1.826799133115998
2016-05-17,2.32632866078305,2.779604328637483,1.8030555616309392
2016-05-18,2.320077270141611,2.773597101499326,1.7790185257934317
2016-05-19,2.3114729638240474,2.7702545754991283,1.7604636851755202
2016-05-20,2.324510419728213,2.779058696684304,1.7759761803373944
2016-05-23,2.321980757428828,2.7770807214399733,1.7747710307468256
2016-05-24,2.3448318707238465,2.7924047491248647,1.7952843682775659
2016-05-25,2.358000832179223,2.8012458737755717,1.8039575204647447
2016-05-26,2.361174559415507,2.803965317696426,1.81091701795205
2016-05-27,2.368110964933216,2.8091551645164525,1.8165073802685812
2016-05-31,2.36588545240653,2.807694611656376,1.8172669280226932
2016-06-01,2.3686137798795572,2.809445391998297,1.81772672397611
2016-06-02,2.3772099337701285,2.8172179643083517,1.8292855319855716
2016-06-03,2.3799726339334235,2.821718524540705,1.8450182945378333
2016-06-06,2.3886987593709508,2.8261358222086757,1.8446288894262772
2016-06-07,2.394764892815743,2.830048707070803,1.8580486789724893
2016-06-08,2.4026904878034374,2.8347875071124147,1.8705656124993313
2016-06-09,2.3981133602723035,2.834957750821681,1.8644143897672047
2016-06-10,2.37696995809929,2.8271490459833792,1.840329464507292
2016-06-13,2.3621893563290137,2.8209466314728777,1.8304258349877127
2016-06-14,2.357836801219593,2.817895935214439,1.8251505726842292
2016-06-15,2.3609147712878773,2.821510618542408,1.843252773753909
2016-06-16,2.3654346254125334,2.8262795182946268,1.8469760167564249
2016-06-17,2.3600813927826816,2.8211835370588028,1.8470797743074314
2016-06-20,2.373081937908398,2.8229298442176645,1.861421995401665
2016-06-21,2.3795319892144766,2.8250338939790685,1.871349871527577
2016-06-22,2.3778933085375358,2.8242806324407517,1.8714980373954824
2016-06-23,2.403626056866272,2.8348893064787077,1.8950861917504818
2016-06-24,2.3342181837800102,2.807044794711134,1.8389912295211348
2016-06-27,2.307011113191894,2.796824290619911,1.8306318616461488
2016-06-28,2.343788350473547,2.8189243749078567,1.8751191955726947
2016-06-29,2.3765146302584723,2.8357796725152458,1.907379426629292
2016-06-30,2.4017993792867696,2.854110571008614,1.9268787471993891
2016-07-01,2.4086799793547544,2.8599365799380316,1.9344717941998337
2016-07-05,2.39492222646618,2.8590186586703585,1.9313559243668759
2016-07-06,2.403370361418098,2.8674823339628324,1.9242140815228868
2016-07-07,2.3998647356110423,2.861495575079316,1.9103737878517357
2016-07-08,2.4310040431767366,2.8816237321641447,1.9455314838108617
2016-07-11,2.4386617032576052,2.882483736893118,1.960831050856672
2016-07-12,2.452117990130956,2.8826478083537386,1.9720342048993496
2016-07-13,2.4529425660572555,2.8873234817936533,1.977037187981137
2016-07-14,2.4638024472934346,2.8861650745104517,1.9784779887626742
2016-07-15,2.459358239470556,2.879066083968718,1.9770116509077924
2016-07-18,2.4665315265652885,2.8825103092950726,1.9874788334835543
2016-07-19,2.463725546488092,2.8873084061545993,1.9845465320357871
2016-07-20,2.471152232606084,2.8889600929764336,1.9888366595355522
2016-07-21,2.465167898089021,2.888478351823458,1.9885936341582986
2016-07-22,2.4755542809486264,2.895906324180445,2.0048311424656933
2016-07-25,2.467624877713818,2.891084072214596,1.9943335481288
2016-07-26,2.4698418186602806,2.8893181717151704,1.995056650865958
2016-07-27,2.4694412941172357,2.8902034743200495,1.9887569197452963
2016-07-28,2.4726355184185187,2.8948626295410165,1.9997244430348244
2016-07-29,2.4798620156820768,2.9060854432595824,2.018943949825291
2016-08-01,2.4771992552887285,2.9023938390462147,2.0198815356482362
2016-08-02,2.4613532406346543,2.885593475948076,1.9949533445852676
2016-08-03,2.466451882451866,2.887119950773782,1.990953881369445
2016-08-04,2.4700019592580262,2.8893796592331866,1.990850030991163
2016-08-05,2.4843992699425157,2.888600208328186,2.0032126130874497
2016-08-08,2.486127050143971,2.890367577912015,2.0116374106926798
2016-08-09,2.4911278372198953,2.89834100462138,2.023394657308259
2016-08-10,2.487770200209345,2.8982683503097397,2.022369139445286
2016-08-11,2.4958019549148247,2.8896734598304743,2.024472114288053
2016-08-12,2.4951311121670536,2.8957818977250533,2.024742972945888
2016-08-15,2.5017181371123174,2.8937892480455307,2.03425153634819
2016-08-16,2.490236037003157,2.8827465898378533,2.01793010354569
2016-08-17,2.492738714562713,2.889391510124404,2.015635126688842
2016-08-18,2.499187907165097,2.8910231859067594,2.021506160219059
2016-08-19,2.4931992379038923,2.8826457568552892,2.009868039345649
2016-08-22,2.4906515591401877,2.8883365637391187,2.001866902313279
2016-08-23,2.492792207587882,2.890285553278902,1.9986644941799252
2016-08-24,2.484810153944176,2.8841859195917734,1.9966820816503685
2016-08-25,2.484116016289823,2.8845230371199007,2.0016225449973755
2016-08-26,2.476402875719465,2.8749846368104475,1.9838012842011588
2016-08-29,2.4890434712486655,2.8882092650733013,2.0007547101940992
2016-08-30,2.4851388016812264,2.8852340468945625,1.996194375323915
2016-08-31,2.4775013681250018,2.883865069456321,1.986167619829196
2016-09-01,2.479885004290189,2.883983447146123,1.991165391074145
2016-09-02,2.492274206090367,2.8892338625537652,2.015383720269187
2016-09-06,2.505566289283248,2.8990341784238685,2.040870537478197
2016-09-07,2.50561173536817,2.90325783267479,2.0434556815693945
2016-09-08,2.4977224848596067,2.888974513554728,2.0296652439411815
2016-09-09,2.4422772001519193,2.8450056387182454,1.9590902343649157
2016-09-12,2.468121677787045,2.8611352419767737,1.9789336393379544
2016-09-13,2.433592087094129,2.8342302295163346,1.9324639164640212
2016-09-14,2.434963826976693,2.837858182056622,1.9374603371167258
2016-09-15,2.455923095451278,2.846791070419044,1.9574052845838756
2016-09-16,2.4484149004236886,2.8459896604261967,1.9510661349104166
2016-09-19,2.451904972902867,2.849523002076725,1.9651648149889622
2016-09-20,2.452097168789925,2.849355667919156,1.964343208579174
2016-09-21,2.480559380699849,2.8671801365430563,2.0014958115231423
2016-09-22,2.4960183108062237,2.8841736274465757,2.024698131953234
2016-09-23,2.483895815273507,2.882110620452467,2.014771165377061
2016-09-26,2.4679341239434507,2.880751531071005,2.0021282234826825
2016-09-27,2.4807515259346213,2.880710785553658,2.0065408205005713
2016-09-28,2.492450185230722,2.8886290341726193,2.0227137195108664
2016-09-29,2.4711931818210906,2.8758413576176003,1.9936294485162418
2016-09-30,2.4825429616616677,2.874714225746612,1.9935656942952376
2016-10-03,2.477673289440683,2.861190016639151,1.982656582638757
2016-10-04,2.462856179193191,2.845026469287035,1.9603261448596607
2016-10-05,2.470509751076138,2.8374191078561433,1.9601276094242932
2016-10-06,2.4718720784047847,2.838070789392145,1.9613457785862973
2016-10-07,2.4650737940621843,2.8352005242676257,1.9548973277642767
2016-10-10,2.4769935622396386,2.840733193246452,1.9706768471882339
2016-10-11,2.448349682969449,2.825001633910407,1.9386939711344862
2016-10-12,2.4515206190590004,2.831247220001588,1.9455357487950053
2016-10-13,2.445645562730479,2.834595796291006,1.9421547510217156
2016-10-14,2.4454682143625504,2.830212600599555,1.940613084181444
2016-10-17,2.4409869166250218,2.8315380898134928,1.9398486407426592
2016-10-18,2.457373883203512,2.841388549840066,1.9616915572342104
2016-10-19,2.4638538663183898,2.84511264984938,1.9695399504350193
2016-10-20,2.459622566720295,2.8422136329385435,1.9646744560543608
2016-10-21,2.4600521102730526,2.842069011706691,1.9620142397645401
2016-10-24,2.4674104132483055,2.843466662736871,1.9689679259153625
2016-10-25,2.462334293289734,2.8403072942573138,1.9672915997904659
2016-10-26,2.4532857751040216,2.8300603855029105,1.9481216161508446
2016-10-27,2.4418463213454182,2.8130814166591764,1.9215018191235147
2016-10-28,2.436452581446814,2.8119220201110013,1.9184997900339207
2016-10-31,2.440986879358597,2.8206398172516707,1.934390412069234
2016-11-01,2.4243634699638057,2.8056725819108905,1.9096454180316114
2016-11-02,2.410392180448342,2.797567041936333,1.8873323281080465
2016-11-03,2.4010584248778954,2.789151247695994,1.8795782665809542
2016-11-04,2.398483851096525,2.794313550715237,1.8706059146188594
2016-11-07,2.443508027733276,2.8154536017825627,1.925945786110009
2016-11-08,2.4521999168623276,2.818103080323047,1.9371497007493959
2016-11-09,2.45210964897512,2.8061033273966554,1.8974881371269419
2016-11-10,2.443538632485107,2.795861331931539,1.8600835323776237
2016-11-11,2.4344901600483153,2.792888725282945,1.8405750608854026
2016-11-14,2.4348434883936907,2.7945671673126706,1.84196887440514
2016-11-15,2.451702993748771,2.7994038609729603,1.8632989939753397
2016-11-16,2.44712151324644,2.8005278202697226,1.8524393520991782
2016-11-17,2.4523901516898197,2.795231055646926,1.852160701130411
2016-11-18,2.446445480024522,2.789040840693457,1.8473926791164497
2016-11-21,2.460968332775255,2.795652359922647,1.8598107920172473
2016-11-22,2.4710129918209245,2.804486810630247,1.8836534189202907
2016-11-23,2.4665927664776848,2.7977994067814023,1.8704283364908878
2016-11-25,2.4745357599326203,2.802650538169396,1.8793925350922405
2016-11-28,2.4705029702885244,2.8059809419466135,1.883629863492386
2016-11-29,2.475778194718637,2.8125979537202173,1.8896317621265843
2016-11-30,2.4690423764195213,2.800260003489853,1.8861084642654438
2016-12-01,2.4563655909710764,2.7869386652093087,1.8659539853116418
2016-12-02,2.460275423110059,2.7957592252407997,1.8711621630807038
2016-12-05,2.473411069919838,2.804588773985007,1.8848436821126553
2016-12-06,2.480710797759554,2.8095019645150496,1.8932170022879906
2016-12-07,2.510168986326773,2.8321714543797443,1.922128962105255
2016-12-08,2.5154458832727737,2.8341787068881854,1.9290390119042382
2016-12-09,2.5220465009340964,2.832428386966176,1.928044002146316
2016-12-12,2.5187324547613126,2.8335324903905246,1.9197026584523051
2016-12-13,2.5332865097097255,2.8397886395252994,1.9374610115643225
2016-12-14,2.505563103509611,2.8139611580364012,1.8973830771681102
2016-12-15,2.5113286214360797,2.8116593531379834,1.9025664722248978
2016-12-16,2.509198752625577,2.8190009098406104,1.896037652099471
2016-12-19,2.513503995478847,2.830244933473846,1.8903931761838417
2016-12-20,2.5205973682433402,2.832386498314147,1.8972324150359732
2016-12-21,2.5138115704666384,2.826278369851423,1.8904660527523316
2016-12-22,2.5074500008292695,2.8242844988798144,1.8762575814213525
2016-12-23,2.511932115155602,2.827027578092333,1.8836921511344786
2016-12-27,2.5171098770691103,2.828477372424693,1.8903938013858699
2016-12-28,2.505690067421892,2.8226179407173326,1.8917754284415709
2016-12-29,2.513096190471117,2.8338928252712683,1.909395446194132
2016-12-30,2.507880167143144,2.8414275726768374,1.8986336446629812
2017-01-03,2.524526713349857,2.849777924306517,1.9179104824461426
2017-01-04,2.5385287146687903,2.8617461413722687,1.9311697560952639
2017-01-05,2.5428378900804036,2.8705282721014083,1.9423814833708108
2017-01-06,2.545875809974847,2.866707960919404,1.940737826911823
2017-01-09,2.539749912692002,2.862127042546977,1.9362953477606246
2017-01-10,2.540121928318342,2.8562754568918667,1.9415225276244379
2017-01-11,2.5479243210793996,2.8559124454869056,1.9556569947323832
2017-01-12,2.5460066485456125,2.8584480937027776,1.9589827400633586
2017-01-13,2.5484626873870746,2.8556916121696982,1.9597079061039935
2017-01-17,2.5452596014800384,2.8646137449154097,1.9572543342672886
2017-01-18,2.54539626991665,2.8593375880042107,1.95326079093676
2017-01-19,2.535792298929299,2.8465724425915755,1.9460410258665504
2017-01-20,2.543519318344139,2.853613487768255,1.9517182536876891
2017-01-23,2.5461581259953534,2.862349128320596,1.9665185277794015
2017-01-24,2.5577367302894283,2.8630585353114326,1.978232928664433
2017-01-25,2.573022982939948,2.8587141074867186,1.9962455332082063
2017-01-26,2.5700378159387043,2.8580741004328867,1.9905136731727
2017-01-27,2.566721843635656,2.8525613595107564,1.9890932544297455
2017-01-30,2.5537207350689752,2.8443404716796827,1.9776433140422884
2017-01-31,2.5562872973231814,2.852888023166033,1.9804190025282227
2017-02-01,2.554754212022035,2.8431776972519405,1.9799942596602038
2017-02-02,2.5590325647623566,2.8518131825569233,1.9864986545979282
2017-02-03,2.573082501557718,2.859221923888362,1.999193747974471
2017-02-06,2.570538422695927,2.8606903037931093,1.9949788676703177
2017-02-07,2.56906683248127,2.8607468599957318,1.9889869474184056
2017-02-08,2.5755573542750887,2.8693322643751813,1.9977897917327472
2017-02-09,2.5859062076877506,2.873155701004626,2.0075761107380226
2017-02-10,2.596196379737326,2.8799480976508045,2.0217813876118456
2017-02-13,2.6055753909689776,2.8837806533169723,2.029489316162906
2017-02-14,2.6107849956324194,2.8827621261441743,2.032967426461075
2017-02-15,2.6208493745033388,2.884763860573094,2.0455314363757444
2017-02-16,2.6201201775017093,2.8892383406040314,2.041646990382573
2017-02-17,2.622815629428687,2.89483512706662,2.03849580258332
2017-02-21,2.638053415368619,2.906352232883509,2.057186969197861
2017-02-22,2.6373520842186178,2.904929298984926,2.059496473281704
2017-02-23,2.6401226659490047,2.9101563687770766,2.0610770488894383
2017-02-24,2.640995219312898,2.918688466962819,2.0493878469626603
2017-02-27,2.642558316767497,2.919983562759762,2.047901208827996
2017-02-28,2.6338273251339017,2.9137773487393277,2.0340073499978035
2017-03-01,2.6597201067658056,2.9210065396717217,2.0616587921164555
2017-03-02,2.641683445215752,2.9092394142054876,2.0360999632619667
2017-03-03,2.6449109777240194,2.909352096854668,2.0444563439218086
2017-03-06,2.639103595027208,2.903591265233563,2.042032768953498
2017-03-07,2.6330250409924223,2.8965593257931626,2.040155722177793
2017-03-08,2.623189610901566,2.887420993730385,2.0296008035576856
2017-03-09,2.619377210697686,2.8811754574896913,2.0242797681151754
2017-03-10,2.6290397134733925,2.8868656621988227,2.0366649790652445
2017-03-13,2.6337394739687836,2.885045974406873,2.047909845623698
2017-03-14,2.625553947054775,2.8815197469599734,2.038860148313244
2017-03-15,2.6539057385336147,2.90363686438265,2.0704239224131356
2017-03-16,2.6516689517404686,2.8993447022263545,2.0726247133027322
2017-03-17,2.649749390343759,2.901775091587156,2.069373758221552
2017-03-20,2.652191297045641,2.9029170932859953,2.07706685142613
2017-03-21,2.6270295722683388,2.8918088688157355,2.0523712729614787
2017-03-22,2.633131118665218,2.896512510170359,2.0589366651226992
2017-03-23,2.6325594837986497,2.8970808575921123,2.0583019581407593
2017-03-24,2.6315901955877017,2.8947412156513526,2.0593297492771856
2017-03-27,2.6288582128983524,2.8961289049469476,2.055346079766474
2017-03-28,2.641518906399723,2.9006970462636716,2.0665827413152207
2017-03-29,2.6455211711878177,2.906334774204021,2.0694571459027555
2017-03-30,2.648605962055328,2.9069611859783686,2.069301533512388
2017-03-31,2.643549863692669,2.906714337891514,2.0612985923060494
2017-04-03,2.6445646247034587,2.9115521601449954,2.0637101638239543
2017-04-04,2.645366234284407,2.9106891153988577,2.0648812664486123
2017-04-05,2.6400735615326574,2.9096203297060312,2.0589808843316115
2017-04-06,2.644978054767104,2.913216575270877,2.0591075665993936
2017-04-07,2.641814690505289,2.908650632544357,2.0560767244827005
2017-04-10,2.6430341065087033,2.91269511298981,2.0515649027800626
2017-04-11,2.6426444898165187,2.9178778235338867,2.0477686639387405
2017-04-12,2.637554582572459,2.9171285512015124,2.050096255916415
2017-04-13,2.625493998637564,2.9126554699537754,2.039448822472975
2017-04-17,2.6451678846737825,2.9225886936545944,2.0594946665067932
2017-04-18,2.638402149867694,2.927305176989704,2.0414054970101403
2017-04-19,2.632391029580775,2.9225167597713564,2.032393141206894
2017-04-20,2.649270856595149,2.9276559936727993,2.0540665766159325
2017-04-21,2.6434586097985133,2.9243134493563607,2.051435683119202
2017-04-24,2.6643287306064525,2.9301939232900915,2.0779958576773834
2017-04-25,2.676132484461882,2.9309309383348054,2.0937803215585964
2017-04-26,2.673383367482136,2.9310834307561566,2.088564339189803
2017-04-27,2.674491990403471,2.932999143738359,2.0877020787838054
2017-04-28,2.670586646211831,2.931865701534566,2.0877539800935714
2017-05-01,2.676369057690507,2.9309684855608014,2.09705067551087
2017-05-02,2.679799954491157,2.9334270038322776,2.106434138193861
2017-05-03,2.6731389690173137,2.9278569893039847,2.0969742380270198
2017-05-04,2.6704330725403636,2.9266281295241914,2.0838861138518454
2017-05-05,2.681297319339697,2.9326349243643532,2.0975021879802647
2017-05-08,2.6790068259370705,2.9290399403123715,2.0970487821542094
2017-05-09,2.680848573331297,2.9281252763359618,2.1122487419354115
2017-05-10,2.6873655233231135,2.9307154058918363,2.122208381036349
2017-05-11,2.6838140168904903,2.9281557191293404,2.1233120365999114
2017-05-12,2.6835209598649756,2.9326724369640287,2.127234827078943
2017-05-15,2.6966923424909437,2.9384853828242576,2.1450067418670677
2017-05-16,2.695114986690449,2.9396741850522328,2.1454894135758753
2017-05-17,2.6616364280970686,2.927891421283495,2.1083458370874273
2017-05-18,2.6634848052798437,2.9315698936334074,2.0903776997508627
2017-05-19,2.6823299075924445,2.9391058808236608,2.1226975740609304
2017-05-22,2.691628637966651,2.943894912109253,2.12818542110913
2017-05-23,2.6949660851169024,2.9430881577619346,2.1312934040103984
2017-05-24,2.7022939686206713,2.948905264859207,2.138263924224807
2017-05-25,2.7124629477688247,2.9553425381296687,2.148551937808254
2017-05-26,2.7121192774572958,2.954450798749468,2.153073196958462
2017-05-30,2.7088691285959126,2.9568222615272126,2.1454495782017715
2017-05-31,2.7064158613007874,2.9583089765793735,2.135219221794803
2017-06-01,2.723632164490453,2.9668940335301555,2.1528992204632047
2017-06-02,2.7342367366840126,2.976697232936299,2.162310551403689
2017-06-05,2.731160831516128,2.973059447462139,2.1601147488796033
2017-06-06,2.7259890040963235,2.9728108511697355,2.158010839043277
2017-06-07,2.729240865119956,2.9729007538567696,2.158056426208691
2017-06-08,2.7313040097325345,2.9717014482553705,2.166239520681822
2017-06-09,2.7266216990364587,2.9684323354478686,2.1549969862556915
2017-06-12,2.7257522241254355,2.968187887507802,2.1479939817019575
2017-06-13,2.7364269703894566,2.9744923173684885,2.1584230516478
2017-06-14,2.735871745850334,2.9786586067664618,2.1570124228510985
2017-06-15,2.7294087255841606,2.975224355016625,2.1420021293437714
2017-06-16,2.7302995801992194,2.9766210829922355,2.1443632984447114
2017-06-19,2.7476353190776397,2.9841105617611148,2.164288944183688
2017-06-20,2.7323446353045204,2.978763186194161,2.144127410591431
2017-06-21,2.7324427677693386,2.9787932179335,2.1467194724676366
2017-06-22,2.733713207753738,2.9790638160516334,2.152872825681966
2017-06-23,2.738199461598973,2.9808137936017913,2.1607651887254242
2017-06-26,2.744094508454703,2.9832228298072163,2.173804493950971
2017-06-27,2.7230989036038467,2.9682363818878503,2.151539863859448
2017-06-28,2.7419073575440374,2.979498352747434,2.169218512917287
2017-06-29,2.7194708065276347,2.9655750629213364,2.1450649570823144
2017-06-30,2.723661230522012,2.9655142793279285,2.152592938154663
2017-07-03,2.7295405113305464,2.9643573127780627,2.1615361987388577
2017-07-05,2.7311791820844307,2.9680836305604723,2.161039331610747
2017-07-06,2.707375123246901,2.9537612243168287,2.137536125307445
2017-07-07,2.719962071746307,2.960722858142307,2.1455801899694684
2017-07-10,2.7239625822879123,2.962213783901338,2.1586892315089465
2017-07-11,2.7257171206666033,2.962934609481181,2.1686718878259206
2017-07-12,2.7487178002626718,2.9775169001952184,2.200447852406539
2017-07-13,2.753091981647563,2.977572525352416,2.2084660980230564
2017-07-14,2.767613593021014,2.985250934269741,2.2293893467315624
2017-07-17,2.767140217076453,2.9864047980896267,2.2230340527238326
2017-07-18,2.769950964793776,2.9909498484327077,2.227557632684024
2017-07-19,2.7837536130281006,2.9980986954569184,2.2435324824624634
2017-07-20,2.783609820596563,2.99882019350602,2.242361649258115
2017-07-21,2.7825139675469828,3.000840556755081,2.2406422845786813
2017-07-24,2.782415912164895,2.998819320330658,2.2444905713680465
2017-07-25,2.7843218214721057,2.9953557398101727,2.2431865660568127
2017-07-26,2.789260317418017,2.99923382707812,2.2544693306019705
2017-07-27,2.785092692470397,2.995629127041015,2.246153419961421
2017-07-28,2.78341303097128,2.9976895106246637,2.244497776872253
2017-07-31,2.782768778141424,2.9963006778343058,2.2455617400232586
2017-08-01,2.7898164504876357,3.004032030921287,2.2515790283835533
2017-08-02,2.78933318710075,3.0027354242031383,2.2532552261075836
2017-08-03,2.7850758969793166,3.0039593311990753,2.24592570467719
2017-08-04,2.789320863476136,3.0033270315442264,2.2525240177700714
2017-08-07,2.7949037039569347,3.005395151674973,2.263423961178008
2017-08-08,2.789422709489542,3.000791451704406,2.261509971409277
2017-08-09,2.786059537680741,3.0023848570834053,2.2491736049891484
2017-08-10,2.75171572161085,2.987246702342545,2.204482445150084
2017-08-11,2.754670768856184,2.990472521704077,2.208868205144885
2017-08-14,2.777950627391276,3.001401980723671,2.2312120381959777
2017-08-15,2.7769952588393476,2.9986284941787824,2.2326407491869267
2017-08-16,2.7852437781398476,3.0040020542777666,2.248044730111912
2017-08-17,2.752557647048939,2.98793689577393,2.2168034977991344
2017-08-18,2.751057153174714,2.984941625331309,2.226797133641569
2017-08-21,2.7556077192080815,2.987177626436888,2.23240935454515
2017-08-22,2.7771785161833074,2.997868574792073,2.2567272568760064
2017-08-23,2.7750793556093982,2.9977035415440096,2.259980241702129
2017-08-24,2.7710086301618744,2.992635602733436,2.2622098254132323
2017-08-25,2.778309022039635,2.9967173704271897,2.2722809924892773
2017-08-28,2.7761589151195163,2.99742326866868,2.26739692757441
2017-08-29,2.778101958919256,3.0014116007525975,2.2659567395052393
2017-08-30,2.7878100637644088,3.00671544598289,2.2723337418519134
2017-08-31,2.8006200920889754,3.0163660740024785,2.2798760772836544
2017-09-01,2.805225086682508,3.01395045829751,2.291298670755421
2017-09-05,2.7891213240361297,3.012714843732837,2.266673013700605
2017-09-06,2.797420537791605,3.0148647599939205,2.278617292126652
2017-09-07,2.80202874463288,3.019137546942377,2.2885758953507422
2017-09-08,2.7970170944971433,3.015588863263455,2.2783533798474473
2017-09-11,2.820989586331193,3.0235590096206075,2.3063527631053238
2017-09-12,2.8242284438776593,3.0250533601921665,2.307921977933848
2017-09-13,2.8222736840238176,3.023840557947446,2.301041047782886
2017-09-14,2.824141400799807,3.024431168349767,2.3044081357807076
2017-09-15,2.82896900071967,3.0257521048662745,2.3138873566455884
2017-09-18,2.8331249472543414,3.0275413281679815,2.320732326947194
2017-09-19,2.8345333004735576,3.02779093615261,2.324709399570085
2017-09-20,2.8326806962085955,3.026760173019044,2.3186347619275014
2017-09-21,2.827427732626852,3.0231344064124572,2.316153521000067
2017-09-22,2.825018290648982,3.0246913857732793,2.3084052332777425
2017-09-25,2.8170249386363837,3.026437404254352,2.2830207102736
2017-09-26,2.817205146762014,3.0265205980113645,2.2799147777197484
2017-09-27,2.8202422464324375,3.026056853074027,2.2786243531033263
2017-09-28,2.8232020815219463,3.027696384115761,2.2788199133400715
2017-09-29,2.833667058322561,3.0305544057574916,2.297640507302079
2017-10-02,2.84179396917562,3.037018279318512,2.3019822163181765
2017-10-03,2.8517130288172465,3.0411517156760577,2.3256464437401227
2017-10-04,2.8544133980086643,3.0421365453652442,2.3264521957548627
2017-10-05,2.8684214652351274,3.0485131845286246,2.34239215747366
2017-10-06,2.8632447914570647,3.0444514755464374,2.3342733242762934
2017-10-09,2.8609577899878587,3.0449339163475555,2.331809492195704
2017-10-10,2.8699896846178206,3.0483211550268785,2.3480716649951683
2017-10-11,2.8751938607168164,3.0505770565864574,2.355981688652193
2017-10-12,2.8737794816027353,3.0509179435267657,2.3539714842401125
2017-10-13,2.8810572029362738,3.0569082254712043,2.367990343149183
2017-10-16,2.882070945127121,3.0567097741494216,2.368320298789072
2017-10-17,2.8814226060255788,3.056907932807662,2.36162203772275
2017-10-18,2.8832217837709617,3.0552749982851695,2.365914503475638
2017-10-19,2.8803192497560426,3.0569456315856747,2.353598804156358
2017-10-20,2.889062907481725,3.0579557311478056,2.3636641098368685
2017-10-23,2.8787378781611177,3.055147924234605,2.34864231271324
2017-10-24,2.880120397467866,3.0534786132530467,2.350296598887073
2017-10-25,2.8693099508267244,3.0462081155626195,2.342561884079569
2017-10-26,2.8674735174734005,3.045793104028677,2.334268447875793
2017-10-27,2.8898173747026163,3.0598392473250526,2.362189982716593
2017-10-30,2.8816789793963173,3.0602259181011835,2.3497682022775046
2017-10-31,2.887767483227038,3.0609814448219166,2.364424718450682
2017-11-01,2.893112379766716,3.0634174824801654,2.3730338298705074
2017-11-02,2.8958149490186393,3.0649006312876224,2.3752414203526238
2017-11-03,2.900221066648732,3.070854077204311,2.3704240101190446
2017-11-06,2.908796612323177,3.074487403538279,2.3883797104498257
2017-11-07,2.906353960489975,3.0740630842744388,2.3795147399841565
2017-11-08,2.9117683577721967,3.0751525986549435,2.388236447573501
2017-11-09,2.9023443376553555,3.0691188615580125,2.37641821066003
2017-11-10,2.8983053995839194,3.0616129951711275,2.3701576436852863
2017-11-13,2.8999875993114905,3.0628239973775333,2.368450596608801
2017-11-14,2.8932687452621746,3.0615718957887417,2.3567714480293684
2017-11-15,2.8813575719268023,3.058452458936877,2.34408357416985
2017-11-16,2.905673059448065,3.067516613648864,2.3811833604386807
2017-11-17,2.9019003956649376,3.0656174603338977,2.385252750297305
2017-11-20,2.90636139131605,3.0668687551666642,2.393699306307555
2017-11-21,2.925409996999905,3.0771717043882685,2.4193181399570753
2017-11-22,2.9252362921142043,3.079078882760367,2.4219877782316885
2017-11-24,2.9288998548966143,3.0817838437680356,2.421030327458358
2017-11-27,2.921556696246857,3.081128231321631,2.3986599027674766
2017-11-28,2.9431126800419376,3.094449255592095,2.4175507683565662
2017-11-29,2.9346718347198952,3.0892832044228205,2.394122477893694
2017-11-30,2.9467119578840415,3.0979830224030582,2.3861888214089673
2017-12-01,2.9423330380101183,3.10023880671817,2.3767060725818654
2017-12-04,2.9399578459221125,3.098462124117068,2.3778598910188142
2017-12-05,2.932065933344232,3.0954069416633216,2.3712552938604534
2017-12-06,2.927737941639743,3.097429745177397,2.351632482395786
2017-12-07,2.9345852122845733,3.0993947802086868,2.358350454738758
2017-12-08,2.949971890548959,3.1060659654507727,2.3798352144646238
2017-12-11,2.957483816870487,3.109485539469538,2.3883584912639937
2017-12-12,2.958873004149429,3.1110684854412125,2.3818969264830825
2017-12-13,2.964776830933176,3.1159051897226937,2.399721604126308
2017-12-14,2.9541554277589763,3.1108499883064598,2.387090391588653
2017-12-15,2.9721639739672705,3.122571610312385,2.397170877502332
2017-12-18,2.9891314803415012,3.1289476427782494,2.4195465678054155
2017-12-19,2.974968155965485,3.1185383091294345,2.3997089791533806
2017-12-20,2.971626773566592,3.1137998343165494,2.395849681775068
2017-12-21,2.9780175759404215,3.118154376284669,2.404482040737318
2017-12-22,2.981941418114464,3.118602078402204,2.4198782890389876
2017-12-26,2.9803918442152697,3.1184159400046694,2.420399631606782
2017-12-27,2.9843490403052506,3.1245538629963874,2.4259725857424286
2017-12-28,2.9914411030651715,3.126073944406818,2.4395882711019863
2017-12-29,2.9864035573033165,3.1226877065706025,2.4448765426989736
2018-01-02,3.006499631510683,3.12986435376934,2.474601668009061
2018-01-03,3.022391667464952,3.138705718382099,2.4907918651905514
2018-01-04,3.0292885423882465,3.143398987508863,2.492240982531097
2018-01-05,3.0450389674417297,3.153701878579296,2.5100927878405614
2018-01-08,3.0489952585196343,3.1564053215060315,2.512841456109018
2018-01-09,3.048817836875885,3.156248107979808,2.5084958023899335
2018-01-10,3.0414523428369344,3.1536406076320067,2.4948249738122583
2018-01-11,3.0574498289721452,3.166724650299605,2.5084531860609456
2018-01-12,3.07263015859834,3.177631799870637,2.525519385443625
2018-01-16,3.0649243866232347,3.1721346714987004,2.5176609874795135
2018-01-17,3.0890489206391814,3.1869219365538326,2.546504880132357
2018-01-18,3.083260584829805,3.1808001196021305,2.543654084378648
2018-01-19,3.0951058638947537,3.185611298499466,2.561040710974458
2018-01-22,3.1142042231736675,3.1992330383024976,2.578446569911344
2018-01-23,3.1239286060103155,3.206430529184925,2.591122979654732
2018-01-24,3.1258341771262685,3.2042784886939697,2.6026142996704995
2018-01-25,3.1276513507904746,3.208762861005383,2.6015405046139772
2018-01-26,3.15466344603334,3.2264551457169066,2.6311319737626757
2018-01-29,3.1315212693474694,3.2121214399353257,2.598208573411842
2018-01-30,3.103410237956349,3.191723047375567,2.5670173601192965
2018-01-31,3.111528093878384,3.1937932514123077,2.5856188286447095
2018-02-01,3.097918632814774,3.1872830802455603,2.557816914608025
2018-02-02,3.0417669609911653,3.1449427675046424,2.4996562729221643
2018-02-05,2.946628497849468,3.079179201298378,2.408437118786524
2018-02-06,2.994195386494144,3.1120312013091977,2.474436296127075
2018-02-07,2.968084172045095,3.0990653953544247,2.422088618573033
2018-02-08,2.8805064535969387,3.026725009688409,2.3353695203118696
2018-02-09,2.9158234118458894,3.0522134747711336,2.371783183384134
2018-02-12,2.9486186371777707,3.0794360654913384,2.40808780260047
2018-02-13,2.9575311545426812,3.084399708802782,2.4214884896502067
2018-02-14,2.989744093337452,3.105409950878252,2.4709249345003057
2018-02-15,3.0242033927845915,3.1309777924784856,2.51401314227983
2018-02-16,3.02516008240076,3.133941064114278,2.5094196880314863
2018-02-20,3.0050932803174315,3.1207130341827396,2.482417031530636
2018-02-21,2.9910853465743363,3.1073712005979,2.4762676157644656
2018-02-22,2.9952900114294607,3.109935854059028,2.478461502302435
2018-02-23,3.035986532768722,3.1431957037028044,2.5207559635906307
2018-02-26,3.062506092041708,3.1664409340486244,2.5464445135098637
2018-02-27,3.0210998221363425,3.1395186000525164,2.4892024346428965
2018-02-28,2.9974305621560715,3.1233772279008463,2.4576824702721125
2018-03-01,2.970762349944075,3.0968174702553166,2.440517137486095
2018-03-02,2.980884445566429,3.10452694206406,2.451660394267209
2018-03-05,3.0035789780803244,3.125609078253329,2.4651492621853817
2018-03-06,3.013168074426537,3.1306694323176445,2.4814076090816886
2018-03-07,3.013696943445206,3.1297395995859576,2.4825688737814193
2018-03-08,3.023842384973311,3.1408263007623027,2.4876796981839053
2018-03-09,3.0651906514732823,3.1713094656322904,2.536854134888463
2018-03-12,3.0649059752285313,3.16960722382258,2.5392505627451243
2018-03-13,3.049534798664803,3.158862512653665,2.518934023847251
2018-03-14,3.0418919903641544,3.1512054031431673,2.5162115414444304
2018-03-15,3.038216146231645,3.1492583354903765,2.5096139324169915
2018-03-16,3.039824543547114,3.1506049406082575,2.5073352171499166
2018-03-19,3.0080704470598634,3.123667383859993,2.477564322494351
2018-03-20,3.014796733337001,3.1248478949067064,2.4957623867914354
2018-03-21,3.0129260687147448,3.1211353547680916,2.502731673390171
2018-03-22,2.9522934670407404,3.076766438263918,2.427557199475325
2018-03-23,2.902950100623308,3.0379221698280467,2.3773475407946147
2018-03-26,2.9659985353529787,3.086247419125549,2.4496420158674552
2018-03-27,2.9296509768002275,3.0587238350619605,2.4062430537549013
2018-03-28,2.925981143583539,3.0541082279505134,2.39608767480548
2018-03-29,2.959147173141464,3.080702099977909,2.4385024621223934
2018-04-02,2.9102897196377566,3.040182175659148,2.3911324144944954
2018-04-03,2.9373974789281663,3.061575512152007,2.4175693300631322
2018-04-04,2.9580509854449732,3.081330549788244,2.4283784597296334
2018-04-05,2.972283468388418,3.0939381319428874,2.4396508468511393
2018-04-06,2.9239228039321508,3.0558509885108807,2.3892627430846183
2018-04-09,2.933064413493973,3.065916521233359,2.395495405116563
2018-04-10,2.969011519739438,3.094298911728381,2.4387794476398033
2018-04-11,2.9606392519600964,3.0855149954913452,2.4342733266023844
2018-04-12,2.972167023145393,3.0980897307224926,2.441649656504159
2018-04-13,2.9633164357481507,3.092927157232236,2.4241640161431
2018-04-16,2.9795150362054517,3.108545060943465,2.434012483683388
2018-04-17,3.0014993418259146,3.1290788928215183,2.447581737994628
2018-04-18,3.0047124382246198,3.1270608272824814,2.4608021956176227
2018-04-19,2.988510276825992,3.1134984403047383,2.446756476008838
2018-04-20,2.9646560002042555,3.094086444542003,2.420096723698748
2018-04-23,2.9604434205016346,3.0932331837939993,2.4083791812936592
2018-04-24,2.933957360873975,3.0662890697574654,2.3884700704557464
2018-04-25,2.9339260667946334,3.0692768522725324,2.379900149465089
2018-04-26,2.961032119819997,3.090254215455414,2.4101627492317994
2018-04-27,2.9685407064705363,3.0935061571349887,2.419913280245412
2018-04-30,2.951116481729913,3.0792620430510476,2.4020169019502497
2018-05-01,2.9529031497173737,3.0815483562074935,2.3967425494825627
2018-05-02,2.93694258081792,3.0689830211227576,2.3789269782517644
2018-05-03,2.9326805662657183,3.066263646144278,2.373747584733447
2018-05-04,2.9594780721804437,3.0910681862612055,2.3926528458222744
2018-05-07,2.963694541937959,3.096849031807613,2.3877436739540534
2018-05-08,2.9647334629558952,3.0954432556213347,2.3958125534646237
2018-05-09,2.983235612444859,3.111999100032534,2.4078380935090133
2018-05-10,3.0117420890056175,3.1323517861576486,2.4469605719997096
2018-05-11,3.0163600799001027,3.138714318278195,2.4474474607166283
2018-05-14,3.0159976944518374,3.1384487877410074,2.4497747811312434
2018-05-15,2.9892180090406772,3.1198593736552254,2.412632044016644
2018-05-16,3.002342918420636,3.1263897091393065,2.43843685556676
2018-05-17,2.992574664782994,3.123149593122045,2.4152675395773002
2018-05-18,2.9860426606745425,3.121576866217943,2.400729962886934
2018-05-21,3.0041163282332155,3.1358953796965134,2.4167199614874035
2018-05-22,3.000699788739745,3.1306041366579214,2.4189657858110536
2018-05-23,3.0086072578768848,3.1392202471172514,2.4210290048001832
2018-05-24,3.0038234136635347,3.1387177677950624,2.4112661265192923
2018-05-25,3.0030093108393485,3.1368850465947435,2.4148369745543943
2018-05-29,2.976433431299256,3.123291388721851,2.370118012501239
2018-05-30,3.0044202199308954,3.145120681805095,2.3941364739600517
2018-05-31,2.991989573629277,3.132442561407028,2.3875406074305663
2018-06-01,3.015795976051306,3.149422091707666,2.416922114217874
2018-06-04,3.028820865940114,3.1555386139002684,2.4361608689454233
2018-06-05,3.026858820183017,3.15786922516724,2.425703219910296
2018-06-06,3.047896831947952,3.1710640877631193,2.4556585882032085
2018-06-07,3.0422484815891404,3.173619527243787,2.4379808340491493
2018-06-08,3.046623655861833,3.1774429905282977,2.439654511284316
2018-06-11,3.0482759286350483,3.1786598940159343,2.441398295524141
2018-06-12,3.0506334418294014,3.18148938292021,2.4401722947266453
2018-06-13,3.038276373033586,3.174184393171188,2.4284269663599183
2018-06-14,3.0429893407124675,3.1822265355451895,2.424176211096377
2018-06-15,3.037360660761997,3.1802688697030104,2.4137323701310596
2018-06-18,3.0285155593839477,3.1765824238123144,2.3976381552582553
2018-06-19,3.0172008704718514,3.170599115232169,2.380606717701109
2018-06-20,3.02269188416046,3.1714368770671917,2.3874896869389857
2018-06-21,3.006033977678899,3.1598764261831707,2.364099155880133
2018-06-22,3.0153885565272183,3.1645220609478604,2.3774981251395886
2018-06-25,2.983816931944858,3.138035133042298,2.3453271260889945
2018-06-26,2.9877109013275325,3.1442093127835427,2.3439998907310495
2018-06-27,2.965167377245864,3.1309880387592934,2.312999645830284
2018-06-28,2.9802591689202815,3.1414783419291,2.3291162226792976
2018-06-29,2.989799527900508,3.1452460061149865,2.346652739764512
2018-07-02,2.988264942146885,3.1480262071898717,2.338856926082117
2018-07-03,2.9844307938772623,3.1440592638801768,2.3350473877910685
2018-07-05,3.0007118555008168,3.160487785531234,2.3428141709048345
2018-07-06,3.023325181327044,3.177725529811675,2.368215019195147
2018-07-09,3.0456443143478653,3.193699990293578,2.398867087983374
2018-07-10,3.0513332513908593,3.1996672079966664,2.401290451716952
2018-07-11,3.0291628058109445,3.1860231194421242,2.370842132914979
2018-07-12,3.052885341774859,3.2049502921333937,2.3970838002981734
2018-07-13,3.0547494396927837,3.2076678328421053,2.3988632699379053
2018-07-16,3.0493050113544005,3.2045049047188314,2.391906094989108
2018-07-17,3.0587248115742653,3.2118494347136033,2.405023413114994
2018-07-18,3.061402894853639,3.215575596064934,2.406669212851722
2018-07-19,3.051824215817803,3.2101489294209657,2.3886154184277784
2018-07-20,3.052842781983352,3.205424910905486,2.401934210286465
2018-07-23,3.0512352899287762,3.204605861264054,2.397489973371831
2018-07-24,3.066869798029053,3.216157736549752,2.419627236905704
2018-07-25,3.0911288472009915,3.232892105552615,2.4484551355336603
2018-07-26,3.0820592753480778,3.227537650574037,2.4332406560938793
2018-07-27,3.0694061877839816,3.215201341300283,2.427820363891127
2018-07-30,3.058283008646357,3.203710880557688,2.419055756743726
2018-07-31,3.0729015117620473,3.214339537345226,2.4314613689652163
2018-08-01,3.0664277802388207,3.209780620455892,2.4196072673963607
2018-08-02,3.0708273462205415,3.220850951148358,2.412840722901695
2018-08-03,3.0851664673752737,3.231981102713178,2.4268231337573813
2018-08-06,3.0891865313427864,3.2400191249859573,2.4236871411658836
2018-08-07,3.098429906985126,3.244116215570205,2.4384959538252042
2018-08-08,3.096156821533621,3.243296637482699,2.4365484735813507
2018-08-09,3.093214679692828,3.2424672878993035,2.4316690082805885
2018-08-10,3.0715662837523166,3.232232550748032,2.4010068774644857
2018-08-13,3.0577528590849345,3.2257264836615103,2.379790006207103
2018-08-14,3.072557015925047,3.236798261697291,2.394728402924934
2018-08-15,3.048662564383331,3.2241520238141725,2.3565324964758014
2018-08-16,3.068116877567908,3.2404573952660076,2.37390830875854
2018-08-17,3.0807979844730378,3.2480216106206186,2.38879905783212
2018-08-20,3.088003463720944,3.2547526429747053,2.3961330080348096
2018-08-21,3.096159489791549,3.258229548357915,2.411578429161013
2018-08-22,3.0978390496718866,3.258168410278262,2.4182980300768446
2018-08-23,3.08794945430324,3.2548395342530854,2.4007574155011953
2018-08-24,3.1086076891740175,3.2680536707766907,2.427108969158295
2018-08-27,3.128445498762171,3.2818451444228343,2.4524622907724707
2018-08-28,3.128853740022807,3.280357463342028,2.449605059599976
2018-08-29,3.141868959264825,3.290767319735285,2.463547686775963
2018-08-30,3.122335187264748,3.283318711085032,2.4319085773291147
2018-08-31,3.125034258177455,3.283264701673706,2.4368657660819193
2018-09-04,3.1112122329757197,3.278405399917517,2.415593715659357
2018-09-05,3.1008108770289797,3.2724663418374584,2.3980298938118656
2018-09-06,3.0967666529012186,3.2687778806829493,2.3961429352072114
2018-09-07,3.0871604029799613,3.2602808919548467,2.3873371923291917
2018-09-10,3.0879368970355765,3.2649131638340894,2.3759575351761764
2018-09-11,3.0941744211430406,3.2691438576638796,2.3823219810651537
2018-09-12,3.0970942837231226,3.270484394405115,2.3893400039938326
2018-09-13,3.115089700495286,3.282964925724991,2.413613170266975
2018-09-14,3.1129337990992885,3.2808351218380145,2.412507590030612
2018-09-17,3.0994475725366457,3.2703733835203286,2.394651807794285
2018-09-18,3.1117857485697282,3.2781992804317017,2.413261291114264
2018-09-19,3.116402056384463,3.277834993875923,2.4330703458412226
2018-09-20,3.139012396190757,3.2955959839357236,2.4568159729493773
2018-09-21,3.1394772012632095,3.294762278894963,2.462278682409813
2018-09-24,3.1249342601115546,3.2869079380185546,2.4429438369114074
2018-09-25,3.1244377154530167,3.284447742386407,2.447429228008082
2018-09-26,3.118966326822609,3.2815981127398612,2.4471390099627466
2018-09-27,3.127559294160361,3.2879893562832785,2.4568701883714934
2018-09-28,3.1264592155994775,3.286836481247082,2.4476406689289973
2018-10-01,3.1318352528859723,3.29338273923246,2.4516647610847673
2018-10-02,3.1259332716461317,3.293707173520868,2.433651537359538
2018-10-03,3.119289366321231,3.288610801770817,2.4229662275908446
2018-10-04,3.0909712654344736,3.2693380061532715,2.380795985665486
2018-10-05,3.0771807994930054,3.255483274704625,2.370151654024913
2018-10-08,3.0796602520587015,3.25498247729226,2.3721773563854778
2018-10-09,3.076450776034997,3.254011927009686,2.3656665174755465
2018-10-10,3.0008430806552755,3.191963970228281,2.2934717223853265
2018-10-11,2.952947782435358,3.1542967351319966,2.258851115983816
2018-10-12,2.9892407205253586,3.180290228297501,2.3106926247905366
2018-10-15,2.9752345100043134,3.168909729615064,2.2908375900962006
2018-10-16,3.0287170379954684,3.2103233586502045,2.345263911526232
2018-10-17,3.0225940938609512,3.2080354755468288,2.328558418198449
2018-10-18,2.984426275866886,3.1797128553338005,2.2788248489930005
2018-10-19,2.987651520068797,3.1775707698402385,2.290797601938717
2018-10-22,2.981098600297596,3.168916338022983,2.301040090604035
2018-10-23,2.9688257137501446,3.1610544681721384,2.281364732558384
2018-10-24,2.9033748226257936,3.10824825540579,2.2095977715376875
2018-10-25,2.9440595411539556,3.1393822681793617,2.250975866083061
2018-10-26,2.9053150002752424,3.1101913794512077,2.2194212278583128
2018-10-29,2.8902578017998524,3.0988539339739845,2.191740397493797
2018-10-30,2.9249623527174995,3.1234763439255233,2.2301902137294207
2018-10-31,2.9462986761678254,3.142234223166549,2.2542207904498506
2018-11-01,2.9812354572100745,3.165057986825928,2.311400439936452
2018-11-02,2.969687964997049,3.150182839182931,2.3145959736225223
2018-11-05,2.9835071545671554,3.161458402537216,2.3234456007536863
2018-11-06,2.995413062987071,3.1736052589280552,2.326955099291222
2018-11-07,3.04498052281947,3.2156407734397456,2.3732085202662447
2018-11-08,3.030383812585692,3.2097946229993988,2.3347284395270806
2018-11-09,3.005431118178475,3.1923217471809213,2.2998820550041894
2018-11-12,2.966174717816902,3.158301257865011,2.2631572306873604
2018-11-13,2.9670216389702544,3.1552393785079604,2.2767296372407126
2018-11-14,2.9563257574910367,3.142430859356149,2.278561625790385
2018-11-15,2.9835553689156895,3.163609210413902,2.3184434878576274
2018-11-16,2.991726228437179,3.1706046232989884,2.32358302796828
2018-11-19,2.955251125339792,3.138297034064287,2.289105082688638
2018-11-20,2.9114341578148237,3.1031927533603274,2.2425482144846174
2018-11-21,2.924949725871845,3.110296577366744,2.2704488222811876
2018-11-23,2.908029110005168,3.0976288476903044,2.248431530065553
2018-11-26,2.941681249961185,3.1269323056955516,2.2795741869855943
2018-11-27,2.951244233411739,3.1335515555536513,2.292164475402939
2018-11-28,3.0048533329673077,3.178935671865034,2.3462096489972977
2018-11-29,2.9977104220592916,3.1753703333503753,2.331918648810492
2018-11-30,3.009966029612764,3.186616683265112,2.3362448888115073
2018-12-03,3.0443796870517383,3.2140671334901487,2.376911737445837
2018-12-04,2.973811714031685,3.1545538800122856,2.3158152578976026
2018-12-06,2.9727363757025946,3.1548032922599707,2.301537637431106
2018-12-07,2.9217250990959722,3.1125719607419557,2.2543030592977686
2018-12-10,2.9205619353680503,3.116914749964235,2.2417899521018043
2018-12-11,2.924040073868941,3.1176947144693528,2.2521574678306124
2018-12-12,2.9363506742156877,3.1260488598814677,2.2787338976551745
2018-12-13,2.9366963391473875,3.1257789492973984,2.27808697673224
2018-12-14,2.8977767183463543,3.091821095848215,2.2419835175197833
2018-12-17,2.8548572549760216,3.058194201873183,2.2119348296098007
2018-12-18,2.8587611166413156,3.0599635617562555,2.220052136334895
2018-12-19,2.8255431490505933,3.034412483232507,2.1846100746661303
2018-12-20,2.797853966045334,3.004564786967341,2.180905400897216
2018-12-21,2.7585761028926283,2.968494308966959,2.1542630041966087
2018-12-24,2.7070027545556883,2.9245331261089897,2.119958395123101
2018-12-26,2.7986174340883254,3.005533616254933,2.1869092614621914
2018-12-27,2.8120025926695527,3.0208927073229592,2.1917062408873385
2018-12-28,2.8160362428263377,3.0233307811590087,2.203324246615525
2018-12-31,2.831065581250352,3.041866648157539,2.2046170902372695
2019-01-02,2.8311480981450705,3.044660929249345,2.2089515946308302
2019-01-03,2.7870631877785073,3.0078991766925247,2.1639577280343802
2019-01-04,2.8546227772487494,3.06167348544064,2.2347935326866715
2019-01-07,2.8694510688385657,3.0735254026981718,2.2447488620009928
2019-01-08,2.889728409396369,3.084934720830193,2.258263778293951
2019-01-09,2.905014640992986,3.092841434885387,2.286538458586656
2019-01-10,2.9153123544652884,3.095768935373543,2.299569011095097
2019-01-11,2.915361578077398,3.098695899879715,2.2931505636002223
2019-01-14,2.899964022982463,3.08785020122365,2.2760620765809607
2019-01-15,2.9243268567093192,3.1038600156571534,2.295954884140147
2019-01-16,2.934976715241435,3.108715885537308,2.3151071858582433
2019-01-17,2.9504964095424597,3.117953185394308,2.3281902663792287
2019-01-18,2.976381661160871,3.1352591540731956,2.3473163274127207
2019-01-22,2.9449593468541484,3.1175223136480543,2.310232051956322
2019-01-23,2.953376798048987,3.1222663101617347,2.32639306554257
2019-01-24,2.9596999153891024,3.125962292872645,2.340430647035826
2019-01-25,2.981803879156389,3.137055026195939,2.366923160301486
2019-01-28,2.964970703633025,3.125314674847567,2.3448957776146235
2019-01-29,2.9660728535606653,3.1279855644586476,2.346030769709031
2019-01-30,3.005892692235413,3.1540958507504104,2.391560076627284
2019-01-31,3.0288616342911845,3.17177297974226,2.41204338278331
2019-02-01,3.0242159762377767,3.1688309522050435,2.400990945605279
2019-02-04,3.038539276275824,3.1774650601178687,2.41006715878273
2019-02-05,3.0542013912197947,3.1873066445377742,2.434067160295689
2019-02-06,3.044706220938859,3.184354657458072,2.4128203564183712
2019-02-07,3.0244424455202443,3.1667357979763064,2.4012649723853294
2019-02-08,3.0257759201563,3.171903496528062,2.397157257913466
2019-02-11,3.0252750660017456,3.171645172367044,2.396476090811901
2019-02-12,3.051493952437748,3.196261899909979,2.4102923338834015
2019-02-13,3.054445025246375,3.200235318008732,2.4100604041606606
2019-02-14,3.0524746902050595,3.1978659773884015,2.412070161105737
2019-02-15,3.07387928388906,3.219763226418493,2.4244761193991633
2019-02-19,3.0806172760884643,3.2238402723050616,2.4328101395508472
2019-02-20,3.085777177519261,3.2278815387210287,2.435381176976114
2019-02-21,3.0769351470289688,3.218091349663675,2.4310875514162236
2019-02-22,3.0956801924744686,3.2333530154990715,2.4503535019830984
2019-02-25,3.10140641168834,3.2356573711818433,2.45636672498717
2019-02-26,3.0987946728882196,3.2356844666372298,2.4504768165390756
2019-02-27,3.0923186733128403,3.232106934097438,2.4388603144461567
2019-02-28,3.0827508427878216,3.2262043247003334,2.4271080857186105
2019-03-01,3.0936257095626654,3.2363294630662796,2.431392185840332
2019-03-04,3.088704311804306,3.2307351827326554,2.4326079800639513
2019-03-05,3.090963073297851,3.228907219579582,2.442242097994239
2019-03-06,3.0772933115238805,3.218977600155384,2.4288501238316713
2019-03-07,3.055268274802459,3.2063035815656256,2.403503373783443
2019-03-08,3.049619211658294,3.2041212512250583,2.3961566696267993
2019-03-11,3.0866792858106673,3.232117716288902,2.435546034285843
2019-03-12,3.09784986130249,3.2418590299797696,2.447307013437806
2019-03-13,3.1114847758424826,3.2542199168818984,2.4554170608409325
2019-03-14,3.107390756716427,3.2510522406861395,2.451610869424676
2019-03-15,3.12383500551087,3.264002075376739,2.4632934133582203
2019-03-18,3.13448180860365,3.2709391390810785,2.468913595122405
2019-03-19,3.1343108550649754,3.2707160383069582,2.465413254588445
2019-03-20,3.1321679915481107,3.2699857362875435,2.471020963121102
2019-03-21,3.157592179638977,3.2925970939934057,2.4966429384220263
2019-03-22,3.109643240712231,3.2604851544779643,2.453658245654705
2019-03-25,3.1105150599374194,3.2613935968252377,2.4578293561814166
2019-03-26,3.1274679695661156,3.2762661734554084,2.472168025012601
2019-03-27,3.1138232311406333,3.2686669289690777,2.456455846205261
2019-03-28,3.1254447054053527,3.2762442511051426,2.476710188820091
2019-03-29,3.141583595813618,3.2885775967179676,2.486873036235371
2019-04-01,3.168398502551342,3.3061906541453454,2.504600187078135
2019-04-02,3.169889183526361,3.3086112229078815,2.510601629943449
2019-04-03,3.174502137858714,3.309385936142823,2.51667359012229
2019-04-04,3.182486507550454,3.315688970245425,2.5214309159802384
2019-04-05,3.1969111739918246,3.32642445723034,2.5397415355791257
2019-04-08,3.1971879723385705,3.3273751794787234,2.532160880363153
2019-04-09,3.1856280878406076,3.317880340283144,2.5221628201649975
2019-04-10,3.197110940935947,3.3272350248712734,2.5380498312936215
2019-04-11,3.191112622132498,3.325085364396017,2.526300428842063
2019-04-12,3.2071563394338107,3.335985954213099,2.541852167633985
2019-04-15,3.202671156950442,3.334427036500134,2.5309897864637585
2019-04-16,3.202213300866599,3.33340613961697,2.515428414187628
2019-04-17,3.197019819361877,3.328375129678558,2.50796137767759
2019-04-18,3.2027042509572827,3.3340354573454327,2.5159268931115433
2019-04-22,3.1990863712237334,3.334166364789839,2.4986638408266146
2019-04-23,3.221206415307144,3.3545434587318845,2.51860809598713
2019-04-24,3.2136658205187065,3.35312195256239,2.5113094249973438
2019-04-25,3.211451197389988,3.3517534743486266,2.507514029076596
2019-04-26,3.224986277275035,3.363858948229981,2.5217234239766397
2019-04-29,3.2262695213207855,3.364704284588952,2.514513960833558
2019-04-30,3.228902454418252,3.3666016729563863,2.5235441647654624
2019-05-01,3.2111217240647507,3.3521855905695,2.5131085436426956
2019-05-02,3.2065449284977805,3.3448742288782394,2.5153696314187495
2019-05-03,3.2335371509395685,3.3667930466800704,2.54077728843311
2019-05-06,3.2168048459580554,3.3601537072917553,2.51473616562118
2019-05-07,3.17282357553831,3.327949020712051,2.4684372938520305
2019-05-08,3.169216555895113,3.324937976997769,2.465329836438249
2019-05-09,3.1576140943552495,3.319636105186389,2.451716429494877
2019-05-10,3.1717770806010948,3.3298731761755382,2.471718093819742
2019-05-13,3.109578000810707,3.281842908360821,2.4303348131010267
2019-05-14,3.133591977357546,3.300569266087946,2.4506886681661366
2019-05-15,3.1479810013324916,3.3144139487992392,2.462350052383539
2019-05-16,3.164113309699696,3.331138695165366,2.4650720726484097
2019-05-17,3.144122151985599,3.3186005842451025,2.443452994363622
2019-05-20,3.1262121016364968,3.30365012420728,2.420065191494113
2019-05-21,3.1500243424721095,3.32128956122078,2.444816900802927
2019-05-22,3.1436126956696047,3.317388266360364,2.4428206009324747
2019-05-23,3.1169240616812,3.2970932613013706,2.429878225124329
2019-05-24,3.1224498915294188,3.3020236178576785,2.435176378717812
2019-05-28,3.104981191625658,3.2857349245667553,2.4238790255403706
2019-05-29,3.0924979557500363,3.2730583237711146,2.41215076429208
2019-05-30,3.1021816503384168,3.281884102120521,2.423050999032444
2019-05-31,3.081620010649635,3.262042083952441,2.4295314000036194
2019-06-03,3.0822591252008116,3.2603777086351764,2.440454515448059
2019-06-04,3.122687357463976,3.3005019800207998,2.443083977238035
2019-06-05,3.139357078653205,3.316625009104536,2.46267030877313
2019-06-06,3.152387828793297,3.3291461409293164,2.467303651920739
2019-06-07,3.1774298531127703,3.352726185210272,2.4822103067261785
2019-06-10,3.188362822287649,3.35418083764013,2.487726330193476
2019-06-11,3.1927211705197904,3.3534847932854253,2.503074270211379
2019-06-12,3.186309415190702,3.353411740743789,2.4972431259921053
2019-06-13,3.1959248396745332,3.363484530811691,2.5019131217788986
2019-06-14,3.1892576617344663,3.361380627517168,2.49165849298918
2019-06-17,3.193242715397763,3.3613991880452336,2.5116308777964123
2019-06-18,3.2251265459490503,3.3816137361854333,2.534176987439902
2019-06-19,3.2361648746006697,3.391514475368465,2.550878182904181
2019-06-20,3.2633342489850112,3.4086698755749,2.573636224263302
2019-06-21,3.254869776610272,3.401477449438554,2.548653148407688
2019-06-24,3.252366653578537,3.403186049389457,2.542009339962507
2019-06-25,3.225816962126552,3.389234116851653,2.509067864431255
2019-06-26,3.2228079330029873,3.383425796296914,2.4891736001750373
2019-06-27,3.2367469568482607,3.393957013138752,2.515160937682171
2019-06-28,3.2468086776974374,3.400531461552615,2.5187699783661346
2019-07-01,3.270458432679218,3.4151750128621976,2.530484487157313
2019-07-02,3.278829491461155,3.422501521190405,2.5534868738070307
2019-07-03,3.2975086652328516,3.4374200462616433,2.569447695574977
2019-07-05,3.2889319683692246,3.427500319767021,2.5567545593445717
2019-07-08,3.2753969892620436,3.418307312207562,2.5558427819548535
2019-07-09,3.2771076084164052,3.4196186463234675,2.5577521402910106
2019-07-10,3.291842191498042,3.43005059198356,2.575938825372692
2019-07-11,3.2912259878597494,3.4292974726442544,2.559628978749624
2019-07-12,3.3012150954012145,3.439725072967631,2.559784568729637
2019-07-15,3.3042352543247775,3.4424850427663767,2.563995938515735
2019-07-16,3.295865168369923,3.43450196119051,2.5591266921396336
2019-07-17,3.2816395106496814,3.424827035913499,2.55046509330435
2019-07-18,3.2927016304877554,3.434391194423972,2.559127731998269
2019-07-19,3.275556779561652,3.4217162901761435,2.534047152409586
2019-07-22,3.281341036510561,3.4283761923052074,2.5337581450343003
2019-07-23,3.2978036509952537,3.4410073072065908,2.5482369539387255
2019-07-24,3.3092626080840626,3.4524220018872844,2.5519562168068335
2019-07-25,3.2936773963985804,3.440678555171616,2.5331343609608625
2019-07-26,3.3092989956744168,3.454220916194042,2.541729532898336
2019-07-29,3.3054931391822424,3.451242607743639,2.5418371249681875
2019-07-30,3.298539632876691,3.4462224269961546,2.5396725915063643
2019-07-31,3.270453180766658,3.425140348988489,2.5176068866454084
2019-08-01,3.2497439215917465,3.4194653458025335,2.490701641858847
2019-08-02,3.231654604305103,3.405323427379758,2.4822653509831074
2019-08-05,3.155940673212163,3.353620474430968,2.4099516440184807
2019-08-06,3.1924087356639252,3.3838625140711036,2.441041866545614
2019-08-07,3.1966421226290365,3.38419686657774,2.457066411865106
2019-08-08,3.2440191462320174,3.412737774160975,2.4950623485117736
2019-08-09,3.225195820095604,3.4006333884446476,2.4831205755020602
2019-08-12,3.198005109074748,3.3913345452456833,2.467306812287983
2019-08-13,3.2330371253676464,3.409511070243028,2.4818007855302158
2019-08-14,3.1616563385137315,3.37515560167284,2.43063638826413
2019-08-15,3.1740826641900384,3.388051519841123,2.4517365836706833
2019-08-16,3.209534342864993,3.406173071118363,2.4804121873614937
2019-08-19,3.234618692476085,3.4171260663430356,2.4952492645113087
2019-08-20,3.220473465601806,3.4121825578205685,2.4865053956559873
2019-08-21,3.240798179622378,3.422194488388399,2.5021581115599694
2019-08-22,3.234250081078615,3.4163660763474133,2.4962404849225424
2019-08-23,3.176936417483387,3.3893523237907663,2.4603929709025367
2019-08-26,3.2017544861265304,3.403259101339783,2.477124076167986
2019-08-27,3.1962170929633156,3.404434441285691,2.4745652561183547
2019-08-28,3.2118482422800296,3.4141094163736554,2.4822302540870154
2019-08-29,3.242507444320842,3.430194169667288,2.504808052853786
2019-08-30,3.2453121170397825,3.431384610662998,2.5136194011153825
2019-09-03,3.232750142587455,3.4228587581564844,2.5226171488786826
2019-09-04,3.2646407008264116,3.4419848278441902,2.5520302210157304
2019-09-05,3.290961040600662,3.45090268207955,2.552177792005201
2019-09-06,3.295386612630136,3.454150196255389,2.5600870608765787
2019-09-09,3.2940055596334687,3.446095126473365,2.556785785873264
2019-09-10,3.288394102747851,3.434648507081087,2.542949866552436
2019-09-11,3.3061165494370286,3.44484035296994,2.552442912945089
2019-09-12,3.316085705534073,3.446380518142222,2.568164873568108
2019-09-13,3.311192082368501,3.433236909749913,2.5596392742436884
2019-09-16,3.304904743685889,3.4343948445180463,2.562792340854193
2019-09-17,3.313083342285159,3.4410184271924686,2.578062920473172
2019-09-18,3.3128194990721713,3.444222672403146,2.5685069166238015
2019-09-19,3.3126185540554642,3.4470478729026146,2.5688768924565
2019-09-20,3.305578096462945,3.4479289380797096,2.5699754839120126
2019-09-23,3.3060610890085633,3.448513868345014,2.573364568551092
2019-09-24,3.2870109732300428,3.443268131121656,2.55810806545897
2019-09-25,3.2964669288143806,3.442848836556473,2.5600545211772325
2019-09-26,3.294713168499596,3.4434263720738807,2.5717870362649773
2019-09-27,3.278317798798843,3.438526806069617,2.549224752950397
2019-09-30,3.290512009749747,3.4454546112846294,2.55800527023358
2019-10-01,3.2627309229507566,3.4327608500622353,2.536493771407075
2019-10-02,3.2235620913261203,3.4100994991116846,2.5219758254355535
2019-10-03,3.24923038387905,3.4291307210926356,2.5499580920732003
2019-10-04,3.280337739013835,3.4507224029851247,2.563522984582787
2019-10-07,3.2660659871805953,3.439142592013089,2.5511051664857707
2019-10-08,3.231024205740834,3.418512384617485,2.5357769339389535
2019-10-09,3.2529944881654975,3.4302829931653305,2.546517733588033
2019-10-10,3.2687080251760783,3.4324402741729636,2.559528990679931
2019-10-11,3.2938879962869696,3.4399824801235037,2.575448372397549
2019-10-14,3.291054205418146,3.4418882344549355,2.5715844926758047
2019-10-15,3.312994966655705,3.448915409911871,2.5828475674065934
2019-10-16,3.312010304926414,3.4502981319942556,2.5860254471651656
2019-10-17,3.3206703625484812,3.453882904355867,2.6000588363242167
2019-10-18,3.3113578771519485,3.4491878380346592,2.6063547069169326
2019-10-21,3.328618677944514,3.4530341951935886,2.6277192286213267
2019-10-22,3.3225587540388934,3.4515242649132887,2.6238762874814454
2019-10-23,3.3296192147341404,3.4572444572351535,2.6275749156938684
2019-10-24,3.3327166558911543,3.4600894949311582,2.6236344353487824
2019-10-25,3.3416028852742072,3.4629547186734717,2.617870745760561
2019-10-28,3.3532679447158977,3.4665705361264876,2.614791311059499
2019-10-29,3.351703621058052,3.466329211548057,2.6186239492260697
2019-10-30,3.3625090275540526,3.4765133342246872,2.628977710170363
2019-10-31,3.355853650840879,3.480709376244727,2.6176481320338896
2019-11-01,3.381623586277969,3.4944639819295205,2.633393229964064
2019-11-04,3.391352753079772,3.4951358643834993,2.63335697987659
2019-11-05,3.3858283659619786,3.4858885339032053,2.613530980303052
2019-11-06,3.3863507115418434,3.489502547954895,2.612352079043545
2019-11-07,3.3920105708543367,3.4836389443116484,2.6100502061198463
2019-11-08,3.3926413162622917,3.485650066241663,2.596934414668566
2019-11-11,3.3860795721196832,3.483615027671726,2.5906257788024707
2019-11-12,3.3872310381603707,3.4881683509291266,2.5746427705387935
2019-11-13,3.387544162803069,3.4929223687220943,2.576424902871288
2019-11-14,3.394214072133667,3.5013416016460006,2.5867188468022295
2019-11-15,3.4136380431982727,3.51027390553136,2.6041174051000375
2019-11-18,3.4166679851581874,3.515505287551862,2.6081798051721843
2019-11-19,3.417692256130629,3.5167214401396083,2.6126141775436014
2019-11-20,3.4093053944695058,3.5166983924686415,2.6059126806821173
2019-11-21,3.4014666099163398,3.510614380822019,2.5862328638542977
2019-11-22,3.4059289223378015,3.5144740502813825,2.5823922938988497
2019-11-25,3.4279767662371476,3.5271593787359565,2.5996674234839334
2019-11-26,3.434975170594906,3.5340877554873567,2.6123716744076653
2019-11-27,3.4452024773896617,3.5378517136436676,2.620469155613455
2019-11-29,3.4288869093852923,3.529871222494566,2.5955545394121744
2019-12-02,3.406797629499891,3.514991866487976,2.5750897239361077
2019-12-03,3.3943449504096415,3.515898734176525,2.575087082489546
2019-12-04,3.410292780356788,3.520886223765881,2.590144439856272
2019-12-05,3.4153390839054145,3.5209166534871845,2.596383385294342
2019-12-06,3.4369267164185553,3.529641728150602,2.608048674588361
2019-12-09,3.429135947375101,3.5271198446694307,2.605230213902746
2019-12-10,3.4268603911289595,3.524033859114586,2.601352910422478
2019-12-11,3.4390003699122453,3.531584152757388,2.6051500006199153
2019-12-12,3.4598458863288406,3.5312665490232584,2.610133694495634
2019-12-13,3.463642758604489,3.540498212439398,2.610123005526406
2019-12-16,3.4823038784586546,3.546029030970456,2.6301705945917204
2019-12-17,3.485092412073958,3.5450046201920546,2.628777948769242
2019-12-18,3.488462033649907,3.5428668131677896,2.649181165947873
2019-12-19,3.5000322334879046,3.551780816554004,2.6617616616160866
2019-12-20,3.5117732548628955,3.5586587017522726,2.672180318298914
2019-12-23,3.5143917285579804,3.558317215947525,2.6680777907971853
2019-12-24,3.51477510938538,3.5614082370965328,2.6688189792276438
2019-12-26,3.531207290694474,3.570858097937431,2.6839164185326463
2019-12-27,3.5338759854676858,3.573862530764133,2.692122447964054
2019-12-30,3.518712613058143,3.5668688835102413,2.683962442384964
2019-12-31,3.524912418735749,3.566277835993465,2.6960726692828763
2020-01-02,3.554468301540368,3.582280376130363,2.7073106591285128
2020-01-03,3.532051285304819,3.5795953364936186,2.69123784583286
2020-01-06,3.539223027934164,3.583040113774519,2.6913500467549523
2020-01-07,3.5298434099754807,3.575321880475455,2.675896431308659
2020-01-08,3.54416887944212,3.5804720828217667,2.6895290372543115
2020-01-09,3.563038118226211,3.5925030449411355,2.704199976726455
2020-01-10,3.5613580784496204,3.5919508370801636,2.708946899906972
2020-01-13,3.5857286149424454,3.6005452012505716,2.7381254993019373
2020-01-14,3.579582184589342,3.600232031570905,2.729011816957064
2020-01-15,3.583858407732166,3.6067440557584103,2.7289354269025203
2020-01-16,3.607205266380999,3.618841959584381,2.749637754618371
2020-01-17,3.616348872059034,3.6209341253052307,2.759532942968845
2020-01-21,3.603980459425998,3.624138958429465,2.7376525097094477
2020-01-22,3.60697853816438,3.6254570561323276,2.742081680224205
2020-01-23,3.6074696729250535,3.6299933747828823,2.7381117133135042
2020-01-24,3.583968491200879,3.6209149141616392,2.7172597378372023
2020-01-27,3.5332747880549187,3.6042177314288932,2.662346479471754
2020-01-28,3.5605830393235296,3.6173383564867967,2.685214925329278
2020-01-29,3.5615978014629643,3.6210862057140223,2.686626348489463
2020-01-30,3.5627816073090237,3.625973309010989,2.677940946920153
2020-01-31,3.512494236850841,3.60607312181181,2.6303995372252493
2020-02-03,3.53415365651838,3.6159597153117087,2.6511579113430006
2020-02-04,3.5790551337991485,3.63060820584404,2.698382949455877
2020-02-05,3.607088070541043,3.64420818037014,2.7189965456309175
2020-02-06,3.616324549198686,3.6505041456436422,2.7259389155772555
2020-02-07,3.599833378515484,3.6495377984796775,2.7090692381110895
2020-02-10,3.622347063288273,3.663225933151371,2.7309743116128944
2020-02-11,3.63261765874269,3.6636100724760716,2.749528878373769
2020-02-12,3.654001739859007,3.670709226241704,2.7724457051816707
2020-02-13,3.6473361092399625,3.6713387776220103,2.7660016272820176
2020-02-14,3.654022319408661,3.6768371730367817,2.7772000627114135
2020-02-18,3.645775861231282,3.6760505537315775,2.7682076855941826
2020-02-19,3.6572935534915545,3.680786943052721,2.7672481979475996
2020-02-20,3.644682232993992,3.681212000055898,2.7608167786441844
2020-02-21,3.6199947456832735,3.6716944954582282,2.7476023594239267
2020-02-24,3.526541696451043,3.6321853636768213,2.670477379018189
2020-02-25,3.451173548404947,3.593445429213072,2.6089973279650396
2020-02-26,3.443663196740926,3.5854390218127388,2.601957088452416
2020-02-27,3.3265653823557075,3.5236747702757203,2.4936508717545545
2020-02-28,3.3170912162179924,3.532828416255143,2.4676686582144374
2020-03-02,3.4222279867271608,3.588188364670949,2.558475516782936
2020-03-03,3.3620994979654233,3.5669462774558283,2.522697859740739
2020-03-04,3.4634137501847735,3.6202126028813484,2.6074737947963174
2020-03-05,3.38046746181371,3.582597138792704,2.539825308747722
2020-03-06,3.3393036562775245,3.577157117197659,2.494361022889767
2020-03-09,3.135877253813833,3.4723757899285888,2.3073973741258156
2020-03-10,3.2525375969619406,3.51823897157203,2.414946432650493
2020-03-11,3.116482051743972,3.4146955335218343,2.284285042304078
2020-03-12,2.8533513267688635,3.1995875065254293,2.0568055914158108
2020-03-13,3.0478559854964202,3.337502334108834,2.228168064461763
2020-03-16,2.7811536038595417,3.205174501103077,1.8988548173700563
2020-03-17,2.8830027898571964,3.2182862841365734,2.0116119437533295
2020-03-18,2.727166989635368,3.0703029983456385,1.8484337659907808
2020-03-19,2.7475282105087864,3.1152158939917234,1.856066885088288
2020-03-20,2.677729940737218,3.08186211415297,1.7920835031273268
2020-03-23,2.6392098816708134,3.0951625978738675,1.7290702505181823
2020-03-24,2.8190008654626495,3.2113075149052364,1.8785509259530635
2020-03-25,2.8694115045541593,3.2573641536867455,1.9507949513328942
2020-03-26,2.9942904151161036,3.337665519406054,2.066291171466517
2020-03-27,2.923068843077723,3.314333281399098,2.0223258664770754
2020-03-30,2.9898177255296425,3.355154518204574,2.0697751004927905
2020-03-31,2.959482424508923,3.3281021052639983,2.0397121393487634
2020-04-01,2.852402193142655,3.2587612222947344,1.9281482871294449
2020-04-02,2.9044372111794483,3.2859908382451377,1.9589845584252241
2020-04-03,2.8712246713823113,3.2693616602548325,1.9284820641475275
2020-04-06,3.0186265960380716,3.363294001707439,2.0585935639748207
2020-04-07,3.024512167419172,3.369252588868188,2.070923871592002
2020-04-08,3.100570755506001,3.4164143885829077,2.1522573999285846
2020-04-09,3.1453746650389247,3.462771771810441,2.20290724117629
2020-04-13,3.11819019597235,3.440250758684823,2.165916254047193
2020-04-14,3.1876823915644814,3.4826251358066007,2.2270148154088707
2020-04-15,3.1329788194777928,3.460360255690992,2.1673892660033753
2020-04-16,3.143414254246915,3.469792762457659,2.1687149978405365
2020-04-17,3.207819730795602,3.505673660587673,2.2284965531259195
2020-04-20,3.1612656013536475,3.4770329518819936,2.1792788448261273
2020-04-21,3.089350771379131,3.4346197069100324,2.120787752714771
2020-04-22,3.1433299011423905,3.4654237211506387,2.1655113068838987
2020-04-23,3.142342329659965,3.4702147357135145,2.159654616734885
2020-04-24,3.16935678588549,3.4889403352661565,2.179852286868666
2020-04-27,3.2068054143555442,3.500244174733721,2.2240668572399414
2020-04-28,3.202205906291069,3.50157200455264,2.2232233503657057
2020-04-29,3.267762183437038,3.5409920778766963,2.275820660881168
2020-04-30,3.237561202712509,3.5225720487560888,2.249642532038482
2020-05-01,3.16562257468105,3.483587918496747,2.1829221981445914
2020-05-04,3.174691373240022,3.489302881292071,2.1869613733359774
2020-05-05,3.1951937992424635,3.5010457916736226,2.2036635480411926
2020-05-06,3.175106744023421,3.4829555929285134,2.183520700550112
2020-05-07,3.2061659685440254,3.506692659323417,2.2099103664161586
2020-05-08,3.24862217051269,3.5243161009945214,2.2520713844597364
2020-05-11,3.242431883372672,3.5183027846581134,2.2415691182946387
2020-05-12,3.1952795614157794,3.495282775088901,2.186268098166566
2020-05-13,3.1567879350192194,3.473984317995826,2.148440171428761
2020-05-14,3.1843724419768287,3.496903842677198,2.1670440231814307
2020-05-15,3.1885012030488102,3.5045521472741985,2.1668877430947773
2020-05-18,3.27057045283187,3.544005751043462,2.251438349601002
2020-05-19,3.2452102669489777,3.5315750214306565,2.2271080795696734
2020-05-20,3.2878155661496566,3.5611652066700437,2.2590902316881216
2020-05-21,3.269883167893898,3.552790706215234,2.2466895026463534
2020-05-22,3.2685492313147657,3.556602498793202,2.251078275878945
2020-05-26,3.3062858047439483,3.570926532839443,2.296605634315668
2020-05-27,3.342674869244358,3.595687675434385,2.3304312390288344
2020-05-28,3.336463205254075,3.591515156207259,2.328777187953034
2020-05-29,3.352482861323544,3.603683453598452,2.333779428212025
2020-06-01,3.372843325779204,3.6084894513351577,2.3609559390234423
2020-06-02,3.401480190233786,3.622630702185453,2.3851772570599756
2020-06-03,3.442644942751688,3.637387035650097,2.4322413039561424
2020-06-04,3.4275829883248154,3.627070753136746,2.4172375432861033
2020-06-05,3.5003879850193385,3.667242684027727,2.487532509757043
2020-06-08,3.534849163382113,3.688410071170772,2.524392351007249
2020-06-09,3.513225936272069,3.680246154188859,2.5013435151202534
2020-06-10,3.502141015073941,3.6811515076710326,2.485076609302915
2020-06-11,3.340349013502278,3.5934214122087553,2.3418522020499806
2020-06-12,3.380016159127025,3.612124001464411,2.3858764903727905
2020-06-15,3.4009335147963125,3.6324638878390516,2.399919064858056
2020-06-16,3.4466506035320568,3.655092142923843,2.439055261758692
2020-06-17,3.4382921530294874,3.6472661769377224,2.4317158132555665
2020-06-18,3.438240220236115,3.6500842362499464,2.4273013629466744
2020-06-19,3.423539262220502,3.6427067419438504,2.4124013353234033
2020-06-22,3.44197394606372,3.651217705181682,2.42778284219852
2020-06-23,3.4551101539393887,3.6573961866203946,2.4378272331858883
2020-06-24,3.3891224094343815,3.62052163974487,2.381451033021725
2020-06-25,3.4165400033110487,3.638115650722996,2.4041482976708637
2020-06-26,3.3581674058134703,3.6072926582161826,2.355876784593881
2020-06-29,3.3945292529786477,3.629404432291954,2.3867195638689274
2020-06-30,3.42312462587352,3.649176417049352,2.4076107144589187
2020-07-01,3.4467992674656642,3.660272976105991,2.434313567346236
2020-07-02,3.4682921004298963,3.670765922565015,2.4537825697128097
2020-07-06,3.5196589714177082,3.6926755479973257,2.500555787228601
2020-07-07,3.487392965802991,3.6810936510732604,2.466328255815066
2020-07-08,3.514692944305211,3.6913388321255542,2.4921566742440033
2020-07-09,3.5028822170683314,3.6887357754977197,2.481067338700053
2020-07-10,3.5223431542761565,3.701105125604482,2.4933955820395943
2020-07-13,3.4981945057050443,3.6880762977865165,2.4714832242592686
2020-07-14,3.529925188999219,3.7106867071891547,2.4947709413644055
2020-07-15,3.553414177639242,3.7245568338035233,2.514363738832381
2020-07-16,3.53849936621632,3.721103873799401,2.4958196612916903
2020-07-17,3.5501678840149475,3.7276932040650754,2.509166244420309
2020-07-20,3.572766218262567,3.7422688003656055,2.523108868260371
2020-07-21,3.5823751419876824,3.7468015095737313,2.5327830141674936
2020-07-22,3.596505289721869,3.75731184690243,2.545573855266436
2020-07-23,3.5657774594144263,3.7417198444255892,2.5210375994451675
2020-07-24,3.5493430377600417,3.731257967736838,2.5076024308739986
2020-07-27,3.5734495363113976,3.7406885627382187,2.5316766565479547
2020-07-28,3.5591188316887434,3.732612445701668,2.526466718890159
2020-07-29,3.5978080518007687,3.7536792592797403,2.5630699396048238
2020-07-30,3.5835731477317276,3.7499468200188826,2.5471113313888187
2020-07-31,3.598603691542492,3.7628372775007297,2.553934193657467
2020-08-03,3.615633123990004,3.774319658892978,2.562172161771074
2020-08-04,3.6340956451550035,3.784563984343799,2.582775574154333
2020-08-05,3.651065047744124,3.7898235749270537,2.5963073688757254
2020-08-06,3.6693367547915834,3.8033787327207986,2.609138927552433
2020-08-07,3.663437121573664,3.801798491797446,2.603155262262327
2020-08-10,3.6711676705684937,3.8042495718143803,2.6099953994333456
2020-08-11,3.646131502224791,3.785346260844879,2.5892163521439358
2020-08-12,3.684833761678195,3.801880816761783,2.6232934653822433
2020-08-13,3.674600108985935,3.790707756019826,2.613135589073562
2020-08-14,3.6732451771614056,3.7886529849199637,2.6120709507533677
2020-08-17,3.6885959119494576,3.7965764149713865,2.628664654199642
2020-08-18,3.693457458128162,3.8031424554801116,2.629120056121125
2020-08-19,3.674139808972827,3.7932910266853836,2.606937521712028
2020-08-20,3.682924607556148,3.8020769776547287,2.613797430437639
2020-08-21,3.6945162490311616,3.8098278307537994,2.623144126047912
2020-08-24,3.7243112024368163,3.824526139292014,2.6486942111758727
2020-08-25,3.7361409356320117,3.8252162896201316,2.661824242916883
2020-08-26,3.759957507422988,3.8405334144248293,2.6751168036797406
2020-08-27,3.7615126675810218,3.8361667785221845,2.6795119288823925
2020-08-28,3.78521624770469,3.849458827622582,2.7012348068533076
2020-08-31,3.766140523871775,3.8486417732859413,2.676205314892957
2020-09-01,3.798378003246704,3.868297101262039,2.7025000359296056
2020-09-02,3.8375612704388167,3.896091702973648,2.7321401979450046
2020-09-03,3.74063306672028,3.8406498526022865,2.6584020074523615
2020-09-04,3.7166153543644826,3.816538359907947,2.6435738256854817
2020-09-08,3.6419203430431337,3.7773473511695226,2.5838908249774106
2020-09-09,3.6961860516646654,3.8064767762894864,2.627943528480008
2020-09-10,3.6457048742926768,3.7803775174561984,2.5851819666454454
2020-09-11,3.650978993980188,3.7838497136301985,2.590127002621224
2020-09-14,3.6929696023496006,3.803651873728039,2.6305314860538016
2020-09-15,3.711706724501939,3.8114665241562387,2.650240378940404
2020-09-16,3.7021498947114404,3.804285837335301,2.6451912757506375
2020-09-17,3.6762947409812687,3.7915887355499365,2.620899549464689
2020-09-18,3.6410661026783293,3.771644112884024,2.5888984354772675
2020-09-21,3.6062716048707544,3.755566026089957,2.554114368869416
2020-09-22,3.6289374453623005,3.7722098202618017,2.5690825778758533
2020-09-23,3.5618418249839814,3.73309013327719,2.5119328560911214
2020-09-24,3.5668242807559487,3.7371312720707373,2.5148861366605373
2020-09-25,3.607587928524332,3.761307319764807,2.5473616682227336
2020-09-28,3.6547252622620032,3.7876758877192964,2.587611157112371
2020-09-29,3.640534957811486,3.779921047864909,2.5759545615835195
2020-09-30,3.6646114256473785,3.7875121597984247,2.5993392288757655
2020-10-01,3.6880346339389645,3.8002785607148444,2.62310295901553
2020-10-02,3.6625079308630473,3.7836295567736333,2.607260830358647
2020-10-05,3.708839640975119,3.8027365447721326,2.6459073369961064
2020-10-06,3.6750200184713533,3.783067927515411,2.62205446748681
2020-10-07,3.7208025244245877,3.807864886182051,2.6573017827712744
2020-10-08,3.7494730463853205,3.8244038035361907,2.6834170621552373
2020-10-09,3.7737248142403885,3.8388533289380846,2.700910438088511
2020-10-12,3.8192503390883092,3.868502784044723,2.7349074162114917
2020-10-13,3.798395168773985,3.8586903809173174,2.7145742721709345
2020-10-14,3.7781740393123027,3.8501013321248423,2.6949376189233614
2020-10-15,3.7721321917001824,3.84622817900928,2.689968431152611
2020-10-16,3.7706931478864028,3.844121874704763,2.6886491414644973
2020-10-19,3.7287213815359608,3.817564214253327,2.6560091926536282
2020-10-20,3.743905877881843,3.8218245704673306,2.672563502340277
2020-10-21,3.7392781027078144,3.816185927338369,2.670322896526651
2020-10-22,3.7511822523763025,3.8206275704187442,2.6789581006750782
2020-10-23,3.764106381401197,3.829194349070557,2.6907248972776823
2020-10-26,3.7116603953638663,3.8034114632103067,2.6463835405252456
2020-10-27,3.7043998636339928,3.803336058571816,2.6379184931975503
2020-10-28,3.6065921228485065,3.7478264857081753,2.5577727982928664
2020-10-29,3.635313417702568,3.7587744067650597,2.584850335509588
2020-10-30,3.603029830231664,3.7370568109866604,2.558704400971198
2020-11-02,3.63950696948939,3.7576906622597557,2.592960523644459
2020-11-03,3.685430375548723,3.7830647739373755,2.630397857226653
2020-11-04,3.7575507742115026,3.832072095865702,2.687634803836832
2020-11-05,3.8142065846194777,3.864110943085586,2.732601708425612
2020-11-06,3.8131440767197384,3.8586852646918937,2.732744079518726
2020-11-09,3.8499576670311817,3.867595769360862,2.772039729557728
2020-11-10,3.842175668579859,3.8615730146557534,2.7674973206383506
2020-11-11,3.864883893079708,3.8746720373707046,2.7859251318319003
2020-11-12,3.8375766100269817,3.8687858828188864,2.7590603828307865
2020-11-13,3.883375092929204,3.890993027432975,2.8026294146760407
2020-11-16,3.922770147221308,3.910742909679463,2.8370485868350945
2020-11-17,3.910102526504589,3.90672069560508,2.827557542894338
2020-11-18,3.8748301178691524,3.888915803121691,2.7964963417461615
2020-11-19,3.8882006555886686,3.899897757633617,2.806316667645473
2020-11-20,3.8733506270633278,3.89130561874304,2.7965029290924677
2020-11-23,3.889823459555993,3.900224295819492,2.8091774925131845
2020-11-24,3.9369866136309017,3.9228051341392605,2.8480339456193793
2020-11-25,3.930125416023685,3.9195269509247255,2.8415687480832497
2020-11-27,3.942327283041104,3.9279327392114856,2.851302194809254
2020-11-30,3.917143014138522,3.9238677370840285,2.8203021248808757
2020-12-01,3.9545636950887126,3.9342333467295925,2.8581604309667896
2020-12-02,3.958551079657673,3.9351304355898273,2.8595206299392046
2020-12-03,3.9661266790586485,3.9385902584085155,2.870829211244365
2020-12-04,3.9943174362851566,3.946440007288444,2.899595214854101
2020-12-07,3.988499750596644,3.946821432646278,2.892306069806606
2020-12-08,3.9957726980837927,3.9516321826970944,2.8960986985495345
2020-12-09,3.9658804785118416,3.934039486020109,2.8715485105755074
2020-12-10,3.9724436104003007,3.9393661764537167,2.878744875685858
2020-12-11,3.966461367104409,3.9401485534126275,2.871027722913354
2020-12-14,3.951099488605774,3.9317392379273413,2.85767130592754
2020-12-15,3.9952313988977783,3.9541906493789916,2.897220319343748
2020-12-16,4.001629923225714,3.9556594289530373,2.903995318284247
2020-12-17,4.021205351564846,3.964393490443658,2.9226851106484464
2020-12-18,4.006206778404105,3.956840478444172,2.9061619173545616
2020-12-21,3.9883720744724296,3.9511819931574976,2.8864037795472464
2020-12-22,3.982199233996279,3.9519518117414574,2.8805078241631974
2020-12-23,3.988036479239835,3.951754001377914,2.8868992265825546
2020-12-24,3.9981443998744752,3.960100420898305,2.8939822394972783
2020-12-28,4.023178366565318,3.9740916531039088,2.913375513686164
2020-12-29,4.024267873597855,3.9714514507813083,2.9176012998178265
2020-12-30,4.036193712858934,3.9751341819908275,2.9325741463087267
2020-12-31,4.051511796773503,3.985048701262026,2.945054096021475
2021-01-04,4.01210423156619,3.9602087049468513,2.912213997130032
2021-01-05,4.042137566682449,3.9686767990848595,2.9433185819712384
2021-01-06,4.047880713612573,3.966500446895576,2.9476399055788143
2021-01-07,4.088607235755436,3.9876394560745516,2.980449569979476
2021-01-08,4.119774410948011,3.9939742400833076,3.015261075911827
2021-01-11,4.0905592594020455,3.9792051650188833,2.9868413242269227
2021-01-12,4.098268737209097,3.981572907587671,2.9959161246709254
2021-01-13,4.11128938669849,3.9934094682503605,3.0074269691344346
2021-01-14,4.108036508875698,3.983095805204732,3.0110107309194434
2021-01-15,4.0843083142152565,3.9738061530428763,2.9912500751545505
2021-01-19,4.114331873393284,3.9895820012469487,3.017213271086357
2021-01-20,4.163623723780194,4.012041125803382,3.064154160264761
2021-01-21,4.164874950508339,4.010078745856372,3.065255616300147
2021-01-22,4.150904970183571,4.004302741188872,3.0526276807776274
2021-01-25,4.169202815499102,4.016801724457973,3.0691275301215732
2021-01-26,4.16183999182327,4.013442443910423,3.0632880251475285
2021-01-27,4.0792128094723825,3.973803959631418,2.988598301914087
2021-01-28,4.105152043897139,3.9858586135454193,3.011672909328977
2021-01-29,4.036967007423579,3.9511114046257227,2.9510913213760865
2021-02-01,4.099129560689684,3.979549930769761,3.0108943697586326
2021-02-02,4.142002008477018,3.9984902111846385,3.049038809905198
2021-02-03,4.145648255525982,3.996920238806972,3.053475773189961
2021-02-04,4.175351819660807,4.01433689500152,3.0772713422676183
2021-02-05,4.1904766240526365,4.017746061499867,3.093022979507994
2021-02-08,4.211906548678637,4.0318318483099524,3.1102579769740326
2021-02-09,4.2181438262587285,4.031785714459741,3.119031513645342
2021-02-10,4.221244855796862,4.033353022386853,3.123458767447515
2021-02-11,4.231811254961714,4.033073773890818,3.136028418674392
2021-02-12,4.243181096316023,4.035497067892348,3.1460719217967226
2021-02-16,4.237082481323732,4.022726709560692,3.14293331616257
2021-02-17,4.23920777695371,4.027850814026884,3.143090880413283
2021-02-18,4.217845726419823,4.019688600278252,3.1219071984070483
2021-02-19,4.2163324916362965,4.0093922679235074,3.1263923661492115
2021-02-22,4.1768413515364395,3.9895221605288342,3.0919574981865328
2021-02-23,4.18433837805277,3.992089694677298,3.1005562049821593
2021-02-24,4.209548825967432,4.008963618361785,3.119406774782005
2021-02-25,4.121879221608442,3.9479386618835264,3.0475430724921204
2021-02-26,4.103894062750912,3.9589823130911936,3.021265211142555
2021-03-01,4.1810551610731395,3.995959408324437,3.0876557576964796
2021-03-02,4.153100464001626,3.983771097364361,3.061204555414419
2021-03-03,4.1142908376585074,3.9538592881128287,3.0326230984729285
2021-03-04,4.064301033878265,3.9274669002278237,2.987138925870214
2021-03-05,4.117925801246123,3.954537194399987,3.0332276768290662
2021-03-08,4.087687300199925,3.9373098197275924,3.0074419037706854
2021-03-09,4.140760104197981,3.968796948368373,3.052660264099565
2021-03-10,4.1572358641357505,3.9826389179348465,3.0645992851727906
2021-03-11,4.204648610880766,3.9986254652950017,3.1134620311227033
2021-03-12,4.196189535905341,3.9872528768141255,3.1083456134256924
2021-03-15,4.217183905690225,3.999389720082064,3.1278302135987954
2021-03-16,4.215328804068682,3.9965055958567173,3.1271334761983076
2021-03-17,4.225070737831579,4.001833064861695,3.1349499917940093
2021-03-18,4.170598476121985,3.9689631582257126,3.088131338079939
2021-03-19,4.1709316039507645,3.967868790543437,3.0887402848278587
2021-03-22,4.1925732403139415,3.9852471056457777,3.104110935101191
2021-03-23,4.162273627251481,3.978580541480321,3.0733377726553837
2021-03-24,4.135231853369931,3.9733529227462183,3.043332792149209
2021-03-25,4.154099598501712,3.9810700826226504,3.061633913044837
2021-03-26,4.214157280055991,4.002944567459565,3.121043564313988
2021-03-29,4.205993228779254,3.998163026182441,3.1119674460998623
2021-03-30,4.201964526162493,3.9957186160031357,3.1101110906749625
2021-03-31,4.214276772898777,4.002716953242381,3.1191107997392318
2021-04-01,4.25500014834894,4.0282968273780915,3.1551665312496486
2021-04-05,4.294373810972786,4.047150084956051,3.187323108585906
2021-04-06,4.299566054116314,4.0545123136552155,3.1918355880316414
2021-04-07,4.29246966260182,4.05268873846264,3.1823632994642748
2021-04-08,4.311190235916488,4.066471606451043,3.196482884871818
2021-04-09,4.324247417502798,4.075523186481442,3.202321431577477
2021-04-12,4.322738952646441,4.075480427762386,3.200990258521607
2021-04-13,4.336672227795355,4.087381330443112,3.2124542988890936
2021-04-14,4.32865265366165,4.079846400219402,3.207538094190454
2021-04-15,4.370370548610123,4.1070501353679445,3.244045397198403
2021-04-16,4.379525483947812,4.106182029693816,3.2536624769085916
2021-04-19,4.36366408223141,4.096097937784767,3.242242053080608
2021-04-20,4.34192552983962,4.087835434905951,3.22579843634727
2021-04-21,4.3735769077561,4.10571130198132,3.2520810923808954
2021-04-22,4.345410453115277,4.091221236418896,3.2290037159511966
2021-04-23,4.384852970360641,4.108592635420435,3.264466243023367
2021-04-26,4.391379131193097,4.109922895099567,3.2710584439275303
2021-04-27,4.38849346271267,4.103587271759953,3.2701308698430243
2021-04-28,4.39227061870919,4.104391198913084,3.274802084074045
2021-04-29,4.409881916909537,4.1137006461249115,3.289390439720919
2021-04-30,4.382542082930639,4.105272903419205,3.2638996961041054
2021-05-03,4.388473478470548,4.110416192538238,3.2669883475966945
2021-05-04,4.364007344912805,4.103137470899521,3.2423933067659063
2021-05-05,4.364299581362306,4.105578841173885,3.2381632099392306
2021-05-06,4.393334060353928,4.1192259666095845,3.2640524473471446
2021-05-07,4.4226510115682975,4.1307285565291725,3.29342703755426
2021-05-10,4.382786429412989,4.110474423855564,3.258880367774382
2021-05-11,4.3518482767055415,4.090467502347606,3.233084352454933
2021-05-12,4.268495500964272,4.047371187886448,3.1569111543471586
2021-05-13,4.304443226995724,4.072057170835619,3.184343830862122
2021-05-14,4.361038266228484,4.102339372525403,3.2337134271639636
2021-05-17,4.353080066150167,4.096027598843111,3.2286529152413923
2021-05-18,4.336789208957054,4.078987652771069,3.223754590812506
2021-05-19,4.3260212115473005,4.071300271190279,3.214705154347347
2021-05-20,4.363896942957452,4.097034808239521,3.2453578238963616
2021-05-21,4.3547077505013085,4.096785198457222,3.2335075825927655
2021-05-24,4.391208105030517,4.115720941410865,3.266037367081161
2021-05-25,4.393006512039645,4.118135300590483,3.270032353541061
2021-05-26,4.403811042828925,4.120519686699861,3.282423452444549
2021-05-27,4.403832469366005,4.118354260297579,3.28236360738026
2021-05-28,4.414214462918521,4.1212899303358395,3.2944476675890755
2021-06-01,4.428736718799594,4.118693336463804,3.32010021404286
2021-06-02,4.4380626689468015,4.124525134282774,3.3307868717289795
2021-06-03,4.418204346925638,4.112571327739786,3.3122512979547274
2021-06-04,4.452365541825432,4.13774183269758,3.3377449605301557
2021-06-07,4.448927034723704,4.134404549659819,3.337853610652525
2021-06-08,4.450017161589743,4.139303314636159,3.338537129901244
2021-06-09,4.446002809800345,4.141809947643657,3.3338288109281344
2021-06-10,4.467400442661776,4.154686177500085,3.3535713531207985
2021-06-11,4.4684312702674225,4.156349101034609,3.3516790006874086
2021-06-14,4.475381537074989,4.153800851986436,3.3604752613355786
2021-06-15,4.463477780015912,4.151823372019319,3.3452114043625074
2021-06-16,4.435134584893687,4.134527865198067,3.3190560491359316
2021-06-17,4.439814340194604,4.141766042392668,3.3224969829878934
2021-06-18,4.395960886646148,4.126152586540736,3.281484106689998
2021-06-21,4.440756626895819,4.143028381506663,3.3230632401531115
2021-06-22,4.452184803902647,4.1544757598677045,3.3267804242235437
2021-06-23,4.451746782596801,4.1511718499076915,3.328735092002136
2021-06-24,4.473626956519178,4.16187232251013,3.3470435147517037
2021-06-25,4.4889414845154265,4.162835478745358,3.364763092591058
2021-06-28,4.49670088048484,4.173356927482914,3.368001602674292
2021-06-29,4.497474130195853,4.17556026371415,3.3670145218141494
2021-06-30,4.494931786041479,4.1787060286854505,3.36025718265169
2021-07-01,4.5076201067207435,4.1866439204944195,3.3685195188181933
2021-07-02,4.531064067907533,4.205001132584246,3.3843152941576395
2021-07-06,4.519317561206145,4.20990805223111,3.3693061914402116
2021-07-07,4.530969352493461,4.220259476460385,3.3772369377846942
2021-07-08,4.4950662820036404,4.20914979861823,3.3417555967866837
2021-07-09,4.537314638261853,4.218853636549609,3.3857576914569365
2021-07-12,4.549897161273538,4.223425312585822,3.3989895095400366
2021-07-13,4.535261635121806,4.212163811677791,3.384068929478837
2021-07-14,4.546679158432833,4.223189086675799,3.3945665458331025
2021-07-15,4.5405229089771355,4.222807720257278,3.3904346279670037
2021-07-16,4.5124357741791155,4.2073084097446625,3.3683297194318804
2021-07-19,4.45970972527774,4.195694636546939,3.3149400926612205
2021-07-20,4.507000503632342,4.217095227790885,3.3599485072391264
2021-07-21,4.531177577028797,4.22246113418019,3.3808456351874434
2021-07-22,4.538082124461829,4.231892963199752,3.3815400823053388
2021-07-23,4.560111374773085,4.247656003609896,3.39652736534065
2021-07-26,4.5552079432382415,4.249699390094317,3.3879705666847695
2021-07-27,4.533460811536492,4.2477217810569545,3.3677066660542865
2021-07-28,4.5477851848142965,4.249411625689856,3.3837081443491286
2021-07-29,4.561459242187737,4.252389027563205,3.395901682276797
2021-07-30,4.543127774269053,4.247508767744189,3.379827933207845
2021-08-02,4.542449229921555,4.249295933180412,3.3793315558491823
2021-08-03,4.568970094347759,4.264077170513476,3.3997114985687937
2021-08-04,4.556901557513015,4.255380763273381,3.3914252883207108
2021-08-05,4.5755461472454195,4.26057621539602,3.410523848961156
2021-08-06,4.571238081003071,4.252097423128888,3.4067008628111877
2021-08-09,4.567942443130325,4.246087109785067,3.403158355694342
2021-08-10,4.568806915174244,4.24489603553157,3.399363212732215
2021-08-11,4.579944169265054,4.251548035730485,3.4104777390948056
2021-08-12,4.5840680076180575,4.256880009912271,3.412372377026612
2021-08-13,4.5922607296798965,4.269248490118776,3.4185204098831643
2021-08-16,4.593880198342958,4.274605626225984,3.416473626846174
2021-08-17,4.562970842565644,4.26136098399422,3.3907052886822955
2021-08-18,4.5295910970818545,4.24290036801117,3.36286198087023
2021-08-19,4.526881090027937,4.249920854910007,3.3588053588172797
2021-08-20,4.55082124457953,4.263594285941386,3.377882940023837
2021-08-23,4.5845395462891,4.27858481336424,3.403465531643359
2021-08-24,4.599897200401876,4.277568378778469,3.4175871556410344
2021-08-25,4.605064809645335,4.276333997731432,3.42209027340656
2021-08-26,4.582209367296937,4.266368964929299,3.404273359252181
2021-08-27,4.620623425966176,4.2887560076690585,3.4380456164211513
2021-08-30,4.638460308521707,4.299230763269624,3.4559513700585573
2021-08-31,4.642266816514258,4.292910272070267,3.465406811075103
2021-09-01,4.656092476211805,4.294649171102545,3.4871908918084147
2021-09-02,4.664761983524694,4.302640259021456,3.49458591797311
2021-09-03,4.665902258722175,4.297803179629671,3.4977281263081625
2021-09-07,4.653537082297334,4.284736756788142,3.4854213098987343
2021-09-08,4.643687760555566,4.2868767640756635,3.47722929066452
2021-09-09,4.626849955556572,4.287782111571456,3.4513850587108035
2021-09-10,4.597364072978093,4.269225310161286,3.423372361110417
2021-09-13,4.609291786723362,4.276890617426301,3.4353680147567864
2021-09-14,4.589747290469307,4.273525740416734,3.4176570527307377
2021-09-15,4.614106554289954,4.285163951348175,3.4368181417078554
2021-09-16,4.601528078226119,4.27801896709299,3.4269794688489834
2021-09-17,4.56729237933332,4.2592565248876015,3.3976724030070886
2021-09-20,4.502879404129663,4.236121407855436,3.3425386815750207
2021-09-21,4.504878265997896,4.235672477170382,3.345563991002881
2021-09-22,4.542820790760304,4.252672678427871,3.379888399490022
2021-09-23,4.578004675386273,4.260250915800826,3.4075983815706854
2021-09-24,4.571618819202274,4.258580730314635,3.3953809221053404
2021-09-27,4.562376788117034,4.250183885090774,3.383606791030898
2021-09-28,4.490916624138907,4.2055311010224035,3.3298090273101466
2021-09-29,4.492838778972972,4.210091756406888,3.3328467365610517
2021-09-30,4.457973167625336,4.189423919038535,3.301358064940267
2021-10-01,4.497074137522592,4.216647359903469,3.3342653540044824
2021-10-04,4.451172764035836,4.193537081934688,3.2997607565544764
2021-10-05,4.480935971719804,4.204505968901122,3.319365100553475
2021-10-06,4.492405643164143,4.212474807658094,3.33111367626047
2021-10-07,4.5267745540808235,4.219991351545697,3.364079742523893
2021-10-08,4.519479935004191,4.211382699598666,3.3573316674793663
2021-10-11,4.496830075597779,4.195135124781139,3.34286149952334
2021-10-12,4.493097883226105,4.200243511513459,3.34219974285783
2021-10-13,4.515101130409551,4.212017191506151,3.3640008102175103
2021-10-14,4.569941143030861,4.245226145194478,3.4075531718223284
2021-10-15,4.597111199394831,4.252112710216981,3.431529101233616
2021-10-18,4.604450106466139,4.255463641495902,3.437319034439681
2021-10-19,4.632926875988091,4.2615595960852115,3.463446508127935
2021-10-20,4.6481363148591415,4.26665481146528,3.4814102221116556
2021-10-21,4.65073763801043,4.265937831882436,3.4828077796337964
2021-10-22,4.649185588705591,4.268964399876652,3.4820853605062045
2021-10-25,4.669939956961623,4.280802975086719,3.499233874965767
2021-10-26,4.671766475332262,4.287018690462397,3.498995493463456
2021-10-27,4.6539540522176415,4.28756649619335,3.4781194421210313
2021-10-28,4.686592458157206,4.302552900880276,3.507995039990377
2021-10-29,4.6808361659927185,4.305495435352091,3.494064591463838
2021-11-01,4.691486106980845,4.307011836428697,3.5066842450830085
2021-11-02,4.701394918796033,4.319294239211978,3.5116687177615384
2021-11-03,4.722063918269153,4.325144186114813,3.530295213488339
2021-11-04,4.735150579179277,4.342014832828444,3.532390835385737
2021-11-05,4.749683419177771,4.358256243506357,3.542983580310975
2021-11-08,4.756008868196131,4.354976906096922,3.550039490150506
2021-11-09,4.746202260930176,4.356474895545223,3.5419933024070898
2021-11-10,4.712296288177382,4.324782534701157,3.5188072188799113
2021-11-11,4.7223386249702815,4.320573869458377,3.5319090701811255
2021-11-12,4.74668369872345,4.333140189749718,3.548711798436229
2021-11-15,4.744799257322915,4.324200493010619,3.552942514698687
2021-11-16,4.755694548897771,4.330174317400793,3.556716102405466
2021-11-17,4.7478193640840125,4.332063181207496,3.55071946528196
2021-11-18,4.751847038511689,4.340247880875442,3.5500116520438203
2021-11-19,4.745296074067457,4.342116446069925,3.5404724276713395
2021-11-22,4.726720961961646,4.32472099443012,3.5254334707149657
2021-11-23,4.72930950654321,4.316813373989063,3.53404112843083
2021-11-24,4.741892060081845,4.327364678745312,3.54851714869631
2021-11-26,4.651415854017752,4.306805171190685,3.4577254374881146
2021-11-29,4.6931393766422485,4.329109591004569,3.4911377488805138
2021-11-30,4.629112193006727,4.299795206813419,3.4350047111316644
2021-12-01,4.593546352217059,4.2814735803306885,3.40174746787562
2021-12-02,4.65366154330001,4.306685503535107,3.463285610218618
2021-12-03,4.621712121351012,4.302336909378349,3.434035639744442
2021-12-06,4.6634174947363505,4.313219235410388,3.4767016806851636
2021-12-07,4.737627525085228,4.344844743011256,3.5405791372128896
2021-12-08,4.748004438605312,4.342737048770104,3.554778916064523
2021-12-09,4.720367177970865,4.331042479654995,3.524664467671413
2021-12-10,4.750838034030382,4.348228253606733,3.5478172654099596
2021-12-13,4.719644561469679,4.341573948485423,3.5295311002337013
2021-12-14,4.692084731552749,4.3245374407426045,3.502071027452551
2021-12-15,4.741463547339447,4.349733277410163,3.5463263680715773
2021-12-16,4.715784157608694,4.337673241213409,3.527731712533524
2021-12-17,4.6808855561154346,4.322167796737646,3.501594146611623
2021-12-20,4.636805432997976,4.299873297171407,3.4648849664413945
2021-12-21,4.702063460432579,4.328331935336804,3.520078922162576
2021-12-22,4.7389506863904245,4.348063062644229,3.552974017656191
2021-12-23,4.759833232418175,4.355882012903186,3.5677802927578575
2021-12-27,4.811691136534301,4.382370377564596,3.616176342993001
2021-12-28,4.807966439688851,4.379768678472694,3.6162730681259907
2021-12-29,4.809025399678126,4.374390464721954,3.6232339773955284
2021-12-30,4.809749794876836,4.375057281344577,3.6269576403807733
2021-12-31,4.799552046090659,4.369624748170903,3.6217225762906566
2022-01-03,4.814072171948873,4.36238043064857,3.630240066625017
2022-01-04,4.810616683212829,4.361550992408897,3.626636569243271
2022-01-05,4.733562901542452,4.319039500325556,3.5494373224663023
2022-01-06,4.733330927381557,4.314684389662791,3.550352255234243
2022-01-07,4.724274078983255,4.30010631708234,3.5395974871902895
2022-01-10,4.718580197691826,4.295610233134406,3.531394114552398
2022-01-11,4.762976997340145,4.317342586958038,3.562661511094202
2022-01-12,4.783140174883061,4.322507380653725,3.5772863227853176
2022-01-13,4.734556111841415,4.30038960072913,3.5391671790503847
2022-01-14,4.727967513406434,4.287694986342221,3.531148309853453
2022-01-18,4.656944789779066,4.239688862334881,3.4754483364391335
2022-01-19,4.630369576707147,4.225542359903762,3.4431516457963998
2022-01-20,4.602060142778621,4.206490297931613,3.4111998521858373
2022-01-21,4.541649353054071,4.18022972846419,3.3623657767106687
2022-01-24,4.542051260449825,4.185015466434044,3.3661449467007905
2022-01-25,4.506456683715753,4.160825125771195,3.3372383864952626
2022-01-26,4.482109664471558,4.1429259003963805,3.312345805284584
2022-01-27,4.460644875000039,4.142131545266098,3.2826280291198655
2022-01-28,4.536324981852251,4.187397216073378,3.3620770458924683
2022-01-31,4.609862799134915,4.219555950698678,3.4239060853448358
2022-02-01,4.631524885424271,4.231083888130288,3.4372136203954624
2022-02-02,4.660787203186357,4.2515473490216085,3.4682168173554615
2022-02-03,4.581947166761836,4.198194756284156,3.4045867793587012
2022-02-04,4.588255554633462,4.191750380433697,3.4061195952023082
2022-02-07,4.5786171851807485,4.186997577060723,3.3973700003193112
2022-02-08,4.603859923154878,4.197530000217642,3.4133732334056988
2022-02-09,4.660616176959186,4.22941961413094,3.4714520295439417
2022-02-10,4.592129890572143,4.171861695313099,3.4080490072183904
2022-02-11,4.53167687881314,4.144619073666013,3.3528814830574682
2022-02-14,4.510559131065507,4.12571258889364,3.3348951371425994
2022-02-15,4.5691989715010894,4.155043543656504,3.3840878852096226
2022-02-16,4.579628973326419,4.159843735969788,3.393697622428727
2022-02-17,4.5130868178282935,4.120082409502252,3.335410762230196
2022-02-18,4.489429054517307,4.111380833138904,3.3128490310965204
2022-02-22,4.449314077411205,4.087514589295627,3.2826592814517137
2022-02-23,4.387333209603435,4.042869535143407,3.2279117281490675
2022-02-24,4.4165065785172954,4.076089371636887,3.2645042354457936
2022-02-25,4.492342507960882,4.121937923367492,3.337119723329174
2022-02-28,4.479923817499016,4.131862112918444,3.312698673809617
2022-03-01,4.434765254816218,4.112973645662561,3.272434270271263
2022-03-02,4.4764198520621425,4.124115199338555,3.326774347504365
2022-03-03,4.458607296654101,4.121110690550717,3.31948752027807
2022-03-04,4.42842281152933,4.113151253620369,3.300414535574099
2022-03-07,4.317039725412967,4.041918942723563,3.2097311903549266
2022-03-08,4.295511662764709,4.019728629286494,3.191746032775422
2022-03-09,4.382266906652621,4.081008557530547,3.2667112177516926
2022-03-10,4.353734374096744,4.060848966651012,3.254366570585907
2022-03-11,4.305736316844861,4.029208751159566,3.2151485150150108
2022-03-14,4.261383842240476,3.9959696314837196,3.186029073119881
2022-03-15,4.321179356483545,4.052633813724154,3.235161175495211
2022-03-16,4.430854123039455,4.108566072350462,3.3141467899802954
2022-03-17,4.465332123216737,4.142792948149094,3.3528763915509954
2022-03-18,4.505994147955008,4.174316000869765,3.3796672017977487
2022-03-21,4.484516034383136,4.157963348565624,3.3679371436411247
2022-03-22,4.526058702537285,4.183918855224529,3.400262209419932
2022-03-23,4.487797668258208,4.156740482962506,3.360169536777643
2022-03-24,4.531235412233779,4.192092782949291,3.3990222704065594
2022-03-25,4.53479172763178,4.192371938750674,3.419044453677594
2022-03-28,4.561113780552531,4.214913403155618,3.445702905895338
2022-03-29,4.617526121948258,4.255051282123103,3.507129723358131
2022-03-30,4.599120737573315,4.242754211231675,3.4854544665459137
2022-03-31,4.542917270193423,4.200984782152919,3.435229211912334
2022-04-01,4.564533797391874,4.205624140407507,3.4665181045279687
2022-04-04,4.599610574348978,4.229501409715436,3.4850756683482027
2022-04-05,4.541622040919562,4.180049182099095,3.447185572099817
2022-04-06,4.505879299445125,4.149856927472658,3.434433864694031
2022-04-07,4.509947103820159,4.15878496077348,3.4319949918104844
2022-04-08,4.499118148337269,4.14375339105669,3.428380822967733
2022-04-11,4.43817423815914,4.0940136829544755,3.3777156075710053
2022-04-12,4.428709704273503,4.090117280396637,3.3675184769208815
2022-04-13,4.471092640476382,4.121414623550408,3.402691341120353
2022-04-14,4.420850425560382,4.077258810728757,3.3678010702593824
2022-04-18,4.4160786859434715,4.073226983013186,3.363447113898891
2022-04-19,4.455296536310119,4.10273780337625,3.4144170787521433
2022-04-20,4.458372956550093,4.110181581358998,3.4263778099802815
2022-04-21,4.39918940408097,4.064130907858046,3.3811935356202527
2022-04-22,4.315743568402758,3.995529311599425,3.305289626207781
2022-04-25,4.331453418083567,4.020160444145745,3.3114074846211836
2022-04-26,4.241615468247493,3.9559940020872526,3.230096052737307
2022-04-27,4.250697674615923,3.9559100281712483,3.2338007948521623
2022-04-28,4.327233910353469,4.014054168106282,3.304992928100847
2022-04-29,4.217780011039372,3.91613761097575,3.1902497324733057
2022-05-02,4.221875849841402,3.9211549663549445,3.1794705396569043
2022-05-03,4.2425739596257825,3.935375766541331,3.201980922733546
2022-05-04,4.334343443526301,4.016486312090397,3.274935574089463
2022-05-05,4.2039400664984425,3.915369200835326,3.1659536535168677
2022-05-06,4.174376965579409,3.894817821207026,3.1389283883851697
2022-05-09,4.072178109115914,3.810307718617168,3.0292087661897473
2022-05-10,4.079541089033935,3.81303330599795,3.0200794444617776
2022-05-11,4.039807578071902,3.7808071753425674,2.9866667630640222
2022-05-12,4.036654726844136,3.7833195935805404,2.988684627067971
2022-05-13,4.11104550261048,3.8402318412303096,3.0635863609470437
2022-05-16,4.099489847684131,3.8315314709334847,3.049305636758887
2022-05-17,4.161928609903967,3.876301297757838,3.107732416688782
2022-05-18,4.045112124428551,3.777603862800151,2.9984009032072394
2022-05-19,4.041318718311352,3.765559610636674,2.9898031479753366
2022-05-20,4.048762866916641,3.7723278802307636,2.997406185484214
2022-05-23,4.096932809509897,3.8136188137656957,3.0432807573769707
2022-05-24,4.076420504364645,3.808639559245452,3.0296542496512044
2022-05-25,4.105861941670434,3.8364140090431853,3.054609762932935
2022-05-26,4.162989358589779,3.8810004007300116,3.0980517574428923
2022-05-27,4.237344374365193,3.9488396629370324,3.1709335333106674
2022-05-31,4.2236732650305635,3.9234175370740796,3.155136915495668
2022-06-01,4.193653057831271,3.8964997138468718,3.1298781553419905
2022-06-02,4.2556404101701,3.9471465726997987,3.1842289344092047
2022-06-03,4.19955467118944,3.9014939103861694,3.1346852559702008
2022-06-06,4.2044727949003455,3.900017152856316,3.1398839724397685
2022-06-07,4.236513002124303,3.9318772077236863,3.1709407329353994
2022-06-08,4.204080636717067,3.899788864946352,3.134872922718562
2022-06-09,4.124044520055893,3.8426060242199322,3.0604339519017025
2022-06-10,4.035463736357885,3.7644416755319843,2.985360062452124
2022-06-13,3.9004088773626058,3.65500760608795,2.8646558557139152
2022-06-14,3.895260540567664,3.6395489455798344,2.8605442073755882
2022-06-15,3.94921470751051,3.686660641531047,2.9073113985579853
2022-06-16,3.8516823568933134,3.6191242902393617,2.8170178163704835
2022-06-17,3.8600036330436707,3.6234561942238463,2.8275502911772437
2022-06-21,3.924725744539272,3.669811609283347,2.88683697490771
2022-06-22,3.919552454330048,3.6789687631307366,2.8843131203050283
2022-06-23,3.950875245406195,3.706323801588325,2.916014159149422
2022-06-24,4.0407553321485,3.7723728431767234,2.9974257922251066
2022-06-27,4.02827614264012,3.756981625599189,2.9900452880455
2022-06-28,3.9741683736741074,3.7123450243937772,2.9417338728973914
2022-06-29,3.9736640929462994,3.7194706215219386,2.933957590396004
2022-06-30,3.9556067657411025,3.708913591173376,2.916224352103956
2022-07-01,3.9869186422184026,3.7446467918163493,2.9446637509676172
2022-07-05,3.98778049688065,3.7516683539056257,2.942348762335358
2022-07-06,3.9857960841447517,3.7484220759395686,2.94417131236186
2022-07-07,4.031029923430582,3.7776017840593155,2.9816208506902155
2022-07-08,4.0247848165687055,3.769940959616904,2.9762723505383293
2022-07-11,3.9854752816445185,3.7495334018118585,2.9415911124917873
2022-07-12,3.9629846323995763,3.730613369734318,2.92139524632871
2022-07-13,3.9517115935574996,3.722542957928646,2.907725883716985
2022-07-14,3.9360916369484538,3.7105948488599054,2.892980406438571
2022-07-15,3.9896938553245587,3.761488797265068,2.9403887378790565
2022-07-18,3.970131218608769,3.7371910830741744,2.923953832377676
2022-07-19,4.046265923343951,3.801385455646672,2.997271491644196
2022-07-20,4.05789881504403,3.8145005446572706,3.005030218788865
2022-07-21,4.097912435593993,3.850475284776436,3.0345887244546277
2022-07-22,4.077344399452575,3.840265354909709,3.0166260762659522
2022-07-25,4.079424559272812,3.838662147453338,3.0217368682602554
2022-07-26,4.046367296424127,3.811423809495897,2.9973211293848223
2022-07-27,4.123300428683923,3.876463410862481,3.0570583885782754
2022-07-28,4.169340422194971,3.9228041920313235,3.10613483079483
2022-07-29,4.203775247426836,3.9587084420419902,3.135180063120154
2022-08-01,4.192699778752814,3.9541605357627096,3.1193304252579748
2022-08-02,4.161516542698841,3.9217066493228803,3.094855202093216
2022-08-03,4.209635765584809,3.9654871452427316,3.1303050523240286
2022-08-04,4.213917936819044,3.966644969380956,3.131188281177342
2022-08-05,4.2008527115700804,3.9485755911082983,3.1305399957402384
2022-08-08,4.2045525237187915,3.9539014379885438,3.135670647162591
2022-08-09,4.191507428390111,3.941831316697089,3.130293684614779
2022-08-10,4.256948065625622,3.9968928195181976,3.187351735848636
2022-08-11,4.254088653051164,3.9887892358093477,3.187630929598854
2022-08-12,4.311358646330868,4.038161696804663,3.2384575270753637
2022-08-15,4.321240300714333,4.05059471295622,3.2470781299531755
2022-08-16,4.324346442658557,4.052974139448399,3.2487564022153985
2022-08-17,4.296718186703647,4.026069489340579,3.2280965339673764
2022-08-18,4.3013265664025795,4.035549578997212,3.2257536843555106
2022-08-19,4.249720182945355,3.9910511724552,3.184503199167952
2022-08-22,4.182627700434388,3.9317942399591823,3.123695559409701
2022-08-23,4.176665061010508,3.9240381164298257,3.1125142004275874
2022-08-24,4.183398587956434,3.928412928412287,3.122510882115326
2022-08-25,4.2395845285577725,3.9715906926578612,3.171031527224304
2022-08-26,4.13735178634545,3.8844673983707096,3.0800943751658387
2022-08-29,4.1112909855883,3.861107505424666,3.058213350183234
2022-08-30,4.075745288298125,3.836056410646173,3.022189304029786
2022-08-31,4.053801278919183,3.8104587014302504,3.0069102105089693
2022-09-01,4.053356658172313,3.811561234959803,3.0098119736522215
2022-09-02,4.0223059226386395,3.790185403340387,2.976381968052053
2022-09-06,4.000130031536673,3.7692377344135357,2.96988388309373
2022-09-07,4.0576947124396945,3.821489875351764,3.0198064258070154
2022-09-08,4.068204783697485,3.8402364906636692,3.0304244514293575
2022-09-09,4.116633522814759,3.8919239878688368,3.074060802524175
2022-09-12,4.152528809962863,3.9313045948317846,3.1087239583611317
2022-09-13,4.012954427752195,3.7709731568525706,2.984249033873873
2022-09-14,4.023782803665729,3.763413665803663,2.9864976797213134
2022-09-15,3.9842361588196287,3.7112192627577563,2.948463284761705
2022-09-16,3.9603376488339586,3.6941655016220833,2.9299434813558647
2022-09-19,3.9788329160401914,3.709359677657942,2.9444470416577153
2022-09-20,3.9400225902808113,3.6495340126458182,2.9059145003987807
2022-09-21,3.8894335926695214,3.589609013393342,2.8566191820751383
2022-09-22,3.8560102221103594,3.553557413415326,2.831940353174693
2022-09-23,3.799180157378351,3.499568572576572,2.782337473166908
2022-09-26,3.7546235142211453,3.4411867152263733,2.7430382802517492
2022-09-27,3.742502815129145,3.41870714550825,2.7306753759994735
2022-09-28,3.8076316167653483,3.4870494993161145,2.779415116660605
2022-09-29,3.7389067679224564,3.4045574148394055,2.715768441187616
2022-09-30,3.702601669978655,3.3857518600330514,2.6944497453697256
2022-10-03,3.7785175638518793,3.463149035463796,2.7557517950355757
2022-10-04,3.8709659709392565,3.55474705932078,2.8358993763119704
2022-10-05,3.8579929198282246,3.523930133600687,2.8207905450028186
2022-10-06,3.822806633302114,3.4658390836004758,2.783999147756778
2022-10-07,3.7393901595274857,3.4004897447031426,2.712330726054538
2022-10-10,3.7097608082136775,3.3788644492526476,2.687234654132174
2022-10-11,3.6896953643374806,3.3670232633611827,2.67433218608988
2022-10-12,3.682032091388697,3.361601183767788,2.6638025560907486
2022-10-13,3.7414566558296034,3.4097138230840596,2.717505792669916
2022-10-14,3.674108396070688,3.3557554533660374,2.658453251665833
2022-10-17,3.7521167794432,3.4098428516802084,2.7342618457001104
2022-10-18,3.781838015042089,3.4361622129956975,2.759905354965225
2022-10-19,3.744924436892127,3.409700536957895,2.7242658844940206
2022-10-20,3.723650701963903,3.384275107928955,2.7112525404232506
2022-10-21,3.7883239772373707,3.435771280700743,2.7632765680909026
2022-10-24,3.795294714664784,3.4594196919949702,2.763786249973982
2022-10-25,3.850949588671185,3.5063780055122935,2.8171729380302653
2022-10-26,3.8450470960093055,3.496266047000839,2.812155765226413
2022-10-27,3.832966183581052,3.491810884246784,2.7998779590935023
2022-10-28,3.886880238814091,3.5387266521308236,2.850130420860627
2022-10-31,3.8652618825593703,3.518461842945272,2.8354178478454446
2022-11-01,3.865737902820488,3.5115851740453055,2.837001550878608
2022-11-02,3.7961689158220406,3.455504892754448,2.7730514732504132
2022-11-03,3.7722747158598784,3.4289456807410787,2.7579539541728755
2022-11-04,3.8290099106833724,3.458556269773448,2.811640297021831
2022-11-07,3.848722877900174,3.4784058929422375,2.8280133435321413
2022-11-08,3.8691101018449827,3.4939443545323106,2.8424067199718066
2022-11-09,3.8107948814023236,3.4363197601542557,2.7925187528085855
2022-11-10,3.9860438803364877,3.650146400093624,2.9506603700391754
2022-11-11,4.023763702922949,3.6710394133540944,2.9796231251870973
2022-11-14,3.992751213085122,3.6164323147237556,2.943610876885802
2022-11-15,4.034378151540035,3.650599820739136,2.9768443542540397
2022-11-16,4.010108627906041,3.6206237168331463,2.949237291445385
2022-11-17,3.998962394002779,3.6041258055400656,2.939687685540956
2022-11-18,4.007720396349474,3.632123002232832,2.9542498289890857
2022-11-21,3.9922362823384154,3.631807057240811,2.9459700549323315
2022-11-22,4.031367816522783,3.6690473892498106,2.9748473239405864
2022-11-23,4.056542233828744,3.6841284396725738,2.9904013511462177
2022-11-25,4.0546706961179515,3.6929499809401163,2.992568751472766
2022-11-28,4.0065243726403486,3.61807753376846,2.9418894051482685
2022-11-29,4.014358214434471,3.6380460754358084,2.9603588902048115
2022-11-30,4.1177431640111175,3.740068045079907,3.04609258753513
2022-12-01,4.120646223692711,3.7351945647007927,3.041590271201687
2022-12-02,4.122996915192589,3.7281990552372064,3.0390351420009143
2022-12-05,4.061376589468161,3.660731259508415,2.9872485419760557
2022-12-06,4.02619795885863,3.615248942970213,2.953922971185027
2022-12-07,4.026679669869058,3.621628943450253,2.948854849137649
2022-12-08,4.05117031518482,3.6382982458302036,2.9738295517448483
2022-12-09,4.023756915160841,3.6150239153058195,2.955616212552136
2022-12-12,4.058228235976469,3.6496118050514514,2.9842340676521686
2022-12-13,4.089967093866545,3.680822320549492,3.0134946108060645
2022-12-14,4.075178542097484,3.66612016032134,2.997838025049518
2022-12-15,4.000796949931991,3.6082671235006254,2.9323829320951544
2022-12-16,3.9672989781570713,3.5695523949340062,2.896995224597065
2022-12-19,3.940198676904973,3.540032105078567,2.8749235790489007
2022-12-20,3.9369716374978054,3.534841989713966,2.875595576399558
2022-12-21,3.9809093501168684,3.5725598739458113,2.9114492076679515
2022-12-22,3.9409307226217445,3.5400818503298015,2.8790317592753483
2022-12-23,3.952258775145518,3.552144873659712,2.893612365029977
2022-12-27,3.9451890483740724,3.536157278906865,2.894707037127238
2022-12-28,3.9030991762015024,3.501316197580261,2.854691014343373
2022-12-29,3.9612280234339745,3.551238712448742,2.907688365047987
2022-12-30,3.9417388015973214,3.53789617765182,2.8909708285649427
2023-01-03,3.941797606765835,3.5353859353028856,2.8889378901746485
2023-01-04,3.9859349524261303,3.5663945828082824,2.9328026695044103
2023-01-05,3.9516023900163777,3.5303348831502914,2.8944433165898134
2023-01-06,4.031488445892843,3.600448227434966,2.9620682339274826
2023-01-09,4.036895166032955,3.5997357484220625,2.9661793704447006
2023-01-10,4.055082462912726,3.6181199410256686,2.984587804926026
2023-01-11,4.099862404235631,3.6973398633812793,3.0289008403081583
2023-01-12,4.120385152200643,3.72430318411181,3.0457051251410947
2023-01-13,4.129504986187811,3.723487805580419,3.0537664653103156
2023-01-17,4.120533329068009,3.7236911557303,3.0482013384775044
2023-01-18,4.083543154670347,3.6667131838822344,3.0067941800172377
2023-01-19,4.06766945334224,3.642655332132906,2.99584509809219
2023-01-20,4.1203057632907525,3.700539378788884,3.0457809633881157
2023-01-23,4.152697359833386,3.733808376372055,3.0749595679523853
2023-01-24,4.15480847148724,3.735169637161673,3.0748552911659743
2023-01-25,4.157461356324812,3.736687093053856,3.0764489054443094
2023-01-26,4.191186626022616,3.7780795813673125,3.1093485946209882
2023-01-27,4.1947520923313615,3.8003261373187613,3.1165560037546025
2023-01-30,4.145838811381024,3.7523622277212274,3.0721020746617853
2023-01-31,4.188280622876676,3.8170697317712623,3.1092579395115605
2023-02-01,4.229854877296388,3.8506763899029766,3.140917356000705
2023-02-02,4.2682903913697,3.919469328542639,3.1771648045205154
2023-02-03,4.21766167642915,3.8647666450571223,3.1337372496245686
2023-02-06,4.186897673423095,3.839302213038389,3.108155600621755
2023-02-07,4.220316586361373,3.865725150992766,3.134085198627514
2023-02-08,4.191963272294242,3.8330612502092265,3.1093960981587156
2023-02-09,4.1674153700424,3.796364495003421,3.0876528855966434
2023-02-10,4.164301066073846,3.806935181979264,3.089511501681848
2023-02-13,4.2030435706881795,3.8472770888395726,3.1218971793538053
2023-02-14,4.196211187329699,3.8339913739276295,3.1143020552487686
2023-02-15,4.198445262245911,3.8475895251793966,3.1189688479159634
2023-02-16,4.158104374189857,3.800805041610675,3.0861363895396
2023-02-17,4.146452482874879,3.789163828070963,3.073078940325941
2023-02-21,4.076839068094458,3.713130087518428,3.0151858962824565
2023-02-22,4.07114715306079,3.6966438964600288,3.0038651122899456
2023-02-23,4.091491246154241,3.7195238923547187,3.0211602501498014
2023-02-24,4.0437443561493875,3.669635821507208,2.978162702215042
2023-02-27,4.056986987879964,3.6793851645383775,2.987876285284139
2023-02-28,4.043541840333882,3.669135419709651,2.9768101246140946
2023-03-01,4.039363818423975,3.6423064496983755,2.9715884230072627
2023-03-02,4.060732522082464,3.676265978767142,2.9953099322971184
2023-03-03,4.114650286286697,3.733980808227699,3.039210623143104
2023-03-06,4.111427078018943,3.7297715791560653,3.0359378199145644
2023-03-07,4.0578811566051405,3.6608380384603376,2.9830651188367057
2023-03-08,4.065517218723949,3.680939083379172,2.9959183123300184
2023-03-09,4.006153581491432,3.6065438201816042,2.9357348959767253
2023-03-10,3.9722901006621174,3.5460655316173177,2.8888151512090605
2023-03-13,3.978926097324105,3.553931087423111,2.894297859078895
2023-03-14,4.0150044943675205,3.596830063508779,2.9284783343254825
2023-03-15,3.9985866410293265,3.5713601573061604,2.906389873163701
2023-03-16,4.045331877442273,3.6174046823554358,2.945289792598812
2023-03-17,4.014772164228568,3.570397699815729,2.908378417320532
2023-03-20,4.0385070915778,3.602203835212436,2.933661767164622
2023-03-21,4.072106397664692,3.633486110976219,2.9602227357668034
2023-03-22,4.034158775290029,3.5702149580425147,2.91204934013283
2023-03-23,4.049711929648217,3.5808114395128694,2.922314594212616
2023-03-24,4.069915210525384,3.611875028138882,2.9454107450426585
2023-03-27,4.061686717720762,3.611460556767648,2.9447061981076916
2023-03-28,4.062761346257393,3.614361475568062,2.9484553347279303
2023-03-29,4.104733280044811,3.664524640082622,2.9877860859003444
2023-03-30,4.12836132957512,3.694244758040147,3.0117765121207687
2023-03-31,4.170695149283517,3.741275850953001,3.0482093696685935
2023-04-03,4.183853028861924,3.7451311621620333,3.052182446844448
2023-04-04,4.172793041325293,3.7314500306212683,3.041156082909783
2023-04-05,4.163535717108617,3.715958598710368,3.028311438707025
2023-04-06,4.176189737766192,3.7328370931731816,3.0418384395595375
2023-04-10,4.174175856249147,3.739435360623621,3.046916148109036
2023-04-11,4.179763038192139,3.7470731966406725,3.053931565018986
2023-04-12,4.165420398534884,3.7298301043795465,3.0389148215852004
2023-04-13,4.206077589823919,3.7613899533162694,3.07175508646308
2023-04-14,4.1895912007350935,3.736601259835891,3.055878669693244
2023-04-17,4.200605494844716,3.7690919973786645,3.075486934216345
2023-04-18,4.20232629300526,3.767530527158312,3.074652492116834
2023-04-19,4.195628679305035,3.7698622247740934,3.069704754228977
2023-04-20,4.1829307090358885,3.7458688090819066,3.053729133709163
2023-04-21,4.177862879500313,3.744170154899018,3.048293534897679
2023-04-24,4.181891972840757,3.7414823260872074,3.046727089823535
2023-04-25,4.1341575473451595,3.6876300367783834,2.9991277351768852
2023-04-26,4.121919986453271,3.6698477439272748,2.9910338077294316
2023-04-27,4.180227146828794,3.7434682156837464,3.0472688724980297
2023-04-28,4.211621888627115,3.778276051108561,3.072591288493839
2023-05-01,4.196755261328273,3.7663737766031127,3.0646807632198576
2023-05-02,4.167590969147291,3.71827543526231,3.0285917924641987
2023-05-03,4.152458679945181,3.6979417914130117,3.0130230711247177
2023-05-04,4.139727325867697,3.69413045415703,3.009818537804464
2023-05-05,4.193978831102029,3.758550051066982,3.0609255962572677
2023-05-08,4.189079612408915,3.752888236407907,3.0590004556588477
2023-05-09,4.172746832991357,3.7359391716321904,3.0443981014838495
2023-05-10,4.191630697192348,3.7573454407178652,3.056891526824532
2023-05-11,4.185719116561303,3.7394113579120387,3.0459446779669905
2023-05-12,4.170522591074312,3.732340880494498,3.0345010710841387
2023-05-15,4.187476073348561,3.7442685767105757,3.0539155862533796
2023-05-16,4.159727834801405,3.697966891380211,3.0248886458642974
2023-05-17,4.194196415439869,3.7418749241981524,3.056489136864139
2023-05-18,4.210803213768086,3.7563925027315577,3.0680189867604444
2023-05-19,4.205278768545648,3.7514969879685958,3.06517772332933
2023-05-22,4.211433273776324,3.7620850098256637,3.074884090738676
2023-05-23,4.172562156631069,3.720478704036035,3.0378880263408816
2023-05-24,4.14373148993131,3.6774207120890736,3.0094156501002387
2023-05-25,4.16129488420099,3.696006322355928,3.0236220082551304
2023-05-26,4.207325272754344,3.743842049824931,3.065734930106353
2023-05-30,4.207892738130801,3.745034911358727,3.0593052294841927
2023-05-31,4.1920495105438125,3.734830274769673,3.0441158665534647
2023-06-01,4.229417595765663,3.7625168335098245,3.075105522371646
2023-06-02,4.276823729771939,3.829009831112713,3.126049343846676
2023-06-05,4.270279636037403,3.816436599765723,3.1190703477089285
2023-06-06,4.284053078992902,3.83550746764792,3.1343382549572323
2023-06-07,4.271081583016828,3.8471792246441767,3.1327256420397998
2023-06-08,4.294675726778136,3.856386125898241,3.146844890129199
2023-06-09,4.299081164600737,3.8534098179091316,3.1507191362059164
2023-06-12,4.325882004650479,3.8751154592683723,3.1695168334129837
2023-06-13,4.3467053951950945,3.9010061507652893,3.192910722779806
2023-06-14,4.355938967793569,3.9102201078429055,3.202772967756856
2023-06-15,4.402074085021071,3.948344136341563,3.23650285772529
2023-06-16,4.387793731271797,3.938618667427056,3.226850634998119
2023-06-20,4.360948365121227,3.9064941064615573,3.195588187531433
2023-06-21,4.344511563081632,3.885307085669861,3.179048013137337
2023-06-22,4.345028368725252,3.873752245041909,3.1761381229278136
2023-06-23,4.315894217426451,3.834919898713063,3.143747907992193
2023-06-26,4.312025938889594,3.8563895909333556,3.149668133259206
2023-06-27,4.347914666092197,3.90036702798116,3.184291746691875
2023-06-28,4.348445669392973,3.902493526847588,3.1814462638831316
2023-06-29,4.351249695255663,3.926188068100517,3.190719269151595
2023-06-30,4.390995166925913,3.963178841844822,3.222260491865541
2023-07-03,4.401637320619818,3.9815137001912966,3.237904921213766
2023-07-05,4.390447832864151,3.9800660359565843,3.2316124167273386
2023-07-06,4.34967449145353,3.9469387445266375,3.1969317647404965
2023-07-07,4.349243001286824,3.9396756026756505,3.1991979614266044
2023-07-10,4.359746845345605,3.951811650213448,3.206886661006851
2023-07-11,4.387662760027637,3.988698936515427,3.2342278449648156
2023-07-12,4.431197662259703,4.016559483505632,3.2684402087286086
2023-07-13,4.46775395043083,4.04599553625413,3.297010829836404
2023-07-14,4.458005316743883,4.041300771053825,3.2906113818347587
2023-07-17,4.46814786116444,4.039263014499858,3.2943196557645353
2023-07-18,4.483987372439697,4.048591022454107,3.300496539101072
2023-07-19,4.493796858658975,4.072012177575345,3.310396409081285
2023-07-20,4.465432426652991,4.050439729066467,3.2899909830152363
2023-07-21,4.466025231524583,4.057922369128913,3.291811424498259
2023-07-24,4.4868649662413045,4.082129658688188,3.315200926553418
2023-07-25,4.4973571572294,4.077238133787948,3.322068507638203
2023-07-26,4.5051225763656575,4.084912360018701,3.32928805000412
2023-07-27,4.467111253841893,4.033409180828235,3.2938558991578493
2023-07-28,4.512757585277208,4.056061694074814,3.329825045557543
2023-07-31,4.520723393611683,4.071055564877613,3.337907751438343
2023-08-01,4.498552314541664,4.061351222497652,3.3220418652152257
2023-08-02,4.441099847537328,4.017838767134701,3.2736580530040076
2023-08-03,4.427758218747675,3.9936509648656586,3.264192147835129
2023-08-04,4.419915313764764,3.969950161735931,3.2495780352520764
2023-08-07,4.445621927191022,4.010499899860865,3.2730677925531872
2023-08-08,4.426889002864975,3.9897976038995937,3.2521872036864496
2023-08-09,4.410438834962364,3.97338352125515,3.2406793801101554
2023-08-10,4.406058598809693,3.9681496824341305,3.240986497799461
2023-08-11,4.393123710642817,3.9692325265003667,3.227893865825674
2023-08-14,4.403623921914246,3.971923475241861,3.231673899140619
2023-08-15,4.360124939126599,3.9263079660774625,3.1943929983917787
2023-08-16,4.33042342503327,3.8897056516209414,3.167427983258632
2023-08-17,4.308733321019004,3.859419282277621,3.1513383049923855
2023-08-18,4.308495941488225,3.8652999913463875,3.147994187176838
2023-08-21,4.321552298526429,3.866407092426201,3.1584344281300503
2023-08-22,4.314367305380262,3.8644195765390017,3.1527344848643373
2023-08-23,4.364673014626993,3.914496819053411,3.193688684064857
2023-08-24,4.321764405481135,3.8757587520950594,3.162068270782497
2023-08-25,4.3410351338559705,3.893373592036526,3.176674900491757
2023-08-28,4.3676142032318825,3.9227579407198636,3.2009662891851494
2023-08-29,4.422491932043127,3.975826907410996,3.244780056913233
2023-08-30,4.432278110843774,3.9914303902475297,3.2516365169017987
2023-08-31,4.420637887818519,3.9762920002704214,3.23506562577074
2023-09-01,4.428698503088902,3.983448870292059,3.2493172359277933
2023-09-05,4.405031200799737,3.954751104528196,3.2289276700707115
2023-09-06,4.38182604680658,3.935364326408313,3.2101511157080056
2023-09-07,4.370152675653465,3.9377417589626584,3.1969919635918105
2023-09-08,4.375247872464822,3.935235814924364,3.1999521208186303
2023-09-11,4.399716361587509,3.9509569490179177,3.2226931016674922
2023-09-12,4.382847761260637,3.9371478363550647,3.209347772830518
2023-09-13,4.38457506540204,3.9227308892785726,3.205424981778223
2023-09-14,4.414433163821625,3.9713056363775947,3.2358565467044693
2023-09-15,4.375936864823133,3.936566969025095,3.207547906644602
2023-09-18,4.3764165228062275,3.923865202602766,3.203429025600049
2023-09-19,4.363906056262518,3.911832422469684,3.1925040481882627
2023-09-20,4.3359123847752405,3.891538018237175,3.1719531975327233
2023-09-21,4.2688512497689395,3.799917133867557,3.1107532871525643
2023-09-22,4.271900627374001,3.783374616772232,3.1125950348088613
2023-09-25,4.273753373382429,3.791650063888075,3.116458646526611
2023-09-26,4.221926502335595,3.730671908982938,3.069577542022848
2023-09-27,4.219836379861066,3.721735418069311,3.068638165606067
2023-09-28,4.240782803754391,3.748841258198494,3.0855770275965035
2023-09-29,4.234474162491501,3.7475963047354206,3.082984976920396
2023-10-02,4.221614319344888,3.7196108337435407,3.0702008346873635
2023-10-03,4.168760334834011,3.660939522406449,3.026571519555198
2023-10-04,4.193928640912571,3.694606700915689,3.042709885824462
2023-10-05,4.196511867144394,3.701743514027025,3.04733055495081
2023-10-06,4.233259182692669,3.7324449175971353,3.0816016615383655
2023-10-09,4.257954426814365,3.7628519582563107,3.0944251245645455
2023-10-10,4.28013387051806,3.7818152408096273,3.1171280972134126
2023-10-11,4.301589381200002,3.8173559732204327,3.138122394645731
2023-10-12,4.268828838784032,3.781025379779606,3.11084052022252
2023-10-13,4.256420246829938,3.7659379743917594,3.097547945333201
2023-10-16,4.286258575137606,3.8076798228295923,3.128494050388244
2023-10-17,4.278410938183742,3.8053714245753167,3.1257085623896943
2023-10-18,4.226070512275912,3.7425730473115975,3.078648367523674
2023-10-19,4.1921802045388965,3.687371537608148,3.046438146869646
2023-10-20,4.154641482074221,3.650188004399175,3.0118183471917903
2023-10-23,4.151263769849942,3.632151512033689,3.003425994954185
2023-10-24,4.183083021752207,3.6671384275034296,3.032375452538987
2023-10-25,4.128254449588931,3.6041315632415913,2.9863285361623393
2023-10-26,4.103026628354157,3.6052641766821125,2.9702289233903763
2023-10-27,4.088094550872138,3.5722587655973403,2.953984817794753
2023-10-30,4.123409319679153,3.6069174495290044,2.985540819794069
2023-10-31,4.138626859748155,3.6449899566745643,3.00061334618502
2023-11-01,4.181566320836357,3.6772980685522962,3.0294455300033842
2023-11-02,4.252130961797129,3.767883298510085,3.0929141945417884
2023-11-03,4.297366873293525,3.8246696910465063,3.1369039088224007
2023-11-06,4.3015861219852125,3.807454764669779,3.139970048028922
2023-11-07,4.31127349196967,3.8013091132506047,3.139773611438999
2023-11-08,4.312725731063533,3.8079915471367687,3.136927682118418
2023-11-09,4.276349385043109,3.7661329733523004,3.107800127734357
2023-11-10,4.326022390397662,3.8155063784206464,3.146699234531399
2023-11-13,4.321763055826015,3.800683283402078,3.1411785929556286
2023-11-14,4.41012650466146,3.9286665140989787,3.223086412041638
2023-11-15,4.4162903134195775,3.9382370847896353,3.2355808090795044
2023-11-16,4.4181925632903445,3.937699670027861,3.2288073839601266
2023-11-17,4.423989927555028,3.939419664951591,3.2319682099383584
2023-11-20,4.455618146519861,3.969161663513162,3.2607224835901487
2023-11-21,4.445310964188349,3.952766080326059,3.2479519492851967
2023-11-22,4.4566397494230445,3.9697202715587196,3.25593332704376
2023-11-24,4.455273221247715,3.9757936513394605,3.258848161171701
2023-11-27,4.453216463975171,3.977327411355047,3.253467518068582
2023-11-28,4.465954977814925,3.990302359143099,3.265469709991794
2023-11-29,4.465920234090452,3.9998592815530722,3.2622311672954507
2023-11-30,4.4767183664130625,4.021032127910291,3.2749477695442164
2023-12-01,4.5081168696036285,4.075424888491907,3.301405662785563
2023-12-04,4.484371553933662,4.075074386563609,3.2846846494065916
2023-12-05,4.484639035722869,4.063377392722265,3.276010907215031
2023-12-06,4.474129414236391,4.048760439154133,3.2656119859062818
2023-12-07,4.49937044348551,4.071685444836796,3.286005129172381
2023-12-08,4.504326798625481,4.079466918598956,3.2906749787407126
2023-12-11,4.519540545714212,4.093481458547758,3.303871104952452
2023-12-12,4.535278344084267,4.103758763703688,3.312679407912176
2023-12-13,4.599044873583502,4.200281208424628,3.3734622523017745
2023-12-14,4.629954133402369,4.257126174342358,3.410192161007313
2023-12-15,4.616599613490966,4.228488664582463,3.3924597931274465
2023-12-18,4.630515608510045,4.238732704756633,3.401859556835751
2023-12-19,4.6561514721515485,4.26712053207055,3.425180556020327
2023-12-20,4.60491621617588,4.210902523716181,3.376415819808746
2023-12-21,4.645548590390624,4.249784269725615,3.413650989017243
2023-12-22,4.648136419409484,4.261560354215244,3.4176939190493454
2023-12-26,4.6686715949233495,4.285058471307228,3.436782984614319
2023-12-27,4.684219220746735,4.298124249400127,3.447801755836004
2023-12-28,4.6895925828323275,4.31148611128221,3.458856373710103
2023-12-29,4.676571728559988,4.283238500672035,3.4434750026176406
2024-01-02,4.650218129361242,4.283955761628165,3.431136044241031
2024-01-03,4.618366267360871,4.221375291612705,3.392710107017453
2024-01-04,4.602988543120137,4.210143540764634,3.382772257925468
2024-01-05,4.605191224948297,4.2092402525423696,3.3844320240054127
2024-01-08,4.654675439748215,4.2694008951932325,3.425668531934658
2024-01-09,4.6400043925460075,4.253935876783348,3.4087014317531557
2024-01-10,4.653845253459237,4.270320639447749,3.420023290367308
2024-01-11,4.658199440098689,4.253394471884661,3.4134639585969446
2024-01-12,4.665216613055745,4.265311990345365,3.421774314862513
2024-01-16,4.631515617942149,4.24340608504125,3.395310408421147
2024-01-17,4.60023133537544,4.198376800204925,3.3610529971246303
2024-01-18,4.629367650970211,4.212028099354012,3.378909875598536
2024-01-19,4.6750644894248365,4.263716855444578,3.4196399788517695
2024-01-22,4.678934199402014,4.27915587839914,3.424391002506333
2024-01-23,4.689342435684729,4.275244871596322,3.429222961724384
2024-01-24,4.6945631557446035,4.254309462416087,3.4255325586337677
2024-01-25,4.71819318488784,4.289588890894497,3.447997509364482
2024-01-26,4.713260673695189,4.281569570248256,3.4434131235607475
2024-01-29,4.742406492066498,4.313279899742125,3.4657333917903173
2024-01-30,4.73513166629557,4.295632801474801,3.4522296226150373
2024-01-31,4.684137188416998,4.236695348419857,3.4070414770691277
2024-02-01,4.737780912481287,4.300375775107083,3.4539200580777316
2024-02-02,4.757602089913692,4.307443759152156,3.4644633760410892
2024-02-05,4.7358534465491555,4.263233976702234,3.4403215104539897
2024-02-06,4.765491247520703,4.292581176671225,3.46899081157282
2024-02-07,4.789883979352644,4.312432190546353,3.486287911774276
2024-02-08,4.786693189229605,4.326876798374936,3.490833092334811
2024-02-09,4.807306478183288,4.344551266009857,3.507009929791643
2024-02-12,4.8109570352536135,4.343816313864115,3.5116962308417867
2024-02-13,4.744286084553603,4.272124241995398,3.454979124155503
2024-02-14,4.786290975155495,4.3088688355245,3.489118473946264
2024-02-15,4.817146511117804,4.366643884589816,3.5231309901374543
2024-02-16,4.799714419631018,4.3355415034662546,3.5086032770471074
2024-02-20,4.783965164404296,4.3181332748751675,3.4968443813243155
2024-02-21,4.78631022846977,4.330133278182759,3.503894168129104
2024-02-22,4.857900237201435,4.387028127370469,3.5556811583571144
2024-02-23,4.862921781458512,4.388029807318685,3.5564668466749514
2024-02-26,4.844541236482589,4.359234607596803,3.5377137674532633
2024-02-27,4.850697787658165,4.366186411508582,3.5439057308509034
2024-02-28,4.841954407126017,4.380157186893529,3.5388880944377217
2024-02-29,4.856683263456102,4.404429882792762,3.5529077320301887
2024-03-01,4.900525451710079,4.4502342437267135,3.5900876302711593
2024-03-04,4.895372884575122,4.464008933854933,3.5929668750423067
2024-03-05,4.860256970501719,4.4155591230167115,3.556263944319997
2024-03-06,4.887585049734339,4.437781557446376,3.5808455147711524
2024-03-07,4.924855132798955,4.463732564724642,3.6063364690240762
2024-03-08,4.90804651249938,4.468177546249214,3.601005852915345
2024-03-11,4.904751315639436,4.457256820117018,3.5972257741697935
2024-03-12,4.943324137668601,4.482146346955073,3.6252982031976844
2024-03-13,4.933639800498485,4.4689241116969844,3.61575557239077
2024-03-14,4.915490309105287,4.437042362267703,3.595938408115816
2024-03-15,4.889051903993176,4.4146670112842825,3.5754955515209503
2024-03-18,4.908275760966862,4.431382119217711,3.589744867238582
2024-03-19,4.925105122523777,4.445723342578554,3.5985642252546617
2024-03-20,4.96513221786599,4.482186480199582,3.6309192420566636
2024-03-21,4.978701224654162,4.503871829133931,3.6448574262911086
2024-03-22,4.968355497062614,4.476476537236843,3.625998762170171
2024-03-25,4.957000016388854,4.458211348407394,3.615342723996987
2024-03-26,4.950655980324529,4.44617165631721,3.6075620360798246
2024-03-27,4.986834195588585,4.513533335554651,3.6478413096332023
2024-03-28,4.988841481327819,4.525571719476422,3.6555086145461533
2024-04-01,4.974492808850183,4.490934018645809,3.6387425232125077
2024-04-02,4.952659996074807,4.451478629261909,3.6163166646665794
2024-04-03,4.95743718134698,4.456321734742077,3.6200398691141884
2024-04-04,4.916308370632098,4.411935605275893,3.585776266216849
2024-04-05,4.9478650476409864,4.448914536999518,3.613943009347258
2024-04-08,4.955098841798717,4.468970903289684,3.627828860224129
2024-04-09,4.968754426268332,4.495392196718478,3.645389070157142
2024-04-10,4.906558406499706,4.39479080425315,3.5806773783282315
2024-04-11,4.934303553704401,4.419434126971198,3.603469329569376
2024-04-12,4.875332402172772,4.367165730233815,3.5493974143764033
2024-04-15,4.823992096714679,4.308856158673013,3.505278228938868
2024-04-16,4.803226826737767,4.284231332934039,3.482345105740802
2024-04-17,4.7884201897255485,4.261058680623543,3.4638651772660807
2024-04-18,4.782620685510661,4.254855490741369,3.4621492127813163
2024-04-19,4.756861462169089,4.239224660293299,3.44507987331772
2024-04-22,4.793344439406788,4.274512202750112,3.477544069397901
2024-04-23,4.837431201739014,4.317889639834561,3.5144630771923073
2024-04-24,4.8364199127126595,4.318150990468048,3.517079329102723
2024-04-25,4.822904778567302,4.299555384091317,3.5060482621541773
2024-04-26,4.860936834469724,4.325531630354286,3.533686356256671
2024-04-29,4.883744969737986,4.349587388237405,3.555299862689931
2024-04-30,4.819061385939187,4.283759777723302,3.4993672259459747
2024-05-01,4.813949253171333,4.277251576270149,3.493466392381874
2024-05-02,4.867374977360973,4.321644048124393,3.5402723791244797
2024-05-03,4.91668782047394,4.36472294202537,3.5775281003652535
2024-05-06,4.948633687002802,4.393251745314752,3.600886093395293
2024-05-07,4.951909176597875,4.409806702080688,3.6069104724562977
2024-05-08,4.948323361838929,4.397764104045789,3.600660938529383
2024-05-09,4.974425503979434,4.44158786448856,3.631147179324633
2024-05-10,4.97715558434718,4.441336790176552,3.6334513232498478
2024-05-13,4.984557327094297,4.442616087582415,3.6415532223449993
2024-05-14,5.006901962925734,4.459650100819943,3.6611095018647077
2024-05-15,5.062237789870151,4.504638439622633,3.7062838218666263
2024-05-16,5.056280982827344,4.497028262284922,3.7027158674451672
2024-05-17,5.060814201288946,4.495210770448301,3.709033152101006
2024-05-20,5.059092995145399,4.496678502958946,3.7044641724481346
2024-05-21,5.063506512836075,4.5066547381965725,3.705065620099121
2024-05-22,5.048796229830554,4.496605206079592,3.6895789833210544
2024-05-23,5.012895570657386,4.4718045712843635,3.6520649419328586
2024-05-24,5.036317559485495,4.491659956813293,3.6692050517795267
2024-05-28,5.031183050264845,4.485265444307164,3.6649740718146804
2024-05-29,4.992384630220088,4.459441889802825,3.6316115885693336
2024-05-30,4.978248356111325,4.4498517453026025,3.625367881963791
2024-05-31,5.0058740655557346,4.4799497983728465,3.6518478247602144
2024-06-03,5.02164309738453,4.492907670232798,3.6594347486572536
2024-06-04,5.0199703845793655,4.502398119915012,3.6575448857851187
2024-06-05,5.07077430430452,4.540115693413234,3.6943288128505065
2024-06-06,5.075233929722644,4.5406196988139405,3.6992602370339487
2024-06-07,5.051787560045813,4.521396554435619,3.6814283448793574
2024-06-10,5.0657007644087475,4.528371063581363,3.695048890478116
2024-06-11,5.0731303888313395,4.541105812696368,3.695252732137067
2024-06-12,5.112872637437982,4.572106307006142,3.7274310072430112
2024-06-13,5.123372001351028,4.586828060988791,3.733402479982358
2024-06-14,5.1271390662278815,4.590379188175785,3.735426589121492
2024-06-17,5.152220685979321,4.605723667217711,3.754802915032396
2024-06-18,5.171767625123622,4.619341849022232,3.7701826225324764
2024-06-20,5.159509399101758,4.6085941047748715,3.760615189317512
2024-06-21,5.1533162270336375,4.605061724517107,3.7569948207253976
2024-06-24,5.145826231367265,4.597555996313498,3.7556594360770164
2024-06-25,5.152959345793016,4.608004006843807,3.7530297154698475
2024-06-26,5.149968433410144,4.603208224638471,3.751930808329842
2024-06-27,5.159451549436751,4.610586786907289,3.7635016283261304
2024-06-28,5.145492901358726,4.590639741446586,3.7621336016740616
2024-07-01,5.1460558543025705,4.586571064452122,3.7610689803630475
2024-07-02,5.173979157043623,4.611269300206811,3.782152011371959
2024-07-03,5.204547329702406,4.633523125256417,3.8021929098316387
2024-07-05,5.231837638757407,4.658927539050443,3.820585142118247
2024-07-08,5.236803729482921,4.662749038245479,3.8259406037081054
2024-07-09,5.242155642662465,4.663803349271667,3.8310292127551375
2024-07-10,5.281167868902281,4.693672384339789,3.8638872014961145
2024-07-11,5.2702167159237305,4.67845434297418,3.8708419263945744
2024-07-12,5.298388422435124,4.701309280746788,3.8945940343406424
2024-07-15,5.297027007635963,4.702593183135753,3.8984337569795446
2024-07-16,5.32799263224757,4.727019255988986,3.9264697279223513
2024-07-17,5.2719624714319275,4.688402946572044,3.8867608873809583
2024-07-18,5.234846493518648,4.661664307201306,3.854694527109233
2024-07-19,5.203632181811578,4.639337386673052,3.830773239253876
2024-07-22,5.24496981947893,4.667125151633875,3.8689386556775025
2024-07-23,5.232829193042159,4.662546142882985,3.858207399680023
2024-07-24,5.142452344883459,4.593517439099503,3.783202800799205
2024-07-25,5.1251052933189545,4.584441942703684,3.7658882954365738
2024-07-26,5.175681245497572,4.621534552903349,3.8124649400409414
2024-07-29,5.178012716542812,4.6262005039506215,3.815632518900264
2024-07-30,5.161788966891386,4.61418509492311,3.8072928235431736
2024-07-31,5.233594172322571,4.668734408754993,3.8567718029176046
2024-08-01,5.182167410606169,4.63730905989738,3.8197998955872783
2024-08-02,5.124547006994896,4.607546425612923,3.766947815498303
2024-08-05,5.005512172755535,4.52772775184513,3.6582173162600786
2024-08-06,5.036004392447617,4.540310957136841,3.6980582374201667
2024-08-07,5.015463831120463,4.516965893429759,3.6820650423438814
2024-08-08,5.102231185997628,4.574578002612185,3.7559733053731352
2024-08-09,5.124698919545857,4.593077176357684,3.7734945895186796
2024-08-12,5.128630092443917,4.597662816631751,3.7694354655224616
2024-08-13,5.194040015837155,4.65039041783414,3.8211504788226134
2024-08-14,5.202330437070977,4.662554547291991,3.8279525333857074
2024-08-15,5.259879474546672,4.702992681086058,3.8729262844504886
2024-08-16,5.2783425285576175,4.713833195002426,3.884178151196918
2024-08-19,5.319772661860599,4.743267353023923,3.920185668897315
2024-08-20,5.311219739168397,4.744098282884758,3.910730008210682
2024-08-21,5.32873570355614,4.757532644713902,3.9262727455265405
2024-08-22,5.290233505296555,4.7272150736696705,3.9033982545774433
2024-08-23,5.347940828368389,4.766262033838376,3.959416156895598
2024-08-26,5.33252987728415,4.7576733340837905,3.948482396655723
2024-08-27,5.338763028177332,4.762208762586459,3.9540128227370435
2024-08-28,5.313122766216583,4.743690798796623,3.9327416117066996
2024-08-29,5.311572427616527,4.741550850205974,3.930153536182205
2024-08-30,5.344055812635433,4.764680656152992,3.9635733164093394
2024-09-03,5.266057031024966,4.7125145819766985,3.9025676929508455
2024-09-04,5.264741905067678,4.714817796867241,3.900487666360229
2024-09-05,5.259902810140759,4.712703112297963,3.8923048542474383
2024-09-06,5.19371599734472,4.667281522789953,3.8419011001711705
2024-09-09,5.239506093117803,4.701339941604113,3.8833492764470496
2024-09-10,5.2576352610444275,4.7193845715419505,3.906048007039624
2024-09-11,5.294757318743403,4.747877524106317,3.9325735335245184
2024-09-12,5.328199354148858,4.770302348187239,3.961540399824245
2024-09-13,5.353777569614298,4.789268596106547,3.9869918446671404
2024-09-16,5.3645364376873275,4.798008585796311,3.9957992934193816
2024-09-17,5.36369848245624,4.79733800823911,3.9906144477024457
2024-09-18,5.347703956023842,4.782778477080506,3.980170423099318
2024-09-19,5.419377353100169,4.832394630109674,4.034122872931267
2024-09-20,5.409999338383949,4.825630912540137,4.024753503955291
2024-09-23,5.426727702016083,4.83223697321099,4.045295608973953
2024-09-24,5.464942077869265,4.843273433397735,4.0748400022383855
2024-09-25,5.4430528570046235,4.829509269913123,4.056094751245066
2024-09-26,5.483336336918154,4.841577290434262,4.080195302086791
2024-09-27,5.4803087876551,4.84266748679049,4.076605267138217
2024-09-30,5.479919704020706,4.850248090104363,4.083464913566257
2024-10-01,5.457082022465414,4.828619615008828,4.05977625463423
2024-10-02,5.471608857512749,4.825949316285109,4.0702303719018476
2024-10-03,5.448668516325784,4.812929929599533,4.049034168541184
2024-10-04,5.47805011277208,4.8275278426897374,4.072585043940883
2024-10-07,5.44909786196673,4.794384563503705,4.04746200040492
2024-10-08,5.461450338319523,4.825344405900635,4.05586287233558
2024-10-09,5.477475669228229,4.841048679432435,4.070345755711438
2024-10-10,5.470151721779776,4.834798067690316,4.058751677240174
2024-10-11,5.499446706899457,4.852744147029068,4.0889486616349755
2024-10-14,5.524159967988807,4.87484919225646,4.112124759165767
2024-10-15,5.487909684029902,4.859782519505916,4.090648356517624
2024-10-16,5.513236961071703,4.8749950286439265,4.117197267071094
2024-10-17,5.504878340866339,4.86571267877657,4.108511466712937
2024-10-18,5.528753204469318,4.878348098189327,4.131824279836757
2024-10-21,5.504619793061715,4.860092476352057,4.103593648201737
2024-10-22,5.501655644306764,4.8589215389715195,4.102282942061838
2024-10-23,5.46547074590919,4.827232276588555,4.083031897279537
2024-10-24,5.474039950459912,4.837220175971829,4.089470790506005
2024-10-25,5.4673922153433745,4.832322532332083,4.078722155855607
2024-10-28,5.480537451845874,4.838218419400826,4.09224015426461
2024-10-29,5.482567231217606,4.845088995955587,4.0871369451234125
2024-10-30,5.464695509764265,4.834286304297576,4.0776851723933
2024-10-31,5.3888175145474895,4.776674162938898,4.008807192870204
2024-11-01,5.396244376701973,4.781140619307168,4.008874910929666
2024-11-04,5.400933296752149,4.782952712527804,4.017711574180971
2024-11-05,5.457785568393882,4.822117703757072,4.068428428781612
2024-11-06,5.516513954214342,4.879259267746352,4.100269057851663
2024-11-07,5.571746796326693,4.916702172328359,4.1452854344068975
2024-11-08,5.572305685494175,4.932881341833382,4.152645340258826
2024-11-11,5.565772432048252,4.931304144595119,4.144932467608475
2024-11-12,5.530079014139792,4.910690951975716,4.11088558799734
2024-11-13,5.528051902621343,4.911727231937034,4.11296110823255
2024-11-14,5.498632659835839,4.8919077099621235,4.084676721259555
2024-11-15,5.454980804016066,4.854465406616624,4.0534416037663625
2024-11-18,5.480592149043427,4.868152618870653,4.077891467954739
2024-11-19,5.495298060991308,4.8816016891361835,4.091015225460426
2024-11-20,5.494154064063269,4.880592553668643,4.089870826396468
2024-11-21,5.512391553239276,4.895292554690965,4.1087278022311535
2024-11-22,5.526058721749222,4.905806400382365,4.123785211342173
2024-11-25,5.551441496596892,4.93341246680439,4.146120596914881
2024-11-26,5.565812701268614,4.9458655131967,4.160263706238559
2024-11-27,5.561063508802408,4.942251170745354,4.159911085521778
2024-11-29,5.586598679578174,4.968476453174209,4.172121287191916
2024-12-02,5.5917967224764835,4.97406607919202,4.16493517767193
2024-12-03,5.591586762506629,4.971640530981158,4.1625892364399
2024-12-04,5.617821923874832,4.99663480401079,4.177350789087151
2024-12-05,5.616783266484958,4.992083220547692,4.175373202349059
2024-12-06,5.624699991044249,5.003396896282041,4.177684685046419
2024-12-09,5.620524656205694,4.982075401644432,4.181298975604825
2024-12-10,5.591375366128676,4.970367249949839,4.148063063002342
2024-12-11,5.618460737332233,4.988776300410742,4.168277211285362
2024-12-12,5.591782089655832,4.965254365662739,4.1501713400329985
2024-12-13,5.587121506215679,4.957216589628324,4.147734356051684
2024-12-16,5.597688996079037,4.971781474198701,4.151246937705407
2024-12-17,5.580038645344027,4.959422616723265,4.134782023253568
2024-12-18,5.438565247008466,4.855371006893652,4.006014698012188
2024-12-19,5.433373199588453,4.849434480609775,3.994319597052121
2024-12-20,5.484252566910212,4.889483652057716,4.040701097047213
2024-12-23,5.507020013980015,4.900986391630836,4.062883462896903
2024-12-24,5.550624183677204,4.935993278236748,4.098357571214994
2024-12-26,5.5495711541392945,4.937605115699161,4.098318507728563
2024-12-27,5.504621328803918,4.902170011415897,4.0599691920944085
2024-12-30,5.461753502950229,4.876161142284379,4.021644035731062
